,도로조건,계약면적(㎡),건축년도,year,month,coivd,price_per_m2,전월세구분_월세,전월세구분_전세
0,25,12.0,2016,2019,2,0,702.9166666666666,True,False
1,8,12.0,2016,2019,1,0,375.0,False,True
2,8,14.2,2016,2019,6,0,531.3380281690141,True,False
3,12,14.85,2019,2019,2,0,588.2154882154882,True,False
4,12,14.85,2019,2019,8,0,547.8787878787879,True,False
5,12,15.0,2008,2019,1,0,622.0,True,False
6,8,15.0,2015,2019,11,0,380.4,True,False
7,8,15.0,2015,2019,12,0,333.3333333333333,False,True
8,8,16.0,2016,2019,2,0,187.5,False,True
9,8,18.0,2018,2019,11,0,343.1111111111111,True,False
10,12,18.0,2015,2019,12,0,500.3333333333333,True,False
11,12,18.0,2018,2019,7,0,222.22222222222223,False,True
12,8,18.0,2016,2019,2,0,277.77777777777777,False,True
13,12,18.0,2019,2019,2,0,277.77777777777777,False,True
14,12,18.3,2009,2019,1,0,387.54098360655735,True,False
15,8,18.5,2019,2019,2,0,486.81081081081084,True,False
16,12,18.5,2011,2019,12,0,270.27027027027026,False,True
17,12,20.0,2002,2019,1,0,349.6,True,False
18,12,20.0,2018,2019,2,0,402.95,True,False
19,12,20.0,2018,2019,8,0,318.2,True,False
20,8,20.0,2012,2019,8,0,418.65,True,False
21,8,20.0,2018,2019,8,0,422.75,True,False
22,8,20.0,2017,2019,7,0,305.55,True,False
23,12,20.0,1989,2019,1,0,349.05,True,False
24,12,20.0,2006,2019,12,0,258.8,True,False
25,8,20.0,2016,2019,12,0,225.0,False,True
26,12,20.0,2014,2019,1,0,200.0,False,True
27,8,20.0,2015,2019,2,0,225.0,False,True
28,8,20.0,2016,2019,2,0,250.0,False,True
29,8,20.0,2019,2019,8,0,250.0,False,True
30,8,20.0,2019,2019,12,0,250.0,False,True
31,12,20.0,2015,2019,11,0,175.0,False,True
32,8,20.0,2014,2019,12,0,200.0,False,True
33,8,20.0,2014,2019,12,0,200.0,False,True
34,12,20.0,2014,2019,8,0,150.0,False,True
35,8,20.0,2019,2019,11,0,250.0,False,True
36,12,20.1,2014,2019,2,0,234.12935323383084,True,False
37,12,20.1,2014,2019,7,0,248.75621890547262,False,True
38,12,20.3,2011,2019,12,0,221.67487684729062,False,True
39,12,20.3,2010,2019,11,0,246.30541871921181,False,True
40,12,20.83,1989,2019,1,0,313.39414306289007,True,False
41,12,21.0,2007,2019,1,0,445.57142857142856,True,False
42,12,21.0,2008,2019,6,0,445.57142857142856,True,False
43,12,21.0,2009,2019,2,0,406.42857142857144,True,False
44,8,22.0,1989,2019,1,0,233.27272727272728,True,False
45,8,22.0,2012,2019,12,0,429.1363636363636,True,False
46,12,22.5,2007,2019,2,0,265.8666666666667,True,False
47,12,23.0,2011,2019,12,0,258.30434782608694,True,False
48,8,23.0,1989,2019,12,0,336.04347826086956,True,False
49,12,23.0,2011,2019,11,0,258.30434782608694,True,False
50,12,23.0,1989,2019,7,0,195.65217391304347,False,True
51,8,23.0,2016,2019,2,0,195.65217391304347,False,True
52,12,23.0,2011,2019,11,0,217.3913043478261,False,True
53,12,23.1,2014,2019,9,0,226.06060606060603,True,False
54,12,23.1,2014,2019,10,0,173.16017316017314,False,True
55,12,23.4,2018,2019,2,0,192.30769230769232,False,True
56,8,24.0,2017,2019,12,0,394.8333333333333,True,False
57,8,25.0,1989,2019,12,0,290.36,True,False
58,12,25.0,2012,2019,3,0,308.24,True,False
59,8,25.0,2014,2019,1,0,292.76,True,False
60,12,25.0,2007,2019,1,0,382.28,True,False
61,12,25.0,2007,2019,4,0,310.88,True,False
62,12,25.0,2008,2019,7,0,344.44,True,False
63,8,25.0,2008,2019,1,0,329.0,True,False
64,8,25.0,2016,2019,1,0,338.88,True,False
65,12,25.0,2010,2019,2,0,350.84,True,False
66,12,25.0,2011,2019,2,0,396.48,True,False
67,12,25.0,2006,2019,1,0,325.0,True,False
68,12,25.0,2010,2019,12,0,369.64,True,False
69,8,25.0,1991,2019,8,0,321.8,True,False
70,12,25.0,2008,2019,12,0,377.64,True,False
71,8,25.0,2013,2019,8,0,324.36,True,False
72,12,25.0,2006,2019,10,0,257.6,True,False
73,12,25.0,2010,2019,2,0,369.64,True,False
74,12,25.0,2018,2019,2,0,298.36,True,False
75,8,25.0,2009,2019,12,0,315.28,True,False
76,12,25.0,2012,2019,7,0,270.68,True,False
77,12,25.0,2010,2019,12,0,377.64,True,False
78,12,25.0,2011,2019,2,0,396.48,True,False
79,8,25.0,2008,2019,2,0,341.4,True,False
80,12,25.0,2015,2019,2,0,349.4,True,False
81,8,25.0,2013,2019,2,0,367.04,True,False
82,12,25.0,2007,2019,3,0,239.28,True,False
83,12,25.0,2007,2019,12,0,328.0,True,False
84,12,25.0,2006,2019,2,0,303.76,True,False
85,12,25.0,2010,2019,12,0,330.6,True,False
86,8,25.0,2011,2019,12,0,397.88,True,False
87,12,25.0,2010,2019,8,0,352.36,True,False
88,12,25.0,2014,2019,2,0,296.48,True,False
89,12,25.0,2006,2019,7,0,340.88,True,False
90,12,25.0,2015,2019,12,0,388.48,True,False
91,12,25.0,1988,2019,2,0,266.12,True,False
92,12,25.0,2007,2019,11,0,379.04,True,False
93,8,25.0,2008,2019,12,0,283.52,True,False
94,12,25.0,2010,2019,11,0,201.16,True,False
95,8,25.0,1987,2019,1,0,347.08,True,False
96,12,25.0,2006,2019,12,0,435.52,True,False
97,12,25.0,2012,2019,1,0,391.32,True,False
98,12,25.0,2008,2019,1,0,382.28,True,False
99,12,25.0,2007,2019,2,0,178.84,True,False
100,25,25.0,1990,2019,1,0,374.28,True,False
101,12,25.0,2011,2019,12,0,350.84,True,False
102,8,25.0,2002,2019,12,0,396.48,True,False
103,12,25.0,2014,2019,1,0,365.2,True,False
104,8,25.0,2015,2019,12,0,294.12,True,False
105,12,25.0,2019,2019,12,0,240.0,False,True
106,8,25.0,2019,2019,8,0,200.0,False,True
107,12,25.0,2017,2019,12,0,200.0,False,True
108,12,25.0,2009,2019,2,0,180.0,False,True
109,12,25.0,2007,2019,11,0,200.0,False,True
110,12,25.0,2019,2019,11,0,240.0,False,True
111,12,25.0,2010,2019,1,0,180.0,False,True
112,12,25.0,2017,2019,11,0,200.0,False,True
113,12,25.0,2017,2019,2,0,200.0,False,True
114,12,25.0,2017,2019,2,0,200.0,False,True
115,12,25.0,2017,2019,12,0,200.0,False,True
116,8,25.0,2018,2019,11,0,200.0,False,True
117,12,25.0,2014,2019,2,0,160.0,False,True
118,12,25.0,2017,2019,11,0,200.0,False,True
119,8,25.0,2019,2019,12,0,200.0,False,True
120,12,25.3,2009,2019,12,0,197.62845849802372,False,True
121,8,26.0,1989,2019,2,0,270.15384615384613,True,False
122,12,26.0,2007,2019,12,0,381.2307692307692,True,False
123,25,26.0,2013,2019,2,0,296.38461538461536,True,False
124,8,26.0,2016,2019,2,0,192.30769230769232,False,True
125,12,26.4,1988,2019,2,0,235.53030303030303,True,False
126,12,26.4,2012,2019,12,0,393.25757575757575,True,False
127,8,26.4,1988,2019,2,0,257.1212121212121,True,False
128,8,26.45,2012,2019,12,0,367.1833648393195,True,False
129,12,27.0,2007,2019,4,0,260.81481481481484,True,False
130,12,28.0,2007,2019,6,0,325.14285714285717,True,False
131,8,28.0,1989,2019,2,0,276.0357142857143,True,False
132,12,28.0,1989,2019,12,0,219.53571428571428,True,False
133,8,28.0,2013,2019,1,0,325.14285714285717,True,False
134,8,28.3,1997,2019,11,0,339.6466431095406,True,False
135,8,28.3,1997,2019,11,0,339.6466431095406,True,False
136,12,28.4,2008,2019,2,0,415.2816901408451,True,False
137,8,29.0,2016,2019,2,0,254.55172413793105,True,False
138,8,29.0,1987,2019,12,0,234.06896551724137,True,False
139,8,29.0,2016,2019,12,0,155.17241379310346,False,True
140,12,30.0,2007,2019,6,0,217.93333333333334,True,False
141,12,30.0,2006,2019,1,0,284.26666666666665,True,False
142,12,30.0,2017,2019,7,0,284.06666666666666,True,False
143,12,30.0,2010,2019,12,0,487.26666666666665,True,False
144,8,30.0,2011,2019,8,0,257.26666666666665,True,False
145,12,30.0,2007,2019,12,0,315.8666666666667,True,False
146,12,30.0,2007,2019,12,0,315.8666666666667,True,False
147,8,30.0,2018,2019,12,0,329.4,True,False
148,12,30.0,2007,2019,11,0,262.73333333333335,True,False
149,8,30.0,1989,2019,12,0,249.8,True,False
150,12,30.0,2008,2019,2,0,291.1666666666667,True,False
151,12,30.0,2011,2019,11,0,223.53333333333333,True,False
152,25,30.0,1990,2019,1,0,311.9,True,False
153,8,30.0,2012,2019,1,0,311.9,True,False
154,12,30.0,2010,2019,8,0,256.6666666666667,True,False
155,8,30.0,2013,2019,2,0,246.46666666666667,True,False
156,12,30.0,2007,2019,12,0,346.06666666666666,True,False
157,8,30.0,2017,2019,1,0,289.23333333333335,True,False
158,12,30.0,2019,2019,3,0,233.33333333333334,False,True
159,8,30.0,2018,2019,10,0,200.0,False,True
160,8,30.0,2017,2019,11,0,166.66666666666666,False,True
161,8,30.0,2018,2019,10,0,200.0,False,True
162,12,30.0,2011,2019,11,0,166.66666666666666,False,True
163,8,30.0,2013,2019,12,0,166.66666666666666,False,True
164,12,31.0,1996,2019,1,0,262.0967741935484,True,False
165,12,31.7,1988,2019,2,0,209.87381703470032,True,False
166,12,32.3,2018,2019,9,0,222.5696594427245,True,False
167,12,33.0,2014,2019,2,0,141.6969696969697,True,False
168,12,33.0,2007,2019,2,0,300.3636363636364,True,False
169,12,33.0,2008,2019,1,0,269.8181818181818,True,False
170,12,33.0,2006,2019,8,0,280.1515151515151,True,False
171,12,33.0,2006,2019,8,0,280.1515151515151,True,False
172,12,33.0,2007,2019,12,0,287.1515151515151,True,False
173,12,33.0,2009,2019,2,0,286.09090909090907,True,False
174,12,33.0,2012,2019,12,0,286.09090909090907,True,False
175,12,33.0,2010,2019,10,0,251.27272727272728,True,False
176,8,33.0,2012,2019,12,0,280.030303030303,True,False
177,12,33.0,2006,2019,12,0,314.6060606060606,True,False
178,12,33.0,2006,2019,12,0,314.6060606060606,True,False
179,8,33.0,2003,2019,12,0,215.72727272727272,True,False
180,12,33.0,2014,2019,7,0,121.21212121212122,False,True
181,12,35.56,2014,2019,2,0,140.607424071991,False,True
182,12,39.6,2009,2019,9,0,101.01010101010101,False,True
183,12,40.0,2011,2019,1,0,228.3,True,False
184,12,42.9,2008,2019,12,0,324.965034965035,True,False
185,12,42.9,2008,2019,1,0,302.14452214452217,True,False
186,25,45.0,1989,2019,12,0,133.33333333333334,False,True
187,12,48.0,2007,2019,12,0,135.41666666666666,False,True
188,12,48.0,2007,2019,1,0,135.41666666666666,False,True
189,12,50.0,2007,2019,11,0,197.64,True,False
190,12,50.0,2011,2019,1,0,149.62,True,False
191,12,50.0,2007,2019,12,0,190.58,True,False
192,12,50.0,2011,2019,12,0,160.0,False,True
193,12,53.33,1973,2019,3,0,163.24770298143633,True,False
194,12,55.0,2008,2019,6,0,214.92727272727274,True,False
195,12,59.0,2016,2019,11,0,169.4915254237288,False,True
196,8,59.4,2018,2019,12,0,254.006734006734,True,False
197,8,65.0,2015,2019,2,0,226.24615384615385,True,False
198,12,65.1,2007,2019,1,0,241.42857142857144,True,False
199,12,66.0,2011,2019,2,0,147.06060606060606,True,False
200,8,69.8,2016,2019,11,0,200.5730659025788,True,False
201,12,70.0,2007,2019,12,0,145.37142857142857,True,False
202,12,95.08,2006,2019,7,0,161.2641985696256,True,False
203,12,100.96,2007,2019,7,0,118.85895404120444,False,True
204,8,102.36,2005,2019,7,0,106.37944509574052,True,False
205,8,115.0,2018,2019,3,0,126.3391304347826,True,False
206,12,128.4,2006,2019,12,0,62.76479750778816,True,False
207,8,40.0,2019,2019,6,0,233.5,True,False
208,8,40.0,1973,2019,12,0,125.0,False,True
209,8,41.19,1971,2019,12,0,162.8065064336004,True,False
210,12,46.0,1979,2019,1,0,43.47826086956522,False,True
211,8,46.2,2019,2019,7,0,190.0,True,False
212,8,46.2,2019,2019,7,0,199.6103896103896,True,False
213,12,49.58,1954,2019,11,0,105.00201694231545,True,False
214,8,50.0,2011,2019,4,0,150.56,True,False
215,12,50.0,2018,2019,1,0,120.0,False,True
216,8,55.0,2019,2019,6,0,163.63636363636363,False,True
217,8,55.0,2019,2019,6,0,181.8181818181818,False,True
218,12,55.0,2018,2019,1,0,154.54545454545453,False,True
219,8,59.5,2017,2019,2,0,124.0672268907563,True,False
220,8,66.15,1992,2019,5,0,110.9599395313681,True,False
221,8,69.19,1971,2019,6,0,79.4912559618442,False,True
222,8,73.5,1990,2019,9,0,54.42176870748299,False,True
223,8,76.13,1982,2019,2,0,102.45632470773677,False,True
224,12,81.42,1982,2019,9,0,107.81134856300663,True,False
225,12,82.5,1992,2019,8,0,72.72727272727273,False,True
226,8,23.0,2008,2019,6,0,309.2608695652174,True,False
227,8,27.0,2011,2019,12,0,248.37037037037038,True,False
228,8,29.7,2015,2019,1,0,280.80808080808083,True,False
229,12,29.75,2015,2019,2,0,203.6638655462185,True,False
230,25,33.0,2012,2019,1,0,269.8181818181818,True,False
231,8,33.0,2015,2019,3,0,244.21212121212122,True,False
232,8,33.0,2015,2019,4,0,269.8181818181818,True,False
233,8,39.6,2015,2019,6,0,185.58080808080808,True,False
234,8,40.0,2015,2019,12,0,125.0,False,True
235,8,52.89,2011,2019,1,0,180.14747589336358,True,False
236,8,60.03,1971,2019,5,0,108.7456271864068,True,False
237,8,96.4,2017,2019,3,0,231.87759336099583,True,False
238,8,96.4,2017,2019,2,0,231.87759336099583,True,False
239,8,41.25,2000,2019,6,0,150.4969696969697,True,False
240,12,33.0,2017,2019,2,0,300.3636363636364,True,False
241,8,65.55,2017,2019,4,0,183.0663615560641,False,True
242,12,65.63,2016,2019,12,0,92.62532378485449,True,False
243,25,69.42,2019,2019,11,0,111.00547392682223,True,False
244,12,83.28,1994,2019,7,0,96.06147934678194,False,True
245,25,103.82,2017,2019,7,0,91.50452706607591,False,True
246,12,19.8,2018,2019,5,0,482.67676767676767,True,False
247,12,30.0,2014,2019,12,0,206.06666666666666,True,False
248,12,56.1,2012,2019,7,0,173.90374331550802,True,False
249,8,75.6,1980,2019,7,0,119.04761904761905,False,True
250,12,75.9,2006,2019,4,0,52.700922266139656,False,True
251,12,80.0,2007,2019,1,0,62.5,False,True
252,12,82.26,2011,2019,1,0,97.25261366399221,False,True
253,12,116.73,2006,2019,7,0,46.63753962134841,True,False
254,12,155.76,2018,2019,5,0,61.35721623009759,True,False
255,12,52.0,2003,2019,3,0,67.3076923076923,False,True
256,8,78.98,1979,2019,10,0,107.62218283109648,False,True
257,12,86.41,1983,2019,10,0,119.10658488600856,True,False
258,8,25.0,2010,2019,2,0,255.28,True,False
259,8,92.56,1992,2019,6,0,54.32152117545376,True,False
260,12,120.89,1987,2019,11,0,66.1758623542063,False,True
261,8,90.22,1998,2019,3,0,55.42008423852804,False,True
262,8,20.0,1998,2019,11,0,595.6,True,False
263,12,89.86,1982,2019,1,0,93.7569552637436,True,False
264,12,103.27,1990,2019,5,0,72.89629127529777,True,False
265,8,165.42,1998,2019,8,0,66.7694353766171,True,False
266,8,10.32,1983,2019,10,0,316.27906976744185,True,False
267,8,29.75,1954,2019,8,0,184.87394957983193,False,True
268,12,30.0,2011,2019,12,0,197.83333333333334,True,False
269,12,33.0,2011,2019,9,0,203.6969696969697,True,False
270,8,33.05,1979,2019,5,0,105.77912254160364,True,False
271,8,35.79,1991,2019,12,0,120.14529198100028,True,False
272,8,36.69,1973,2019,4,0,104.19732897247206,True,False
273,8,38.35,1967,2019,9,0,228.89178617992175,True,False
274,12,39.66,2017,2019,8,0,202.16843166918812,True,False
275,12,40.0,2018,2019,12,0,154.4,True,False
276,8,40.0,1970,2019,1,0,69.1,True,False
277,12,40.0,2018,2019,7,0,155.55,True,False
278,12,45.54,2002,2019,11,0,147.25516029863857,True,False
279,12,45.74,2000,2019,2,0,169.63270660253608,True,False
280,8,46.08,2003,2019,11,0,115.6467013888889,True,False
281,8,48.0,1991,2019,10,0,115.16666666666667,True,False
282,25,48.75,2018,2019,9,0,148.14358974358976,True,False
283,12,50.0,2017,2019,3,0,242.36,True,False
284,8,50.0,2003,2019,2,0,127.64,True,False
285,8,54.0,1992,2019,3,0,134.25925925925927,False,True
286,8,54.0,1992,2019,3,0,134.25925925925927,False,True
287,12,55.42,1991,2019,12,0,72.17610970768675,False,True
288,12,56.1,2019,2019,2,0,160.42780748663102,False,True
289,12,56.1,2017,2019,11,0,160.42780748663102,False,True
290,8,57.24,2002,2019,2,0,38.015373864430465,True,False
291,8,59.3,1980,2019,10,0,151.77065767284992,False,True
292,8,62.5,1982,2019,5,0,86.336,True,False
293,12,63.94,2011,2019,3,0,62.55864873318737,False,True
294,8,65.16,1991,2019,3,0,141.7280540208717,True,False
295,8,66.11,1975,2019,12,0,96.53607623657541,True,False
296,8,76.0,1991,2019,4,0,52.63157894736842,False,True
297,8,78.51,1991,2019,3,0,114.63507833397018,False,True
298,12,78.75,1994,2019,7,0,66.31111111111112,True,False
299,12,82.5,2019,2019,3,0,157.57575757575756,False,True
300,12,82.64,1968,2019,9,0,121.00677637947724,False,True
301,12,83.02,2017,2019,12,0,144.5434834979523,False,True
302,25,83.22,2018,2019,9,0,78.10622446527277,False,True
303,25,83.22,2018,2019,9,0,84.11439557798606,False,True
304,8,90.93,1994,2019,8,0,65.98482349059715,False,True
305,8,102.0,1968,2019,4,0,93.41176470588235,True,False
306,8,52.11,2002,2019,4,0,163.65380924966416,True,False
307,8,93.15,2012,2019,1,0,45.77563070316693,True,False
308,8,29.75,2018,2019,6,0,300.0,True,False
309,8,30.94,2018,2019,10,0,210.98901098901098,True,False
310,8,30.94,2018,2019,10,0,145.44279250161603,False,True
311,8,33.19,2018,2019,2,0,180.77734257306417,False,True
312,8,36.36,2018,2019,3,0,276.65016501650166,True,False
313,25,62.15,1980,2019,10,0,105.03620273531779,True,False
314,8,77.65,1994,2019,2,0,90.1481004507405,False,True
315,8,47.6,2019,2019,10,0,211.28151260504202,True,False
316,8,47.6,2019,2019,10,0,211.28151260504202,True,False
317,8,50.02,2019,2019,10,0,202.17912834866053,True,False
318,8,82.57,1995,2019,2,0,66.96136611360059,True,False
319,8,36.69,1948,2019,1,0,81.76614881439085,False,True
320,8,144.2,1995,2019,4,0,34.674063800277395,False,True
321,12,66.11,1994,2019,3,0,145.39404023597035,True,False
322,8,10.0,2011,2019,8,0,592.7,True,False
323,8,19.83,2010,2019,4,0,329.19818456883513,True,False
324,12,20.0,2012,2019,11,0,229.4,True,False
325,8,23.1,2007,2019,9,0,269.35064935064935,True,False
326,8,23.14,2008,2019,12,0,313.69922212618843,True,False
327,12,24.79,2016,2019,1,0,161.35538523598225,False,True
328,8,25.0,2011,2019,5,0,311.68,True,False
329,12,25.0,2016,2019,6,0,343.08,True,False
330,12,25.55,2010,2019,5,0,250.99804305283757,True,False
331,8,26.0,2009,2019,12,0,152.92307692307693,True,False
332,8,26.4,2004,2019,12,0,198.06818181818184,True,False
333,12,26.98,2014,2019,4,0,321.6085989621942,True,False
334,12,28.0,2014,2019,7,0,304.35714285714283,True,False
335,8,28.0,2017,2019,11,0,281.5,True,False
336,12,28.0,2010,2019,3,0,142.85714285714286,False,True
337,12,29.65,2015,2019,3,0,168.63406408094437,False,True
338,12,30.0,2015,2019,12,0,306.8666666666667,True,False
339,8,30.0,2017,2019,10,0,318.56666666666666,True,False
340,12,30.0,2009,2019,3,0,291.1666666666667,True,False
341,12,30.0,2012,2019,4,0,202.9,True,False
342,8,30.0,2007,2019,5,0,223.6,True,False
343,8,30.0,2009,2019,12,0,134.3,True,False
344,12,30.0,2010,2019,7,0,133.33333333333334,False,True
345,8,30.0,2009,2019,8,0,133.33333333333334,False,True
346,12,30.0,2015,2019,7,0,150.0,False,True
347,12,30.85,2011,2019,1,0,145.8670988654781,False,True
348,12,32.0,2016,2019,5,0,208.125,True,False
349,12,33.0,2015,2019,6,0,255.3030303030303,True,False
350,12,33.0,2015,2019,5,0,256.09090909090907,True,False
351,8,33.0,2011,2019,9,0,264.3030303030303,True,False
352,8,33.0,2011,2019,7,0,258.24242424242425,True,False
353,8,33.0,2010,2019,4,0,211.87878787878788,True,False
354,8,33.0,2007,2019,1,0,106.06060606060606,False,True
355,12,33.0,2015,2019,8,0,181.8181818181818,False,True
356,12,36.0,2015,2019,4,0,260.47222222222223,True,False
357,12,36.0,2015,2019,1,0,252.88888888888889,True,False
358,12,36.0,2007,2019,11,0,138.88888888888889,False,True
359,8,38.0,2016,2019,12,0,202.78947368421052,True,False
360,8,39.66,2008,2019,5,0,212.43066061522947,True,False
361,12,40.0,2016,2019,2,0,222.05,True,False
362,8,40.0,1988,2019,12,0,137.5,False,True
363,12,42.0,2014,2019,2,0,278.7142857142857,True,False
364,12,42.0,2004,2019,7,0,109.52380952380952,False,True
365,12,44.4,2016,2019,5,0,127.9054054054054,True,False
366,12,45.0,2011,2019,1,0,187.22222222222223,True,False
367,8,46.2,2016,2019,1,0,181.73160173160173,True,False
368,12,49.58,2005,2019,10,0,192.7591770875353,True,False
369,12,50.0,2016,2019,8,0,160.36,True,False
370,12,50.0,2007,2019,2,0,235.88,True,False
371,12,50.0,2016,2019,8,0,206.36,True,False
372,12,50.0,2016,2019,11,0,204.12,True,False
373,12,50.0,2014,2019,9,0,220.0,True,False
374,12,50.0,2016,2019,6,0,140.0,False,True
375,8,52.8,2011,2019,5,0,135.0757575757576,True,False
376,12,52.89,2015,2019,5,0,113.44299489506523,False,True
377,8,55.0,2010,2019,9,0,90.9090909090909,False,True
378,25,55.0,2012,2019,10,0,127.27272727272727,False,True
379,8,55.0,2010,2019,10,0,90.9090909090909,False,True
380,25,56.0,2012,2019,8,0,21.428571428571427,False,True
381,12,56.57,2008,2019,5,0,135.407459784338,True,False
382,8,57.0,1993,2019,8,0,92.50877192982456,True,False
383,8,58.0,2016,2019,2,0,190.67241379310346,True,False
384,12,58.0,2006,2019,6,0,86.6896551724138,True,False
385,25,58.56,2000,2019,11,0,149.16325136612022,True,False
386,8,60.0,2016,2019,11,0,181.86666666666667,True,False
387,12,60.0,2004,2019,12,0,87.15,True,False
388,8,60.0,2011,2019,5,0,222.01666666666668,True,False
389,12,62.5,2016,2019,1,0,208.0,True,False
390,8,66.11,2012,2019,10,0,128.57358947209198,False,True
391,12,77.29,2005,2019,4,0,152.5682494501229,True,False
392,12,77.29,2005,2019,4,0,152.5682494501229,True,False
393,12,77.29,2005,2019,12,0,160.58998576788716,True,False
394,8,79.67,1999,2019,5,0,78.6243253420359,True,False
395,12,80.0,2012,2019,9,0,125.0,False,True
396,8,81.0,1989,2019,2,0,128.54320987654322,True,False
397,12,82.5,2016,2019,8,0,161.9878787878788,True,False
398,12,82.5,2016,2019,8,0,105.45454545454545,True,False
399,8,84.82,2016,2019,9,0,176.84508370667297,False,True
400,8,88.62,1990,2019,9,0,129.13563529677273,True,False
401,12,89.0,2016,2019,10,0,155.17977528089887,True,False
402,8,99.0,2016,2019,6,0,121.21212121212122,False,True
403,12,99.86,2009,2019,10,0,122.81193671139596,True,False
404,12,106.0,2004,2019,11,0,113.20754716981132,False,True
405,12,106.75,2015,2019,6,0,147.23185011709603,True,False
406,12,106.75,2015,2019,6,0,147.23185011709603,True,False
407,12,108.8,1992,2019,3,0,110.56066176470588,True,False
408,12,115.72,1997,2019,3,0,60.49083995852057,False,True
409,12,123.0,2014,2019,11,0,162.60162601626016,False,True
410,8,140.0,2010,2019,6,0,99.05714285714286,True,False
411,12,140.0,2004,2019,10,0,85.71428571428571,False,True
412,8,30.0,2001,2019,3,0,163.53333333333333,True,False
413,25,32.78,1995,2019,8,0,248.20012202562538,True,False
414,8,50.0,1997,2019,4,0,80.0,False,True
415,12,50.96,1988,2019,5,0,108.47723704866561,True,False
416,8,63.6,2018,2019,6,0,78.61635220125785,False,True
417,8,77.15,2011,2019,2,0,129.61762799740762,False,True
418,12,82.79,1984,2019,2,0,72.47252083584974,False,True
419,8,138.25,2005,2019,9,0,35.037974683544306,True,False
420,8,12.0,2015,2019,2,0,600.5,True,False
421,8,12.0,2015,2019,4,0,649.3333333333334,True,False
422,8,13.22,2005,2019,2,0,378.66868381240545,True,False
423,12,13.22,1990,2019,12,0,460.06051437216337,True,False
424,12,15.5,1982,2019,9,0,146.58064516129033,True,False
425,12,16.13,2015,2019,1,0,326.3484190948543,True,False
426,8,16.5,2015,2019,8,0,402.72727272727275,True,False
427,12,19.8,2015,2019,3,0,291.16161616161617,True,False
428,12,19.8,2010,2019,3,0,407.32323232323233,True,False
429,8,19.83,2009,2019,12,0,183.00554715078167,True,False
430,12,20.0,2002,2019,4,0,288.0,True,False
431,8,20.0,2017,2019,5,0,374.05,True,False
432,12,20.0,2014,2019,2,0,502.35,True,False
433,8,20.0,2015,2019,7,0,358.35,True,False
434,12,20.0,2013,2019,2,0,332.65,True,False
435,8,20.0,2011,2019,1,0,455.2,True,False
436,12,20.0,2014,2019,2,0,304.1,True,False
437,8,23.0,2014,2019,4,0,259.1304347826087,True,False
438,8,23.0,2014,2019,2,0,171.34782608695653,True,False
439,8,23.0,2009,2019,12,0,130.43478260869566,False,True
440,8,23.1,2017,2019,1,0,335.28138528138527,True,False
441,8,24.0,2019,2019,3,0,363.9583333333333,True,False
442,12,25.0,2011,2019,3,0,290.36,True,False
443,8,25.0,2011,2019,10,0,279.68,True,False
444,8,25.0,2017,2019,2,0,268.24,True,False
445,12,25.0,2012,2019,8,0,269.8,True,False
446,8,25.0,2017,2019,12,0,322.6,True,False
447,12,25.0,2015,2019,9,0,152.0,False,True
448,8,25.0,2014,2019,1,0,120.0,False,True
449,8,25.0,2017,2019,8,0,220.0,False,True
450,12,26.0,2019,2019,7,0,275.65384615384613,True,False
451,12,26.0,2010,2019,2,0,317.88461538461536,True,False
452,12,26.0,2019,2019,6,0,290.1923076923077,True,False
453,8,26.4,2017,2019,8,0,308.1818181818182,True,False
454,8,26.4,2013,2019,2,0,285.18939393939394,True,False
455,8,26.4,2012,2019,1,0,151.51515151515153,False,True
456,12,26.44,2004,2019,9,0,175.642965204236,True,False
457,12,26.65,2019,2019,6,0,187.6172607879925,False,True
458,8,27.0,2016,2019,1,0,250.5185185185185,True,False
459,12,27.97,2014,2019,4,0,227.31498033607437,True,False
460,8,28.0,2016,2019,1,0,328.5,True,False
461,8,28.0,2017,2019,12,0,264.7142857142857,True,False
462,8,28.0,2009,2019,9,0,205.57142857142858,True,False
463,8,28.0,2004,2019,7,0,248.82142857142858,True,False
464,8,28.0,2007,2019,3,0,168.07142857142858,True,False
465,12,28.0,2017,2019,4,0,292.7857142857143,True,False
466,8,29.5,2012,2019,5,0,278.8135593220339,True,False
467,8,29.5,2012,2019,3,0,250.23728813559322,True,False
468,8,29.7,2010,2019,4,0,158.82154882154882,True,False
469,8,30.0,2017,2019,3,0,291.1666666666667,True,False
470,8,30.0,2016,2019,12,0,238.63333333333333,True,False
471,8,30.0,2018,2019,12,0,284.5,True,False
472,12,30.0,2017,2019,8,0,228.16666666666666,True,False
473,12,30.0,2017,2019,7,0,248.13333333333333,True,False
474,8,30.0,2016,2019,8,0,228.16666666666666,True,False
475,12,30.0,2008,2019,2,0,241.96666666666667,True,False
476,12,30.0,2008,2019,3,0,241.96666666666667,True,False
477,12,30.0,2010,2019,2,0,281.1666666666667,True,False
478,12,30.0,2007,2019,5,0,237.1,True,False
479,8,30.0,2015,2019,3,0,245.3,True,False
480,8,30.0,2012,2019,6,0,243.06666666666666,True,False
481,12,30.0,2007,2019,11,0,163.53333333333333,True,False
482,8,30.0,2015,2019,12,0,178.43333333333334,True,False
483,8,30.0,2003,2019,7,0,195.2,True,False
484,12,30.0,2015,2019,12,0,246.06666666666666,True,False
485,12,30.0,2011,2019,7,0,191.86666666666667,True,False
486,12,30.0,2008,2019,3,0,241.96666666666667,True,False
487,8,30.0,2019,2019,5,0,535.2333333333333,True,False
488,8,30.0,2011,2019,7,0,237.03333333333333,True,False
489,8,30.0,2016,2019,3,0,251.96666666666667,True,False
490,8,30.0,1995,2019,5,0,312.56666666666666,True,False
491,12,30.0,2007,2019,1,0,116.66666666666667,False,True
492,8,30.0,1997,2019,12,0,33.333333333333336,False,True
493,8,30.0,2014,2019,1,0,133.33333333333334,False,True
494,8,30.0,2015,2019,1,0,166.66666666666666,False,True
495,8,30.34,2010,2019,3,0,242.3533289386948,True,False
496,12,33.0,2012,2019,12,0,265.6060606060606,True,False
497,8,33.0,2003,2019,5,0,191.3030303030303,True,False
498,8,33.0,2017,2019,8,0,217.63636363636363,True,False
499,8,33.0,2017,2019,1,0,220.12121212121212,True,False
500,8,33.0,2005,2019,3,0,258.6363636363636,True,False
501,12,33.0,2008,2019,7,0,180.12121212121212,True,False
502,12,33.0,2016,2019,9,0,195.27272727272728,True,False
503,8,33.0,2015,2019,11,0,254.9090909090909,True,False
504,8,33.0,2010,2019,10,0,262.42424242424244,True,False
505,8,33.0,2019,2019,6,0,303.3030303030303,True,False
506,8,33.0,2011,2019,12,0,206.78787878787878,True,False
507,12,33.0,2016,2019,5,0,246.21212121212122,True,False
508,12,33.0,2014,2019,7,0,231.3030303030303,True,False
509,12,33.0,2017,2019,6,0,291.030303030303,True,False
510,8,33.0,2011,2019,8,0,204.3939393939394,True,False
511,8,33.0,2010,2019,1,0,280.1515151515151,True,False
512,12,33.0,2015,2019,4,0,232.12121212121212,True,False
513,8,33.0,2013,2019,1,0,232.12121212121212,True,False
514,8,33.0,2019,2019,5,0,262.42424242424244,True,False
515,8,33.0,2019,2019,5,0,235.27272727272728,True,False
516,12,33.0,2014,2019,5,0,308.75757575757575,True,False
517,8,33.0,2005,2019,1,0,221.78787878787878,True,False
518,12,33.0,2019,2019,4,0,254.42424242424244,True,False
519,8,33.0,2018,2019,4,0,289.6060606060606,True,False
520,12,33.0,2015,2019,6,0,201.8181818181818,True,False
521,8,33.0,2012,2019,2,0,238.84848484848484,True,False
522,8,33.0,2012,2019,12,0,187.33333333333334,True,False
523,8,33.0,2017,2019,2,0,274.5151515151515,True,False
524,12,33.0,2017,2019,7,0,185.1818181818182,True,False
525,12,33.0,2017,2019,8,0,269.42424242424244,True,False
526,8,33.0,2017,2019,12,0,187.15151515151516,True,False
527,8,33.0,2012,2019,12,0,243.3030303030303,True,False
528,12,33.0,2016,2019,4,0,214.9090909090909,True,False
529,8,33.0,2019,2019,7,0,166.66666666666666,False,True
530,8,33.0,2019,2019,4,0,196.96969696969697,False,True
531,8,33.0,2015,2019,1,0,136.36363636363637,False,True
532,12,33.0,2003,2019,6,0,151.5151515151515,False,True
533,12,33.0,2017,2019,1,0,151.5151515151515,False,True
534,12,33.0,2016,2019,4,0,151.5151515151515,False,True
535,12,33.0,2016,2019,4,0,151.5151515151515,False,True
536,8,33.0,2017,2019,1,0,151.5151515151515,False,True
537,12,33.0,2009,2019,12,0,151.5151515151515,False,True
538,12,33.0,2012,2019,7,0,136.36363636363637,False,True
539,12,33.0,2004,2019,10,0,90.9090909090909,False,True
540,12,33.0,1981,2019,3,0,151.5151515151515,False,True
541,12,33.05,2002,2019,2,0,180.99848714069594,True,False
542,8,35.0,2018,2019,8,0,257.9142857142857,True,False
543,8,35.0,2005,2019,8,0,201.28571428571428,True,False
544,8,35.0,2015,2019,10,0,195.2,True,False
545,8,35.0,2018,2019,6,0,215.57142857142858,True,False
546,12,35.0,2011,2019,3,0,207.4,True,False
547,12,35.0,2017,2019,10,0,146.62857142857143,True,False
548,8,36.0,2017,2019,11,0,266.3333333333333,True,False
549,8,36.0,2018,2019,7,0,218.22222222222223,True,False
550,12,36.0,2018,2019,1,0,266.19444444444446,True,False
551,8,36.0,2019,2019,6,0,152.77777777777777,False,True
552,8,36.0,2018,2019,7,0,166.66666666666666,False,True
553,25,36.96,1977,2019,3,0,235.55194805194805,True,False
554,12,39.0,2019,2019,8,0,219.10256410256412,True,False
555,8,39.0,2012,2019,2,0,249.02564102564102,True,False
556,8,39.0,2016,2019,5,0,128.2051282051282,False,True
557,8,39.0,2019,2019,6,0,141.02564102564102,False,True
558,8,39.6,2008,2019,12,0,233.2070707070707,True,False
559,8,39.6,2012,2019,2,0,126.26262626262626,False,True
560,8,39.6,2002,2019,8,0,113.63636363636363,False,True
561,12,39.67,1988,2019,9,0,146.1557852281321,True,False
562,12,39.67,1988,2019,9,0,150.69321905722208,True,False
563,8,39.67,2016,2019,3,0,194.83236702798084,True,False
564,8,40.0,2010,2019,9,0,148.6,True,False
565,12,40.0,2005,2019,6,0,215.325,True,False
566,8,40.0,2019,2019,7,0,216.675,True,False
567,8,40.0,2019,2019,7,0,188.9,True,False
568,12,40.0,2019,2019,8,0,241.6,True,False
569,12,40.0,2019,2019,7,0,256.95,True,False
570,12,40.0,2016,2019,12,0,197.05,True,False
571,12,40.0,2016,2019,6,0,177.125,True,False
572,8,40.0,2011,2019,11,0,218.375,True,False
573,8,40.0,2018,2019,2,0,285.3,True,False
574,12,40.0,2016,2019,1,0,203.125,True,False
575,12,40.0,2017,2019,1,0,181.6,True,False
576,8,40.0,2013,2019,10,0,240.1,True,False
577,8,40.0,2017,2019,11,0,125.0,False,True
578,12,40.0,2019,2019,4,0,150.0,False,True
579,12,40.0,2017,2019,8,0,125.0,False,True
580,12,40.0,2017,2019,8,0,150.0,False,True
581,12,40.0,2016,2019,12,0,100.0,False,True
582,12,40.2,2019,2019,7,0,136.81592039800995,False,True
583,12,40.89,2015,2019,5,0,97.82342871117632,False,True
584,8,41.95,1979,2019,7,0,120.238379022646,True,False
585,8,41.95,1979,2019,7,0,120.238379022646,True,False
586,8,42.0,2014,2019,12,0,183.47619047619048,True,False
587,8,42.0,2015,2019,8,0,173.16666666666666,True,False
588,8,42.0,2019,2019,6,0,130.95238095238096,False,True
589,12,42.0,2016,2019,2,0,119.04761904761905,False,True
590,12,42.73,2015,2019,4,0,280.83313831032063,False,True
591,12,42.9,2006,2019,12,0,171.39860139860141,True,False
592,8,45.0,2019,2019,10,0,184.26666666666668,True,False
593,12,45.0,2003,2019,1,0,208.37777777777777,True,False
594,8,45.0,2018,2019,12,0,272.55555555555554,True,False
595,8,45.0,2008,2019,9,0,233.33333333333334,True,False
596,8,45.0,1994,2019,6,0,102.93333333333334,True,False
597,12,45.0,2005,2019,7,0,100.0,False,True
598,8,45.0,1993,2019,1,0,44.44444444444444,False,True
599,12,45.0,2017,2019,9,0,133.33333333333334,False,True
600,12,45.0,2017,2019,9,0,133.33333333333334,False,True
601,8,45.42,2009,2019,12,0,88.06693086745926,False,True
602,8,46.0,2012,2019,1,0,152.17391304347825,False,True
603,12,46.25,1980,2019,7,0,151.35135135135135,False,True
604,8,48.0,2018,2019,6,0,145.83333333333334,False,True
605,12,48.28,2019,2019,5,0,165.7000828500414,False,True
606,8,49.0,2006,2019,2,0,184.87755102040816,True,False
607,8,49.0,1994,2019,5,0,132.6530612244898,False,True
608,8,49.19,1979,2019,6,0,181.43931693433626,True,False
609,8,49.28,2012,2019,8,0,71.06331168831169,True,False
610,12,49.5,2017,2019,10,0,218.02020202020202,True,False
611,12,49.5,2015,2019,11,0,210.34343434343435,True,False
612,8,49.5,2019,2019,7,0,111.11111111111111,False,True
613,12,49.58,2003,2019,3,0,169.66518757563534,True,False
614,8,49.58,2007,2019,3,0,143.5659540137152,True,False
615,8,49.58,2019,2019,5,0,163.6345300524405,True,False
616,12,49.6,2005,2019,3,0,104.95967741935483,True,False
617,8,49.6,2007,2019,10,0,120.96774193548387,False,True
618,8,50.0,2012,2019,12,0,181.18,True,False
619,8,50.0,2018,2019,6,0,173.54,True,False
620,8,50.0,2018,2019,1,0,227.92,True,False
621,12,50.0,2010,2019,4,0,143.2,True,False
622,12,50.0,2007,2019,7,0,164.44,True,False
623,12,50.0,2003,2019,6,0,105.28,True,False
624,8,50.0,2010,2019,2,0,199.42,True,False
625,12,50.0,2014,2019,6,0,198.5,True,False
626,12,50.0,2019,2019,5,0,202.64,True,False
627,12,50.0,2014,2019,12,0,204.7,True,False
628,8,50.0,2010,2019,2,0,156.48,True,False
629,8,50.0,2009,2019,4,0,150.56,True,False
630,8,50.0,2012,2019,10,0,184.9,True,False
631,8,50.0,2004,2019,3,0,161.18,True,False
632,8,50.0,2013,2019,10,0,120.0,False,True
633,8,50.0,2012,2019,10,0,140.0,False,True
634,8,50.0,2019,2019,10,0,150.0,False,True
635,8,50.0,1978,2019,7,0,140.0,False,True
636,8,50.0,1995,2019,6,0,160.0,False,True
637,8,50.0,1995,2019,6,0,180.0,False,True
638,8,50.0,2007,2019,5,0,120.0,False,True
639,8,50.0,2010,2019,6,0,110.0,False,True
640,12,50.0,2017,2019,8,0,180.0,False,True
641,8,50.22,2011,2019,2,0,52.32974910394265,True,False
642,8,50.5,2004,2019,11,0,187.54455445544554,True,False
643,12,52.0,2011,2019,12,0,174.21153846153845,True,False
644,8,52.17,1995,2019,1,0,134.7134368410964,True,False
645,8,52.28,2017,2019,9,0,195.52410099464421,True,False
646,8,52.8,1999,2019,2,0,108.06818181818183,True,False
647,8,52.8,2019,2019,6,0,220.83333333333334,True,False
648,12,52.8,2014,2019,6,0,222.27272727272728,True,False
649,12,52.8,2016,2019,3,0,151.51515151515153,False,True
650,8,52.89,1991,2019,9,0,169.95651351862355,True,False
651,8,52.89,1978,2019,8,0,84.40158820192853,True,False
652,12,53.74,2002,2019,5,0,142.5381466319315,True,False
653,8,53.77,1991,2019,2,0,148.78184861446903,False,True
654,8,55.0,2011,2019,6,0,170.83636363636364,True,False
655,12,55.0,2012,2019,4,0,186.27272727272728,True,False
656,12,55.0,2012,2019,7,0,149.4909090909091,True,False
657,8,55.0,2017,2019,2,0,232.0909090909091,True,False
658,12,55.0,2012,2019,9,0,171.70909090909092,True,False
659,12,55.0,2019,2019,5,0,168.43636363636364,True,False
660,8,55.0,1996,2019,12,0,130.16363636363636,True,False
661,8,55.0,2011,2019,3,0,127.27272727272727,False,True
662,8,55.0,2019,2019,5,0,145.45454545454547,False,True
663,12,55.56,2011,2019,12,0,98.9920806335493,False,True
664,8,56.0,2011,2019,12,0,131.30357142857142,True,False
665,12,56.0,2017,2019,5,0,220.01785714285714,True,False
666,12,56.0,2007,2019,12,0,155.98214285714286,True,False
667,12,56.0,2011,2019,11,0,125.0,False,True
668,8,56.0,2017,2019,9,0,160.71428571428572,False,True
669,12,56.0,2017,2019,7,0,178.57142857142858,False,True
670,8,56.1,2011,2019,4,0,129.48306595365418,True,False
671,12,56.1,2012,2019,2,0,178.25311942959001,True,False
672,12,56.1,2017,2019,12,0,145.7397504456328,True,False
673,8,56.1,2015,2019,4,0,106.95187165775401,False,True
674,8,56.1,2007,2019,11,0,71.301247771836,False,True
675,8,56.1,2018,2019,10,0,178.25311942959001,False,True
676,12,56.1,2012,2019,2,0,142.602495543672,False,True
677,12,56.19,2004,2019,12,0,117.24506139882541,True,False
678,12,56.2,1990,2019,3,0,87.29537366548043,True,False
679,12,56.2,2004,2019,4,0,88.9679715302491,False,True
680,8,56.3,2015,2019,1,0,123.32149200710481,True,False
681,12,57.0,2003,2019,12,0,153.24561403508773,True,False
682,8,57.0,2016,2019,2,0,140.35087719298247,False,True
683,8,57.05,2019,2019,8,0,166.52059596844873,False,True
684,12,58.0,2016,2019,11,0,158.20689655172413,True,False
685,8,58.0,2008,2019,4,0,203.31034482758622,True,False
686,12,58.0,2019,2019,7,0,163.79310344827587,False,True
687,8,58.5,2019,2019,10,0,128.2051282051282,False,True
688,12,58.79,2016,2019,1,0,189.6751148154448,True,False
689,8,59.0,1991,2019,7,0,111.11864406779661,True,False
690,8,59.0,2019,2019,11,0,152.54237288135593,False,True
691,8,59.17,1972,2019,2,0,147.625485888119,True,False
692,8,59.4,2008,2019,5,0,155.95959595959596,True,False
693,8,59.4,2018,2019,1,0,151.51515151515153,False,True
694,8,59.4,2018,2019,4,0,168.35016835016836,False,True
695,12,59.5,2003,2019,1,0,122.08403361344538,True,False
696,8,59.5,1975,2019,12,0,84.03361344537815,False,True
697,8,59.67,1975,2019,1,0,185.30249706720295,True,False
698,8,59.67,1975,2019,10,0,183.0903301491537,True,False
699,8,59.67,1975,2019,10,0,183.0903301491537,True,False
700,8,59.78,2018,2019,3,0,162.36199397791904,True,False
701,12,59.87,2015,2019,7,0,125.27142141306165,False,True
702,12,60.0,2011,2019,4,0,156.6,True,False
703,12,60.0,1995,2019,2,0,89.21666666666667,True,False
704,8,60.0,2010,2019,1,0,203.15,True,False
705,8,60.0,2019,2019,8,0,168.33333333333334,True,False
706,12,60.0,2010,2019,3,0,161.76666666666668,True,False
707,8,60.0,1996,2019,3,0,128.43333333333334,True,False
708,8,60.0,2019,2019,8,0,131.51666666666668,True,False
709,8,60.0,2019,2019,8,0,142.41666666666666,True,False
710,8,60.0,2019,2019,5,0,174.85,True,False
711,8,60.0,2010,2019,3,0,153.43333333333334,True,False
712,12,60.0,2019,2019,5,0,173.26666666666668,True,False
713,8,60.0,2014,2019,6,0,141.66666666666666,False,True
714,8,60.0,2019,2019,7,0,166.66666666666666,False,True
715,8,60.0,2019,2019,7,0,166.66666666666666,False,True
716,8,60.0,1975,2019,6,0,100.0,False,True
717,8,60.0,2019,2019,2,0,133.33333333333334,False,True
718,8,60.0,2019,2019,5,0,166.66666666666666,False,True
719,8,60.0,2011,2019,9,0,66.66666666666667,False,True
720,8,60.0,2008,2019,2,0,133.33333333333334,False,True
721,8,60.0,2019,2019,7,0,133.33333333333334,False,True
722,12,60.0,2012,2019,2,0,133.33333333333334,False,True
723,12,60.0,2019,2019,6,0,133.33333333333334,False,True
724,12,60.0,2011,2019,11,0,133.33333333333334,False,True
725,8,60.89,2011,2019,3,0,217.4577106257185,True,False
726,8,61.24,2017,2019,8,0,163.29196603527106,False,True
727,8,61.61,1979,2019,2,0,157.5393604934264,True,False
728,8,62.0,2004,2019,3,0,29.032258064516128,False,True
729,8,62.0,2004,2019,3,0,29.032258064516128,False,True
730,8,62.0,2019,2019,6,0,129.03225806451613,False,True
731,8,62.18,2019,2019,10,0,136.69990350595046,False,True
732,12,62.26,2004,2019,6,0,132.73369739800836,True,False
733,12,62.26,2004,2019,6,0,132.73369739800836,True,False
734,12,62.97,2019,2019,6,0,194.75940924249642,True,False
735,8,63.64,1973,2019,2,0,84.9465744814582,True,False
736,12,64.0,2014,2019,12,0,148.4375,False,True
737,12,64.0,2014,2019,12,0,117.1875,False,True
738,12,64.4,2016,2019,8,0,56.92546583850931,True,False
739,12,66.0,2017,2019,11,0,193.4090909090909,True,False
740,8,66.0,2011,2019,5,0,87.33333333333333,True,False
741,8,66.0,2011,2019,11,0,70.84848484848484,True,False
742,8,66.0,2011,2019,6,0,174.66666666666666,True,False
743,8,66.0,2004,2019,5,0,100.9090909090909,True,False
744,8,66.0,2001,2019,9,0,108.5909090909091,True,False
745,8,66.0,2017,2019,4,0,106.06060606060606,False,True
746,12,66.0,2003,2019,10,0,75.75757575757575,False,True
747,12,66.0,2003,2019,10,0,75.75757575757575,False,True
748,8,66.0,2017,2019,1,0,136.36363636363637,False,True
749,8,66.0,2004,2019,9,0,90.9090909090909,False,True
750,8,66.11,2011,2019,11,0,146.81591287248526,True,False
751,8,66.11,2007,2019,4,0,15.126304643775526,False,True
752,8,66.31,2017,2019,4,0,66.97330719348514,True,False
753,8,67.11,1995,2019,7,0,149.00908955446283,False,True
754,8,68.0,2017,2019,10,0,132.35294117647058,False,True
755,8,68.5,2009,2019,12,0,156.2919708029197,True,False
756,12,69.42,2004,2019,12,0,123.29299913569577,True,False
757,12,70.56,2016,2019,4,0,61.77721088435374,True,False
758,8,72.0,2006,2019,9,0,111.11111111111111,False,True
759,12,72.7,1987,2019,9,0,113.86519944979366,True,False
760,8,74.88,2007,2019,6,0,43.00213675213676,True,False
761,8,75.0,2019,2019,8,0,94.54666666666667,True,False
762,8,75.0,2018,2019,1,0,120.0,False,True
763,8,76.2,2019,2019,2,0,157.48031496062993,False,True
764,8,77.42,1978,2019,7,0,64.5827951433738,False,True
765,12,77.6,1991,2019,3,0,73.53092783505156,True,False
766,12,78.0,1976,2019,12,0,128.2051282051282,False,True
767,8,78.0,2015,2019,9,0,141.02564102564102,False,True
768,12,79.0,2017,2019,11,0,189.873417721519,False,True
769,12,79.2,2010,2019,6,0,174.14141414141415,True,False
770,8,79.3,2019,2019,7,0,88.27238335435057,False,True
771,12,79.74,1979,2019,2,0,87.78530223225484,False,True
772,12,80.0,2004,2019,9,0,108.3375,True,False
773,8,80.0,2019,2019,7,0,177.775,True,False
774,12,80.91,2016,2019,5,0,123.59411692003461,False,True
775,12,81.06,2006,2019,7,0,143.93042190969652,True,False
776,12,82.6,1990,2019,9,0,81.92493946731236,True,False
777,8,82.64,1983,2019,3,0,91.46902226524685,True,False
778,8,83.2,1992,2019,8,0,85.22836538461539,True,False
779,8,83.2,1992,2019,8,0,85.22836538461539,True,False
780,8,84.2,2010,2019,3,0,95.01187648456057,False,True
781,8,85.0,2008,2019,4,0,141.1764705882353,False,True
782,8,86.36,1985,2019,3,0,69.47660954145438,False,True
783,8,87.5,1976,2019,4,0,86.03428571428572,True,False
784,8,90.0,2009,2019,6,0,133.33333333333334,False,True
785,8,90.6,2019,2019,6,0,190.55187637969095,True,False
786,8,92.22,2003,2019,1,0,113.85816525699414,False,True
787,12,92.5,2006,2019,4,0,108.10810810810811,False,True
788,8,92.56,1993,2019,6,0,50.96153846153846,True,False
789,8,92.56,1993,2019,6,0,56.36343993085566,True,False
790,12,93.59,1978,2019,4,0,46.970830216903515,True,False
791,8,95.86,2008,2019,4,0,139.74546213227623,True,False
792,8,96.98,2018,2019,5,0,118.8698700763044,True,False
793,8,97.25,1997,2019,5,0,90.99228791773778,True,False
794,12,97.67,2019,2019,9,0,155.85133613187264,True,False
795,8,97.85,2015,2019,1,0,122.63668880940216,False,True
796,8,99.17,2004,2019,3,0,100.83694665725521,False,True
797,8,99.85,2016,2019,3,0,130.19529293940911,False,True
798,8,102.0,2018,2019,2,0,121.1078431372549,True,False
799,12,105.0,2014,2019,6,0,149.14285714285714,True,False
800,8,108.66,2017,2019,8,0,158.12626541505614,True,False
801,8,108.66,2017,2019,8,0,138.04527885146328,False,True
802,8,109.0,2014,2019,10,0,50.71559633027523,True,False
803,8,109.58,2002,2019,2,0,124.00073006022997,True,False
804,12,110.0,2019,2019,7,0,136.36363636363637,False,True
805,8,112.0,2003,2019,5,0,102.92857142857143,True,False
806,8,116.79,2017,2019,12,0,102.748522989982,False,True
807,8,119.8,2015,2019,12,0,130.41736227045075,True,False
808,12,122.28,2011,2019,3,0,117.3781485116127,True,False
809,8,125.6,1980,2019,2,0,15.923566878980893,False,True
810,12,125.6,2018,2019,2,0,79.61783439490446,False,True
811,8,126.29,2016,2019,10,0,95.01939979412462,False,True
812,8,165.0,1983,2019,12,0,68.0909090909091,True,False
813,12,178.51,1972,2019,2,0,69.53111870483447,True,False
814,12,16.0,2008,2019,2,0,223.6875,True,False
815,8,17.28,1975,2019,5,0,348.84259259259255,True,False
816,12,18.19,2015,2019,2,0,469.21385376580537,True,False
817,12,18.75,2009,2019,1,0,372.32,True,False
818,8,19.5,2016,2019,10,0,362.8205128205128,True,False
819,8,19.83,2008,2019,11,0,306.70700958144226,True,False
820,8,19.83,2006,2019,1,0,318.3560262228946,True,False
821,12,20.0,2012,2019,2,0,295.3,True,False
822,12,20.0,2011,2019,9,0,383.35,True,False
823,12,22.0,2008,2019,1,0,286.95454545454544,True,False
824,30,23.14,1997,2019,4,0,106.48228176318064,True,False
825,8,23.14,2006,2019,8,0,314.6931719965428,True,False
826,12,24.0,2017,2019,9,0,332.4166666666667,True,False
827,8,25.0,2010,2019,2,0,313.16,True,False
828,12,25.0,2018,2019,2,0,340.0,True,False
829,25,25.0,2008,2019,3,0,321.16,True,False
830,12,25.0,2004,2019,10,0,20.0,False,True
831,12,25.17,2017,2019,2,0,347.0401271354787,True,False
832,8,26.0,2005,2019,2,0,248.19230769230768,True,False
833,12,26.0,2017,2019,11,0,354.0769230769231,True,False
834,12,26.0,2011,2019,2,0,153.84615384615384,False,True
835,8,26.0,2008,2019,7,0,153.84615384615384,False,True
836,12,26.4,2018,2019,5,0,189.3939393939394,False,True
837,12,27.0,2017,2019,1,0,325.6296296296296,True,False
838,12,28.0,2018,2019,2,0,330.0357142857143,True,False
839,8,28.0,2016,2019,6,0,196.42857142857142,False,True
840,12,28.17,2011,2019,2,0,141.99503017394392,False,True
841,8,28.5,2004,2019,8,0,178.31578947368422,True,False
842,12,29.0,2013,2019,11,0,230.20689655172413,True,False
843,12,29.65,2010,2019,1,0,262.7993254637437,True,False
844,12,29.75,2012,2019,1,0,261.9159663865546,True,False
845,12,30.0,2010,2019,10,0,259.73333333333335,True,False
846,12,30.0,2017,2019,1,0,227.03333333333333,True,False
847,12,30.0,2009,2019,1,0,222.0,True,False
848,0,30.0,2018,2019,1,0,259.06666666666666,True,False
849,12,30.0,2017,2019,6,0,259.06666666666666,True,False
850,12,30.0,2012,2019,1,0,280.8333333333333,True,False
851,8,30.0,2009,2019,7,0,191.86666666666667,True,False
852,8,30.0,2011,2019,9,0,166.66666666666666,False,True
853,8,30.0,2004,2019,2,0,116.66666666666667,False,True
854,12,30.33,2012,2019,12,0,131.88262446422684,False,True
855,8,33.0,2012,2019,1,0,270.45454545454544,True,False
856,0,33.0,2018,2019,1,0,248.42424242424244,True,False
857,8,33.0,2002,2019,10,0,167.6969696969697,True,False
858,8,33.0,2011,2019,12,0,207.66666666666666,True,False
859,12,33.0,2018,2019,2,0,217.45454545454547,True,False
860,12,33.0,2011,2019,8,0,226.72727272727272,True,False
861,12,33.0,2017,2019,7,0,292.93939393939394,True,False
862,12,33.0,2016,2019,2,0,279.8484848484849,True,False
863,12,33.0,2017,2019,12,0,244.21212121212122,True,False
864,0,33.0,2018,2019,1,0,235.5151515151515,True,False
865,12,33.0,2010,2019,2,0,241.36363636363637,True,False
866,8,33.0,2019,2019,3,0,371.6666666666667,True,False
867,12,33.0,2011,2019,8,0,212.66666666666666,True,False
868,12,33.0,2016,2019,2,0,279.8484848484849,True,False
869,12,33.0,2009,2019,8,0,200.8181818181818,True,False
870,8,33.0,2018,2019,7,0,284.5151515151515,True,False
871,12,33.0,2009,2019,2,0,176.4848484848485,True,False
872,12,33.0,2010,2019,8,0,226.72727272727272,True,False
873,12,33.0,2001,2019,8,0,146.96969696969697,True,False
874,8,33.0,2008,2019,3,0,183.6060606060606,True,False
875,8,33.0,2009,2019,1,0,221.78787878787878,True,False
876,12,33.0,2011,2019,1,0,255.3030303030303,True,False
877,8,33.0,2018,2019,12,0,228.15151515151516,True,False
878,12,33.0,2011,2019,8,0,121.21212121212122,False,True
879,8,33.0,2018,2019,1,0,151.5151515151515,False,True
880,8,33.0,2018,2019,10,0,151.5151515151515,False,True
881,12,35.0,1954,2019,5,0,125.6,True,False
882,12,35.64,1996,2019,3,0,174.13019079685745,True,False
883,8,39.0,2016,2019,2,0,197.5897435897436,True,False
884,12,39.0,2013,2019,11,0,224.74358974358975,True,False
885,8,40.0,2019,2019,2,0,265.45,True,False
886,8,40.0,2013,2019,1,0,251.55,True,False
887,8,40.0,2016,2019,7,0,125.0,False,True
888,12,42.9,2010,2019,6,0,243.006993006993,True,False
889,12,42.97,2007,2019,6,0,175.19199441470795,True,False
890,8,43.0,2018,2019,6,0,151.1627906976744,False,True
891,8,45.0,2009,2019,10,0,145.06666666666666,True,False
892,12,45.4,2009,2019,3,0,192.40088105726872,True,False
893,8,46.49,1993,2019,11,0,148.03183480318347,True,False
894,8,47.44,2010,2019,11,0,152.63490725126476,True,False
895,8,49.5,2010,2019,12,0,155.67676767676767,True,False
896,8,49.57,2018,2019,4,0,200.22190841234618,True,False
897,12,49.58,2010,2019,12,0,188.64461476401775,True,False
898,8,49.58,2003,2019,4,0,100.8471157724889,False,True
899,25,49.59,2012,2019,9,0,203.89191369227666,True,False
900,12,50.0,2015,2019,4,0,202.26,True,False
901,12,50.0,2017,2019,7,0,187.78,True,False
902,12,50.12,2012,2019,11,0,140.8419792498005,True,False
903,8,52.8,1988,2019,1,0,37.87878787878788,False,True
904,8,52.89,1992,2019,12,0,91.75647570429193,True,False
905,12,52.89,2003,2019,3,0,113.44299489506523,False,True
906,12,53.0,2017,2019,8,0,205.49056603773585,True,False
907,12,53.0,2017,2019,6,0,132.0754716981132,False,True
908,12,55.0,2011,2019,11,0,202.14545454545456,True,False
909,12,55.0,2015,2019,1,0,150.25454545454545,True,False
910,8,55.0,2016,2019,12,0,145.45454545454547,False,True
911,25,56.0,1970,2019,6,0,82.55357142857143,True,False
912,12,56.0,2004,2019,1,0,165.08928571428572,True,False
913,12,56.0,2017,2019,7,0,178.57142857142858,False,True
914,12,56.1,2003,2019,1,0,89.12655971479501,False,True
915,12,56.19,2011,2019,10,0,124.57732692649938,False,True
916,12,56.2,2017,2019,4,0,184.98220640569394,True,False
917,8,56.25,2019,2019,2,0,160.0,False,True
918,12,56.48,2012,2019,1,0,180.73654390934846,True,False
919,12,56.55,2012,2019,10,0,106.10079575596818,False,True
920,8,57.0,2010,2019,11,0,114.03508771929825,False,True
921,12,57.45,2017,2019,10,0,113.14186248912097,False,True
922,8,57.94,2008,2019,12,0,152.7959958577839,True,False
923,12,58.35,1974,2019,11,0,137.10368466152528,False,True
924,8,58.48,1992,2019,2,0,128.7448700410397,True,False
925,8,59.0,2019,2019,10,0,152.54237288135593,False,True
926,8,60.0,2016,2019,1,0,159.75,True,False
927,12,60.0,1954,2019,7,0,103.7,True,False
928,12,60.0,2017,2019,2,0,150.0,False,True
929,12,60.0,2010,2019,4,0,116.66666666666667,False,True
930,12,63.77,1991,2019,10,0,132.11541477183627,True,False
931,8,65.23,1974,2019,6,0,148.09136900199294,True,False
932,8,66.38,1975,2019,3,0,120.51822838204279,False,True
933,8,67.9,1991,2019,9,0,44.18262150220913,False,True
934,8,68.11,1989,2019,7,0,91.3522243429746,True,False
935,8,69.45,1989,2019,4,0,90.19438444924405,True,False
936,12,69.98,1984,2019,10,0,125.63589597027722,True,False
937,8,70.22,1993,2019,4,0,60.72344061520934,True,False
938,8,70.45,1988,2019,11,0,123.57700496806245,True,False
939,8,71.3,1989,2019,4,0,112.20196353436185,False,True
940,8,71.49,1988,2019,10,0,97.80388865575605,True,False
941,12,71.68,2013,2019,9,0,120.91238839285712,True,False
942,8,72.73,1999,2019,1,0,34.37371098583803,False,True
943,8,75.08,2018,2019,10,0,146.88332445391583,True,False
944,12,75.12,2013,2019,6,0,163.258785942492,True,False
945,25,77.12,1988,2019,5,0,81.22406639004149,True,False
946,12,77.58,2003,2019,2,0,83.78448053622068,False,True
947,12,77.58,2003,2019,8,0,77.33952049497293,False,True
948,12,79.33,2018,2019,3,0,155.71662674902308,True,False
949,12,80.0,2017,2019,10,0,165.8,True,False
950,8,80.66,2018,2019,12,0,123.97718819737169,False,True
951,8,80.66,2018,2019,11,0,148.77262583684603,False,True
952,25,82.5,1990,2019,3,0,60.60606060606061,False,True
953,12,82.94,2018,2019,1,0,156.73981191222572,False,True
954,12,82.94,2018,2019,1,0,144.68290330359295,False,True
955,12,83.0,2017,2019,2,0,204.81927710843374,True,False
956,8,83.26,2018,2019,12,0,96.08455440787893,False,True
957,8,83.26,2018,2019,11,0,120.10569300984866,False,True
958,8,83.37,2017,2019,8,0,119.94722322178241,False,True
959,12,84.0,2012,2019,9,0,177.25,True,False
960,12,84.36,2010,2019,12,0,90.990990990991,True,False
961,8,84.89,2006,2019,12,0,205.80751560843444,True,False
962,8,85.0,2006,2019,9,0,141.1764705882353,False,True
963,8,85.95,1996,2019,8,0,68.53984874927283,True,False
964,12,90.0,2011,2019,5,0,111.11111111111111,False,True
965,12,90.0,2011,2019,5,0,111.11111111111111,False,True
966,12,90.4,1990,2019,5,0,55.309734513274336,False,True
967,8,92.01,1995,2019,10,0,76.38300184762525,True,False
968,12,93.0,2007,2019,10,0,131.8709677419355,True,False
969,12,93.22,2007,2019,4,0,128.72774082814846,False,True
970,8,94.23,2018,2019,6,0,156.9776079804733,True,False
971,12,95.0,2018,2019,12,0,144.2736842105263,True,False
972,12,99.0,1968,2019,12,0,60.60606060606061,False,True
973,8,99.17,1992,2019,12,0,87.78864575980639,True,False
974,12,101.9,2015,2019,1,0,119.05789990186457,True,False
975,12,102.0,2015,2019,11,0,127.45098039215686,False,True
976,12,102.47,2015,2019,9,0,165.90221528252172,False,True
977,12,105.7,2018,2019,7,0,132.4503311258278,False,True
978,12,110.0,2011,2019,9,0,131.3090909090909,True,False
979,8,120.0,2010,2019,4,0,66.66666666666667,False,True
980,8,120.33,1996,2019,4,0,82.48150918307987,True,False
981,12,129.06,1999,2019,3,0,44.21199442119944,True,False
982,12,129.52,1991,2019,8,0,38.60407659048795,False,True
983,12,135.0,2017,2019,3,0,117.64444444444445,True,False
984,12,135.0,2017,2019,3,0,85.18518518518519,False,True
985,8,145.55,2002,2019,11,0,81.63517691514943,True,False
986,8,16.0,1997,2019,4,0,301.75,True,False
987,8,17.0,1979,2019,8,0,117.6470588235294,False,True
988,8,19.5,2016,2019,7,0,205.12820512820514,False,True
989,12,20.0,2012,2019,2,0,235.3,True,False
990,8,20.8,1987,2019,2,0,81.73076923076923,False,True
991,12,21.0,2012,2019,1,0,325.7142857142857,True,False
992,12,21.0,2014,2019,5,0,238.0952380952381,False,True
993,8,21.08,2019,2019,6,0,260.91081593927896,False,True
994,12,22.5,2011,2019,2,0,200.0,False,True
995,12,23.0,2011,2019,4,0,173.91304347826087,False,True
996,8,24.6,2018,2019,8,0,162.60162601626016,False,True
997,12,25.0,2012,2019,6,0,279.68,True,False
998,8,25.0,2009,2019,6,0,279.68,True,False
999,8,25.0,2011,2019,11,0,201.16,True,False
1000,12,25.0,2012,2019,4,0,160.0,False,True
1001,12,26.0,2013,2019,5,0,228.57692307692307,True,False
1002,8,26.0,2019,2019,6,0,192.30769230769232,False,True
1003,12,26.4,2018,2019,12,0,286.32575757575756,True,False
1004,8,26.44,2018,2019,8,0,291.2254160363086,True,False
1005,12,28.0,2016,2019,5,0,237.85714285714286,True,False
1006,12,28.0,2018,2019,6,0,268.85714285714283,True,False
1007,8,28.0,2011,2019,3,0,246.0,True,False
1008,12,28.0,2015,2019,12,0,281.5,True,False
1009,12,28.0,2017,2019,1,0,304.57142857142856,True,False
1010,8,28.0,2017,2019,2,0,142.85714285714286,False,True
1011,12,29.0,2012,2019,11,0,172.41379310344828,False,True
1012,8,29.7,2019,2019,5,0,168.35016835016836,False,True
1013,12,29.9,2017,2019,12,0,245.91973244147158,True,False
1014,8,30.0,2018,2019,2,0,341.1666666666667,True,False
1015,12,30.0,2015,2019,8,0,281.8333333333333,True,False
1016,12,30.0,2017,2019,8,0,296.3666666666667,True,False
1017,12,30.0,2012,2019,7,0,217.4,True,False
1018,12,30.0,2016,2019,6,0,266.6,True,False
1019,12,30.0,2019,2019,2,0,318.6333333333333,True,False
1020,12,30.0,2018,2019,2,0,306.8666666666667,True,False
1021,12,30.0,2018,2019,2,0,200.0,False,True
1022,12,30.0,2016,2019,3,0,150.0,False,True
1023,8,32.13,2019,2019,12,0,228.85154061624647,True,False
1024,8,32.4,1979,2019,6,0,193.33333333333334,True,False
1025,8,32.68,1984,2019,6,0,214.1982864137087,False,True
1026,12,32.74,2012,2019,3,0,122.17470983506414,False,True
1027,8,33.0,2010,2019,1,0,211.87878787878788,True,False
1028,8,33.0,2019,2019,6,0,293.8787878787879,True,False
1029,12,33.0,2018,2019,1,0,236.6969696969697,True,False
1030,8,33.0,2018,2019,4,0,283.54545454545456,True,False
1031,12,33.0,2017,2019,9,0,211.12121212121212,True,False
1032,12,33.0,2015,2019,2,0,208.72727272727272,True,False
1033,12,33.0,2017,2019,5,0,323.90909090909093,True,False
1034,8,33.0,2019,2019,4,0,220.12121212121212,True,False
1035,8,33.0,2019,2019,5,0,200.96969696969697,True,False
1036,12,33.0,2011,2019,10,0,249.24242424242425,True,False
1037,12,33.0,2018,2019,12,0,237.24242424242425,True,False
1038,8,33.0,2012,2019,10,0,234.6969696969697,True,False
1039,12,33.0,2018,2019,7,0,278.45454545454544,True,False
1040,12,33.0,2012,2019,8,0,121.21212121212122,False,True
1041,8,33.0,2014,2019,12,0,121.21212121212122,False,True
1042,12,33.0,2018,2019,1,0,166.66666666666666,False,True
1043,8,33.0,2013,2019,7,0,136.36363636363637,False,True
1044,8,33.0,2012,2019,8,0,136.36363636363637,False,True
1045,12,33.0,2019,2019,2,0,151.5151515151515,False,True
1046,8,33.0,2018,2019,1,0,181.8181818181818,False,True
1047,12,33.0,2017,2019,7,0,151.5151515151515,False,True
1048,12,33.05,2018,2019,6,0,275.46142208774586,True,False
1049,8,33.33,2013,2019,3,0,205.6105610561056,True,False
1050,12,35.0,2013,2019,9,0,268.25714285714287,True,False
1051,8,35.0,1987,2019,2,0,57.142857142857146,False,True
1052,8,35.5,2019,2019,12,0,140.8450704225352,False,True
1053,12,35.6,2019,2019,4,0,288.2584269662921,True,False
1054,12,35.78,2018,2019,10,0,263.41531581889325,True,False
1055,12,36.0,2018,2019,7,0,232.72222222222223,True,False
1056,8,37.0,2019,2019,11,0,135.13513513513513,False,True
1057,12,39.0,2012,2019,2,0,197.5897435897436,True,False
1058,8,39.0,2019,2019,7,0,222.23076923076923,True,False
1059,12,39.0,2018,2019,10,0,248.94871794871796,True,False
1060,12,39.6,2018,2019,1,0,241.33838383838383,True,False
1061,12,39.6,2015,2019,9,0,126.26262626262626,False,True
1062,12,40.0,2019,2019,11,0,247.8,True,False
1063,8,40.0,2019,2019,5,0,204.0,True,False
1064,12,40.0,2017,2019,11,0,254.55,True,False
1065,8,40.0,2019,2019,6,0,389.625,True,False
1066,8,40.0,2018,2019,2,0,365.45,True,False
1067,12,40.0,2018,2019,9,0,191.675,True,False
1068,8,40.0,2013,2019,1,0,210.85,True,False
1069,8,40.0,2019,2019,7,0,233.325,True,False
1070,8,40.0,2019,2019,12,0,137.5,False,True
1071,8,42.0,2018,2019,5,0,266.4047619047619,True,False
1072,12,42.3,2014,2019,6,0,165.48463356973997,False,True
1073,12,44.3,2018,2019,1,0,211.2189616252822,True,False
1074,8,45.0,2017,2019,3,0,207.84444444444443,True,False
1075,12,45.0,2016,2019,8,0,176.35555555555555,True,False
1076,8,45.0,2019,2019,1,0,273.8,True,False
1077,12,45.0,2011,2019,2,0,144.44444444444446,False,True
1078,12,46.0,2019,2019,6,0,206.52173913043478,False,True
1079,12,46.0,2013,2019,1,0,152.17391304347825,False,True
1080,8,48.0,2019,2019,11,0,159.91666666666666,True,False
1081,12,48.0,2017,2019,3,0,223.04166666666666,True,False
1082,8,48.8,2005,2019,4,0,112.70491803278689,False,True
1083,12,49.0,2013,2019,5,0,179.42857142857142,True,False
1084,12,49.0,2019,2019,12,0,150.0612244897959,True,False
1085,12,49.0,2012,2019,8,0,132.6530612244898,False,True
1086,8,49.5,1987,2019,11,0,161.6161616161616,False,True
1087,12,50.0,2014,2019,4,0,214.72,True,False
1088,8,50.0,2018,2019,2,0,268.82,True,False
1089,12,50.0,2012,2019,7,0,185.56,True,False
1090,8,50.0,2018,2019,7,0,164.44,True,False
1091,12,50.0,2012,2019,7,0,140.0,False,True
1092,12,50.0,2019,2019,12,0,120.0,False,True
1093,12,50.0,2019,2019,12,0,140.0,False,True
1094,12,50.0,2019,2019,12,0,160.0,False,True
1095,12,51.04,1979,2019,9,0,166.5360501567398,False,True
1096,8,51.7,2019,2019,4,0,229.18762088974853,True,False
1097,12,52.08,2018,2019,9,0,215.47619047619048,True,False
1098,8,52.25,2017,2019,5,0,162.67942583732057,False,True
1099,8,54.0,2017,2019,6,0,166.66666666666666,False,True
1100,8,55.0,2011,2019,2,0,133.6909090909091,True,False
1101,12,55.0,2016,2019,1,0,214.92727272727274,True,False
1102,8,55.0,2018,2019,6,0,215.78181818181818,True,False
1103,8,55.0,2019,2019,5,0,214.4,True,False
1104,12,55.0,2012,2019,7,0,179.8,True,False
1105,8,55.0,2019,2019,10,0,127.27272727272727,False,True
1106,12,55.87,2018,2019,6,0,61.15983533202076,True,False
1107,12,56.0,2018,2019,1,0,165.42857142857142,True,False
1108,8,56.0,2018,2019,2,0,220.58928571428572,True,False
1109,12,56.0,2013,2019,11,0,110.71428571428571,False,True
1110,12,56.0,2013,2019,11,0,110.71428571428571,False,True
1111,12,56.1,1990,2019,1,0,213.90374331550802,False,True
1112,12,56.2,2011,2019,7,0,172.01067615658363,True,False
1113,8,57.64,2011,2019,5,0,112.76891047883414,False,True
1114,12,58.0,2017,2019,5,0,183.79310344827587,True,False
1115,12,58.5,2019,2019,12,0,139.76068376068375,True,False
1116,12,58.5,2019,2019,12,0,119.65811965811966,False,True
1117,12,58.89,2004,2019,7,0,111.32620139242655,True,False
1118,8,59.0,2019,2019,9,0,215.6271186440678,True,False
1119,8,59.0,1984,2019,9,0,152.54237288135593,False,True
1120,8,59.0,1984,2019,9,0,152.54237288135593,False,True
1121,12,59.4,2014,2019,1,0,134.68013468013467,False,True
1122,12,59.4,2019,2019,3,0,176.76767676767676,False,True
1123,8,59.5,2011,2019,10,0,147.2941176470588,True,False
1124,8,59.5,2015,2019,4,0,100.84033613445378,False,True
1125,8,59.68,2018,2019,9,0,117.29222520107238,False,True
1126,8,60.0,2019,2019,5,0,199.05,True,False
1127,8,60.0,2017,2019,11,0,184.8,True,False
1128,8,60.0,2013,2019,4,0,161.0,True,False
1129,12,60.0,2013,2019,7,0,116.66666666666667,False,True
1130,12,60.0,2018,2019,7,0,133.33333333333334,False,True
1131,8,60.0,2016,2019,4,0,116.66666666666667,False,True
1132,12,60.42,2018,2019,6,0,61.022840119165835,True,False
1133,8,64.83,1987,2019,2,0,30.849915162733303,False,True
1134,8,65.0,2012,2019,3,0,152.4923076923077,True,False
1135,8,65.0,2013,2019,10,0,152.96923076923076,True,False
1136,8,65.0,2016,2019,12,0,123.07692307692308,False,True
1137,12,65.49,2018,2019,9,0,152.69506794930524,False,True
1138,12,65.88,1975,2019,8,0,147.64723740133576,True,False
1139,8,66.12,1995,2019,3,0,45.37205081669691,False,True
1140,8,70.32,1988,2019,5,0,117.51990898748579,True,False
1141,8,71.96,1989,2019,3,0,102.26514730405782,True,False
1142,12,74.25,1993,2019,5,0,77.57575757575758,True,False
1143,12,75.97,1978,2019,1,0,146.5315256022114,True,False
1144,8,76.0,2018,2019,1,0,233.1184210526316,True,False
1145,12,77.13,2017,2019,3,0,103.72099053545962,False,True
1146,12,77.13,2017,2019,3,0,103.72099053545962,False,True
1147,8,77.29,1976,2019,5,0,136.58946823651183,True,False
1148,12,77.49,1983,2019,2,0,46.83184927087366,True,False
1149,12,79.3,2016,2019,1,0,126.10340479192939,False,True
1150,8,80.1,1984,2019,2,0,99.87515605493134,False,True
1151,8,82.64,1975,2019,5,0,52.625847047434654,True,False
1152,12,84.31,2004,2019,12,0,83.02692444549875,False,True
1153,12,85.0,2018,2019,12,0,141.1764705882353,False,True
1154,8,87.77,1998,2019,10,0,62.25361740913752,True,False
1155,12,95.0,2016,2019,1,0,147.3684210526316,False,True
1156,12,95.81,1992,2019,1,0,69.51257697526354,True,False
1157,8,100.53,2018,2019,4,0,112.04615537650453,True,False
1158,12,101.46,2015,2019,3,0,108.41711019120837,False,True
1159,8,101.52,2015,2019,2,0,151.23128447596534,True,False
1160,12,107.0,2019,2019,6,0,135.07476635514018,True,False
1161,8,110.08,2018,2019,6,0,107.12209302325581,True,False
1162,12,112.0,2018,2019,3,0,141.80357142857142,True,False
1163,8,120.12,2019,2019,10,0,83.25008325008325,False,True
1164,12,121.0,2017,2019,9,0,133.1487603305785,True,False
1165,8,133.32,2019,2019,4,0,144.4944494449445,True,False
1166,12,135.3,2014,2019,1,0,81.30081300813008,False,True
1167,8,26.27,2010,2019,9,0,265.2074609821089,True,False
1168,12,28.0,2011,2019,1,0,142.85714285714286,False,True
1169,25,35.98,1984,2019,12,0,354.7804335742079,True,False
1170,8,37.56,1992,2019,8,0,95.6070287539936,True,False
1171,8,46.77,2010,2019,10,0,155.31323497968782,True,False
1172,8,49.03,1986,2019,7,0,118.96797878849684,True,False
1173,12,50.0,2009,2019,9,0,130.0,False,True
1174,12,64.53,1997,2019,3,0,106.64807066480707,True,False
1175,8,78.28,1994,2019,6,0,92.79509453244762,True,False
1176,8,78.28,1994,2019,7,0,107.86918753193663,True,False
1177,8,85.8,1992,2019,6,0,87.73892773892774,True,False
1178,12,86.96,2000,2019,3,0,80.49678012879485,False,True
1179,8,87.14,1990,2019,2,0,65.48083543722746,True,False
1180,8,105.36,1993,2019,5,0,45.82384206529992,True,False
1181,12,143.22,1989,2019,6,0,37.67630219243122,True,False
1182,8,14.85,2014,2019,1,0,439.5959595959596,True,False
1183,12,15.0,2014,2019,6,0,503.0,True,False
1184,12,15.0,2011,2019,1,0,591.8,True,False
1185,12,16.0,2018,2019,2,0,408.0625,True,False
1186,12,16.0,2015,2019,2,0,545.9375,True,False
1187,12,19.82,2011,2019,1,0,425.0756811301715,True,False
1188,8,19.83,2008,2019,3,0,347.35249621785175,True,False
1189,12,19.83,2015,2019,4,0,403.32829046898644,True,False
1190,8,20.0,1988,2019,7,0,358.35,True,False
1191,12,20.0,2018,2019,2,0,436.75,True,False
1192,12,21.84,2016,2019,4,0,289.0567765567766,True,False
1193,12,22.0,2015,2019,2,0,387.95454545454544,True,False
1194,8,22.0,2014,2019,7,0,348.5,True,False
1195,12,22.08,2016,2019,11,0,463.5416666666667,True,False
1196,8,23.0,2018,2019,12,0,452.69565217391306,True,False
1197,12,23.6,2013,2019,2,0,320.2966101694915,True,False
1198,12,24.0,2007,2019,2,0,278.1666666666667,True,False
1199,12,24.3,2017,2019,10,0,138.68312757201645,True,False
1200,12,24.5,2019,2019,1,0,436.2857142857143,True,False
1201,12,24.5,2016,2019,2,0,357.7551020408163,True,False
1202,12,25.0,2011,2019,2,0,340.0,True,False
1203,12,26.0,2019,2019,2,0,393.65384615384613,True,False
1204,12,26.0,2002,2019,11,0,184.84615384615384,True,False
1205,8,26.0,2001,2019,2,0,115.38461538461539,False,True
1206,8,26.4,2001,2019,2,0,189.62121212121212,True,False
1207,12,26.44,2001,2019,12,0,280.3328290468986,True,False
1208,8,26.48,2008,2019,1,0,113.29305135951661,False,True
1209,8,27.0,2016,2019,8,0,303.7037037037037,True,False
1210,8,27.0,2001,2019,2,0,218.96296296296296,True,False
1211,12,27.0,2014,2019,4,0,286.85185185185185,True,False
1212,12,27.0,2012,2019,2,0,315.8888888888889,True,False
1213,12,27.94,1994,2019,4,0,125.26843235504653,False,True
1214,8,28.0,2017,2019,2,0,329.82142857142856,True,False
1215,8,29.75,2018,2019,12,0,304.5042016806723,True,False
1216,8,29.75,2001,2019,10,0,177.51260504201682,True,False
1217,8,29.75,2018,2019,12,0,328.2352941176471,True,False
1218,8,29.75,2016,2019,1,0,298.38655462184875,True,False
1219,12,30.0,2001,2019,3,0,184.3,True,False
1220,8,30.0,2014,2019,8,0,219.7,True,False
1221,12,30.0,2001,2019,3,0,199.4,True,False
1222,8,30.0,2018,2019,2,0,409.8,True,False
1223,12,30.0,2001,2019,2,0,212.73333333333332,True,False
1224,12,30.0,2008,2019,2,0,268.6333333333333,True,False
1225,8,30.0,2017,2019,2,0,330.4,True,False
1226,12,30.0,2015,2019,2,0,246.06666666666666,True,False
1227,8,30.0,2001,2019,2,0,100.0,False,True
1228,12,30.0,2011,2019,2,0,150.0,False,True
1229,12,30.0,2016,2019,12,0,150.0,False,True
1230,12,33.0,2004,2019,3,0,279.8484848484849,True,False
1231,25,33.0,2017,2019,5,0,193.8181818181818,True,False
1232,12,33.0,2012,2019,2,0,223.0,True,False
1233,8,33.0,2011,2019,2,0,265.6060606060606,True,False
1234,12,33.0,2001,2019,1,0,215.54545454545453,True,False
1235,12,33.0,2006,2019,6,0,245.84848484848484,True,False
1236,12,33.0,2015,2019,2,0,244.3939393939394,True,False
1237,8,33.0,2008,2019,8,0,177.96969696969697,True,False
1238,8,33.0,2008,2019,8,0,177.96969696969697,True,False
1239,12,33.0,2019,2019,2,0,366.3030303030303,True,False
1240,12,33.0,2013,2019,12,0,244.21212121212122,True,False
1241,12,33.0,2018,2019,6,0,289.6060606060606,True,False
1242,12,33.0,2015,2019,2,0,151.5151515151515,False,True
1243,12,33.0,2013,2019,11,0,121.21212121212122,False,True
1244,8,33.05,2016,2019,12,0,295.46142208774586,True,False
1245,12,33.06,1990,2019,2,0,151.42165759225648,True,False
1246,8,33.4,2019,2019,1,0,183.5928143712575,True,False
1247,12,35.0,2001,2019,1,0,199.45714285714286,True,False
1248,0,35.0,2018,2019,5,0,157.14285714285714,False,True
1249,12,35.0,2018,2019,2,0,171.42857142857142,False,True
1250,12,35.0,2018,2019,2,0,171.42857142857142,False,True
1251,12,36.0,2014,2019,3,0,256.52777777777777,True,False
1252,8,36.0,2019,2019,1,0,166.66666666666666,False,True
1253,8,39.0,2011,2019,2,0,206.64102564102564,True,False
1254,8,39.0,2019,2019,1,0,153.84615384615384,False,True
1255,12,40.0,2013,2019,11,0,133.825,True,False
1256,12,42.0,2019,2019,2,0,308.8333333333333,True,False
1257,0,42.0,2018,2019,1,0,130.95238095238096,False,True
1258,8,43.0,2014,2019,10,0,202.72093023255815,True,False
1259,12,43.0,2011,2019,3,0,198.34883720930233,True,False
1260,12,45.0,2006,2019,7,0,240.0,True,False
1261,12,45.0,1998,2019,12,0,122.86666666666666,True,False
1262,12,45.0,2013,2019,3,0,283.6666666666667,True,False
1263,8,45.0,2017,2019,7,0,241.9777777777778,True,False
1264,0,45.0,2018,2019,2,0,133.33333333333334,False,True
1265,12,46.0,2006,2019,10,0,183.15217391304347,True,False
1266,12,46.0,2011,2019,3,0,185.41304347826087,True,False
1267,25,46.62,2018,2019,5,0,82.45388245388246,True,False
1268,8,48.0,2003,2019,8,0,170.83333333333334,True,False
1269,12,49.0,2004,2019,6,0,182.14285714285714,True,False
1270,12,49.0,2004,2019,1,0,147.10204081632654,True,False
1271,8,49.4,2019,2019,12,0,95.8502024291498,True,False
1272,8,49.4,2019,2019,4,0,121.45748987854252,False,True
1273,12,49.58,2019,2019,1,0,227.18838241226302,True,False
1274,12,50.0,2006,2019,1,0,197.92,True,False
1275,12,50.0,1993,2019,10,0,133.2,True,False
1276,12,50.0,2007,2019,8,0,147.28,True,False
1277,12,50.0,2016,2019,5,0,177.54,True,False
1278,25,50.0,2017,2019,8,0,183.64,True,False
1279,8,50.0,2019,2019,1,0,182.64,True,False
1280,0,50.0,2018,2019,1,0,110.0,False,True
1281,12,50.0,2015,2019,3,0,150.0,False,True
1282,12,50.0,2015,2019,5,0,160.0,False,True
1283,12,50.61,2017,2019,5,0,58.44694724362774,True,False
1284,12,51.0,2007,2019,1,0,147.6078431372549,True,False
1285,12,51.45,2019,2019,7,0,231.07871720116617,True,False
1286,12,51.45,2019,2019,8,0,194.3634596695821,False,True
1287,12,52.8,2011,2019,6,0,228.35227272727275,True,False
1288,12,52.89,1995,2019,4,0,125.9217243335224,True,False
1289,8,53.0,1996,2019,2,0,122.64150943396227,False,True
1290,8,54.0,1994,2019,8,0,130.46296296296296,True,False
1291,8,55.0,2000,2019,8,0,147.92727272727274,True,False
1292,12,55.0,2019,2019,8,0,227.27272727272728,True,False
1293,12,55.0,2011,2019,8,0,109.0909090909091,False,True
1294,8,55.0,1996,2019,5,0,72.72727272727273,False,True
1295,12,55.0,2019,2019,3,0,181.8181818181818,False,True
1296,8,56.0,1992,2019,10,0,130.21428571428572,True,False
1297,8,56.0,2005,2019,10,0,107.14285714285714,False,True
1298,8,56.1,2017,2019,3,0,235.91800356506238,True,False
1299,12,57.12,2018,2019,12,0,96.00840336134455,True,False
1300,12,57.12,2018,2019,12,0,96.00840336134455,True,False
1301,25,57.57,2017,2019,6,0,156.3314226159458,False,True
1302,8,59.0,2014,2019,10,0,131.72881355932202,True,False
1303,8,59.0,2014,2019,2,0,158.52542372881356,True,False
1304,8,59.0,2014,2019,4,0,199.864406779661,True,False
1305,8,59.0,2019,2019,1,0,127.11864406779661,False,True
1306,8,59.49,1998,2019,8,0,126.82803832576903,True,False
1307,12,59.5,2006,2019,2,0,147.3109243697479,True,False
1308,12,59.69,2016,2019,9,0,150.77902496230524,False,True
1309,12,60.0,1997,2019,6,0,204.4,True,False
1310,12,60.0,1995,2019,10,0,110.53333333333333,True,False
1311,12,60.0,2011,2019,10,0,116.66666666666667,False,True
1312,12,60.0,2019,2019,2,0,150.0,False,True
1313,0,60.0,2018,2019,4,0,116.66666666666667,False,True
1314,8,62.0,1996,2019,10,0,141.80645161290323,True,False
1315,25,62.4,2017,2019,12,0,144.23076923076923,False,True
1316,8,63.42,2018,2019,2,0,191.98990854619993,True,False
1317,12,63.56,1985,2019,9,0,110.13215859030836,False,True
1318,12,63.56,1985,2019,8,0,110.13215859030836,False,True
1319,8,63.7,1997,2019,9,0,97.67660910518053,True,False
1320,8,64.04,1986,2019,5,0,124.92192379762648,False,True
1321,8,64.35,1985,2019,12,0,119.75135975135976,True,False
1322,12,64.89,1987,2019,1,0,127.35398366466328,True,False
1323,12,64.89,1987,2019,1,0,127.35398366466328,True,False
1324,12,65.0,2008,2019,10,0,123.07692307692308,False,True
1325,12,65.0,2008,2019,10,0,123.07692307692308,False,True
1326,12,65.76,1986,2019,7,0,106.44768856447688,True,False
1327,12,65.76,1986,2019,7,0,106.44768856447688,True,False
1328,12,65.76,1986,2019,10,0,76.03406326034063,False,True
1329,8,66.0,1981,2019,9,0,37.878787878787875,False,True
1330,12,66.12,1988,2019,7,0,131.07985480943736,True,False
1331,12,66.12,2017,2019,5,0,136.11615245009074,False,True
1332,12,66.15,1986,2019,12,0,157.39984882842023,True,False
1333,8,66.6,1988,2019,7,0,91.75675675675676,True,False
1334,25,68.0,1997,2019,2,0,110.72058823529412,True,False
1335,8,68.0,1981,2019,10,0,147.05882352941177,False,True
1336,8,68.94,1988,2019,10,0,94.69103568320278,True,False
1337,8,71.0,1997,2019,2,0,91.54929577464789,False,True
1338,12,71.07,1995,2019,6,0,114.81637821865768,True,False
1339,12,72.0,2018,2019,1,0,111.11111111111111,False,True
1340,8,72.27,1985,2019,12,0,41.511000415110004,False,True
1341,12,74.75,2016,2019,12,0,88.25418060200668,True,False
1342,12,75.96,2019,2019,7,0,131.64823591363876,False,True
1343,8,77.34,1988,2019,1,0,120.14481510214637,True,False
1344,25,77.37,1995,2019,3,0,129.24906294429366,False,True
1345,12,78.31,1994,2019,6,0,89.3883284382582,False,True
1346,8,80.0,2017,2019,12,0,94.1125,True,False
1347,8,80.0,1991,2019,1,0,162.5,False,True
1348,8,80.04,2004,2019,4,0,99.95002498750624,False,True
1349,12,83.37,1997,2019,3,0,71.96833393306945,False,True
1350,12,83.66,2019,2019,11,0,143.43772412144395,False,True
1351,8,84.0,2019,2019,3,0,185.92857142857142,True,False
1352,12,84.0,2017,2019,11,0,142.85714285714286,False,True
1353,12,85.0,1997,2019,11,0,150.1764705882353,True,False
1354,12,85.0,1997,2019,2,0,155.7058823529412,True,False
1355,12,85.64,2018,2019,1,0,175.15179822512843,False,True
1356,8,85.93,2000,2019,11,0,104.73641335971138,False,True
1357,12,86.26,2019,2019,11,0,139.11430558775794,False,True
1358,8,87.87,1995,2019,6,0,56.90224194833276,False,True
1359,12,89.3,1991,2019,7,0,110.73908174692049,True,False
1360,12,89.51,1996,2019,5,0,122.8912970617808,False,True
1361,12,90.0,2000,2019,9,0,127.15555555555555,True,False
1362,12,90.0,2000,2019,12,0,138.5,True,False
1363,8,91.86,1986,2019,6,0,128.3692575658611,True,False
1364,12,91.97,1987,2019,3,0,94.97662281178646,True,False
1365,12,92.78,1991,2019,5,0,70.05820219874973,False,True
1366,8,92.8,2010,2019,5,0,156.55172413793105,True,False
1367,12,93.33,1996,2019,6,0,107.14668381013608,False,True
1368,8,93.88,2017,2019,7,0,145.57946314443973,True,False
1369,12,94.89,1994,2019,11,0,84.30814627463378,False,True
1370,8,102.12,1998,2019,8,0,138.8758323540932,True,False
1371,12,106.0,2012,2019,9,0,107.44339622641509,True,False
1372,8,108.36,1995,2019,1,0,74.19712070874861,True,False
1373,12,114.38,2011,2019,7,0,104.91344640671447,False,True
1374,8,115.19,2014,2019,7,0,115.74789478253321,True,False
1375,12,117.54,1995,2019,6,0,25.523226135783563,False,True
1376,12,145.0,2006,2019,7,0,62.06896551724138,False,True
1377,8,196.5,1994,2019,9,0,43.541984732824424,True,False
1378,8,219.7,2003,2019,9,0,29.585798816568047,False,True
1379,8,10.8,1984,2019,5,0,462.96296296296293,False,True
1380,25,15.0,1980,2019,4,0,326.4,True,False
1381,8,30.0,2003,2019,10,0,214.66666666666666,True,False
1382,8,33.0,2017,2019,1,0,283.54545454545456,True,False
1383,8,36.0,2017,2019,2,0,252.44444444444446,True,False
1384,8,36.0,2018,2019,6,0,278.02777777777777,True,False
1385,8,39.6,2019,2019,11,0,88.38383838383838,False,True
1386,8,39.6,2019,2019,9,0,126.26262626262626,False,True
1387,8,40.0,2018,2019,6,0,192.7,True,False
1388,25,40.0,1993,2019,5,0,131.6,True,False
1389,8,45.0,2017,2019,1,0,205.7111111111111,True,False
1390,8,46.25,1992,2019,4,0,128.86486486486487,True,False
1391,12,48.96,1988,2019,5,0,76.87908496732027,True,False
1392,8,50.52,1996,2019,12,0,59.38242280285035,False,True
1393,8,55.7,2011,2019,9,0,128.67145421903052,True,False
1394,8,58.0,2019,2019,8,0,172.41379310344828,False,True
1395,8,60.27,1998,2019,3,0,68.90658702505392,True,False
1396,12,60.86,1979,2019,8,0,52.2839303319093,True,False
1397,12,62.0,1992,2019,4,0,40.32258064516129,False,True
1398,8,67.07,1993,2019,3,0,52.184285075294476,False,True
1399,8,67.56,1985,2019,8,0,94.19775014801658,True,False
1400,8,70.52,2019,2019,8,0,155.9841179807147,False,True
1401,8,83.45,2019,2019,11,0,83.88256440982624,False,True
1402,8,83.45,2019,2019,10,0,107.84901138406231,False,True
1403,8,86.31,1991,2019,6,0,42.82238442822384,True,False
1404,8,95.2,2018,2019,7,0,105.04201680672269,False,True
1405,0,99.72,2018,2019,1,0,120.33694344163658,False,True
1406,8,104.0,2017,2019,10,0,105.76923076923077,False,True
1407,8,109.08,2018,2019,12,0,141.55665566556655,True,False
1408,12,114.35,2004,2019,12,0,96.9654569304766,True,False
1409,8,120.0,2018,2019,3,0,127.94166666666666,True,False
1410,8,124.98,1997,2019,11,0,41.654664746359416,True,False
1411,8,193.4,2017,2019,3,0,58.092037228541884,True,False
1412,8,26.45,2003,2019,12,0,221.28544423440454,True,False
1413,8,33.1,2006,2019,12,0,205.07552870090635,True,False
1414,8,16.5,2000,2019,2,0,169.6969696969697,False,True
1415,8,16.52,2000,2019,2,0,368.1598062953995,True,False
1416,8,19.23,2008,2019,3,0,291.8356734269371,True,False
1417,8,20.0,2000,2019,4,0,231.4,True,False
1418,12,21.0,2011,2019,2,0,406.14285714285717,True,False
1419,8,23.14,1991,2019,5,0,64.82281763180639,False,True
1420,8,23.54,2010,2019,3,0,363.59388275276126,True,False
1421,12,26.33,2017,2019,12,0,344.05620964679076,True,False
1422,8,26.4,2019,2019,2,0,278.5227272727273,True,False
1423,8,26.4,2019,2019,2,0,271.8181818181818,True,False
1424,12,26.44,2017,2019,11,0,291.45234493192135,True,False
1425,8,27.1,1997,2019,12,0,352.73062730627305,True,False
1426,8,30.0,2018,2019,2,0,284.5,True,False
1427,8,30.0,2012,2019,2,0,189.2,True,False
1428,8,30.0,2000,2019,2,0,152.16666666666666,True,False
1429,8,30.0,2010,2019,6,0,236.4,True,False
1430,8,30.0,2010,2019,1,0,228.86666666666667,True,False
1431,12,33.0,2017,2019,10,0,285.6060606060606,True,False
1432,8,33.0,2000,2019,12,0,165.5151515151515,True,False
1433,8,33.0,2019,2019,2,0,274.5151515151515,True,False
1434,0,33.0,2019,2019,10,0,266.42424242424244,True,False
1435,12,33.0,2017,2019,10,0,151.5151515151515,False,True
1436,0,35.28,2019,2019,11,0,170.06802721088434,False,True
1437,8,39.66,1997,2019,9,0,114.57387796268281,True,False
1438,0,40.0,2019,2019,12,0,175.725,True,False
1439,0,40.0,2019,2019,11,0,150.0,False,True
1440,8,42.97,2002,2019,2,0,89.66720968117292,True,False
1441,8,45.0,2010,2019,3,0,201.3111111111111,True,False
1442,8,47.0,2017,2019,8,0,206.95744680851064,True,False
1443,8,49.59,2016,2019,2,0,152.42992538818308,True,False
1444,12,50.0,2011,2019,10,0,192.08,True,False
1445,0,51.26,2019,2019,10,0,183.3008193523215,True,False
1446,8,56.0,2017,2019,8,0,197.23214285714286,True,False
1447,12,58.91,2018,2019,4,0,70.14089288745545,True,False
1448,12,58.91,2018,2019,4,0,70.14089288745545,True,False
1449,12,58.91,2018,2019,4,0,70.14089288745545,True,False
1450,12,58.91,2018,2019,4,0,70.14089288745545,True,False
1451,12,59.4,2008,2019,1,0,207.42424242424244,True,False
1452,8,59.5,2016,2019,5,0,136.67226890756302,True,False
1453,0,59.52,2019,2019,11,0,142.80913978494624,False,True
1454,8,59.87,2019,2019,11,0,141.97427760146985,False,True
1455,0,59.87,2019,2019,10,0,141.97427760146985,False,True
1456,0,60.0,2019,2019,10,0,150.0,False,True
1457,8,60.0,2017,2019,12,0,125.0,False,True
1458,8,62.32,1988,2019,8,0,121.06867779204107,True,False
1459,8,63.52,1988,2019,3,0,117.97858942065491,True,False
1460,8,63.63,1988,2019,8,0,111.44114411441144,True,False
1461,8,68.72,1990,2019,7,0,105.09313154831199,True,False
1462,8,71.44,1987,2019,12,0,97.98432250839866,False,True
1463,8,75.7,1986,2019,4,0,85.86525759577279,False,True
1464,8,76.19,1991,2019,1,0,78.7504921905762,False,True
1465,8,78.94,2006,2019,9,0,88.67494299467951,False,True
1466,8,81.9,1991,2019,10,0,107.35042735042734,True,False
1467,8,82.64,1988,2019,3,0,91.46902226524685,True,False
1468,8,85.0,1987,2019,5,0,129.41176470588235,False,True
1469,8,86.0,1985,2019,11,0,115.25581395348837,True,False
1470,8,87.75,2008,2019,4,0,85.78917378917379,True,False
1471,8,92.56,1989,2019,1,0,133.11365600691443,True,False
1472,8,95.0,2019,2019,2,0,172.13684210526316,True,False
1473,8,102.06,1987,2019,5,0,95.94356261022928,True,False
1474,12,117.09,2017,2019,6,0,131.4885985139636,True,False
1475,12,117.09,2017,2019,6,0,102.48526774276198,False,True
1476,12,135.54,1987,2019,4,0,40.78500811568541,True,False
1477,8,170.9,1989,2019,9,0,45.83382094792276,True,False
1478,8,10.4,2003,2019,2,0,390.28846153846155,True,False
1479,8,13.2,2009,2019,12,0,542.3484848484849,True,False
1480,12,13.22,2001,2019,7,0,259.6822995461422,True,False
1481,8,15.0,2017,2019,2,0,66.66666666666667,False,True
1482,8,16.2,1975,2019,10,0,298.0246913580247,True,False
1483,8,18.0,1987,2019,8,0,270.22222222222223,True,False
1484,12,18.0,2001,2019,8,0,270.22222222222223,True,False
1485,8,25.5,2017,2019,10,0,176.47058823529412,False,True
1486,8,26.0,2005,2019,12,0,228.5,True,False
1487,8,26.2,2003,2019,11,0,114.50381679389314,False,True
1488,8,28.4,1980,2019,1,0,471.69014084507046,True,False
1489,12,30.0,2002,2019,6,0,154.26666666666668,True,False
1490,8,30.0,2009,2019,2,0,257.6333333333333,True,False
1491,8,30.0,2013,2019,11,0,304.7,True,False
1492,8,30.0,2006,2019,8,0,228.16666666666666,True,False
1493,8,30.0,2012,2019,12,0,268.8333333333333,True,False
1494,12,30.0,2013,2019,10,0,133.33333333333334,False,True
1495,12,30.0,2013,2019,10,0,133.33333333333334,False,True
1496,8,33.0,2002,2019,4,0,179.9090909090909,True,False
1497,8,33.0,2002,2019,2,0,181.27272727272728,True,False
1498,12,33.0,2014,2019,5,0,236.12121212121212,True,False
1499,8,33.0,2016,2019,2,0,336.0,True,False
1500,8,33.0,2014,2019,3,0,265.6060606060606,True,False
1501,12,33.0,1987,2019,3,0,638.1515151515151,True,False
1502,12,33.0,2015,2019,3,0,250.27272727272728,True,False
1503,8,33.0,2016,2019,4,0,310.1818181818182,True,False
1504,12,33.0,2018,2019,4,0,339.06060606060606,True,False
1505,8,33.0,2017,2019,1,0,151.5151515151515,False,True
1506,8,33.0,2017,2019,12,0,151.5151515151515,False,True
1507,12,33.0,2011,2019,8,0,121.21212121212122,False,True
1508,12,33.05,2013,2019,11,0,228.71406959152802,True,False
1509,8,33.05,2016,2019,9,0,285.74886535552196,True,False
1510,12,33.21,2012,2019,11,0,201.92713038241493,True,False
1511,8,35.0,2008,2019,7,0,149.2,True,False
1512,12,36.0,2014,2019,12,0,251.63888888888889,True,False
1513,8,36.0,2003,2019,8,0,132.33333333333334,True,False
1514,12,36.0,2014,2019,3,0,251.63888888888889,True,False
1515,12,36.18,2008,2019,8,0,194.7208402432283,True,False
1516,8,39.0,2016,2019,2,0,198.33333333333334,True,False
1517,12,39.0,2012,2019,7,0,178.64102564102564,True,False
1518,8,39.0,2016,2019,1,0,257.87179487179486,True,False
1519,8,39.6,2015,2019,8,0,196.96969696969697,True,False
1520,8,40.0,2017,2019,9,0,247.225,True,False
1521,8,40.0,2012,2019,2,0,185.3,True,False
1522,8,40.0,2012,2019,12,0,213.975,True,False
1523,8,41.26,2005,2019,12,0,96.94619486185168,False,True
1524,8,41.26,2005,2019,12,0,96.94619486185168,False,True
1525,8,43.0,2003,2019,7,0,69.76744186046511,False,True
1526,12,44.55,2006,2019,4,0,143.56902356902359,True,False
1527,8,45.0,2009,2019,7,0,218.51111111111112,True,False
1528,8,46.71,1988,2019,5,0,149.6895739670306,True,False
1529,12,46.99,1987,2019,8,0,177.99531815279846,True,False
1530,12,47.98,2015,2019,12,0,202.29262192580242,True,False
1531,12,50.0,2008,2019,5,0,150.56,True,False
1532,8,50.0,2012,2019,4,0,172.64,True,False
1533,8,50.0,2016,2019,5,0,230.56,True,False
1534,12,52.8,2017,2019,8,0,151.51515151515153,False,True
1535,30,52.9,2008,2019,7,0,94.5179584120983,False,True
1536,8,53.02,1973,2019,5,0,150.88645794039985,False,True
1537,12,55.5,1993,2019,3,0,142.018018018018,True,False
1538,8,56.5,2017,2019,8,0,146.42477876106196,True,False
1539,8,57.0,1994,2019,3,0,35.08771929824562,False,True
1540,8,57.0,2008,2019,4,0,140.35087719298247,False,True
1541,8,57.0,2008,2019,4,0,87.71929824561404,False,True
1542,8,58.0,2012,2019,3,0,129.31034482758622,True,False
1543,12,59.46,1989,2019,6,0,138.9841910528086,True,False
1544,8,59.5,2012,2019,5,0,183.61344537815125,True,False
1545,8,59.5,2006,2019,2,0,150.2689075630252,True,False
1546,8,59.5,2012,2019,1,0,160.1344537815126,True,False
1547,8,66.0,2017,2019,2,0,244.21212121212122,True,False
1548,12,66.0,2007,2019,5,0,110.06060606060606,True,False
1549,12,66.0,1975,2019,4,0,129.21212121212122,True,False
1550,12,66.0,1991,2019,10,0,114.06060606060606,True,False
1551,8,66.0,2017,2019,1,0,136.36363636363637,False,True
1552,12,66.0,2007,2019,8,0,83.33333333333333,False,True
1553,8,66.0,2018,2019,9,0,136.36363636363637,False,True
1554,8,66.47,1996,2019,6,0,54.15977132540996,False,True
1555,8,67.05,2003,2019,8,0,59.65697240865026,False,True
1556,8,67.27,2004,2019,11,0,66.89460383529062,False,True
1557,12,72.0,2018,2019,4,0,166.66666666666666,False,True
1558,8,76.74,2005,2019,2,0,150.23455824863174,True,False
1559,8,76.74,2005,2019,2,0,104.24811050299714,False,True
1560,12,81.51,1975,2019,11,0,90.56557477610109,True,False
1561,8,81.72,1987,2019,7,0,87.01664219285365,True,False
1562,8,84.0,1993,2019,12,0,107.8452380952381,True,False
1563,12,84.25,2002,2019,7,0,113.42433234421365,True,False
1564,8,85.0,2008,2019,10,0,184.23529411764707,True,False
1565,12,99.17,2019,2019,4,0,110.92064132298074,False,True
1566,12,100.84,2019,2019,5,0,132.10035700119,True,False
1567,8,105.0,2005,2019,7,0,38.095238095238095,False,True
1568,8,105.0,2018,2019,1,0,142.85714285714286,False,True
1569,8,115.01,2005,2019,8,0,95.64385705590817,False,True
1570,8,53.0,1940,2019,1,0,59.094339622641506,True,False
1571,8,69.42,1955,2019,7,0,64.01613367905503,True,False
1572,8,23.1,1980,2019,11,0,267.6190476190476,True,False
1573,8,28.0,2011,2019,6,0,237.85714285714286,True,False
1574,12,35.0,2012,2019,10,0,181.65714285714284,True,False
1575,25,39.0,2014,2019,1,0,150.2051282051282,True,False
1576,12,48.52,2005,2019,1,0,61.830173124484745,False,True
1577,8,50.0,2011,2019,6,0,173.2,True,False
1578,25,50.0,2014,2019,1,0,99.06,True,False
1579,25,60.0,2014,2019,5,0,162.58333333333334,True,False
1580,8,76.38,1954,2019,1,0,68.08064938465567,False,True
1581,12,79.2,1985,2019,9,0,76.46464646464646,True,False
1582,25,99.0,2014,2019,2,0,222.22222222222223,True,False
1583,8,99.0,1980,2019,7,0,121.21212121212122,False,True
1584,12,132.0,1977,2019,1,0,83.6969696969697,True,False
1585,8,198.34,2007,2019,12,0,31.587173540385198,True,False
1586,25,20.0,2016,2019,7,0,459.45,True,False
1587,12,22.0,2016,2019,10,0,198.0909090909091,True,False
1588,12,26.45,2019,2019,3,0,189.0359168241966,False,True
1589,12,26.45,2019,2019,3,0,189.0359168241966,False,True
1590,12,26.45,2019,2019,2,0,189.0359168241966,False,True
1591,12,26.45,2019,2019,1,0,189.0359168241966,False,True
1592,12,28.0,2017,2019,12,0,304.82142857142856,True,False
1593,12,29.14,2017,2019,11,0,270.487302676733,True,False
1594,12,33.0,2014,2019,6,0,151.5151515151515,False,True
1595,12,33.06,2014,2019,1,0,211.4942528735632,True,False
1596,12,33.33,2019,2019,1,0,180.01800180018003,False,True
1597,25,35.0,2019,2019,8,0,325.9714285714286,True,False
1598,12,36.3,2014,2019,4,0,137.74104683195594,False,True
1599,12,39.6,2017,2019,2,0,203.66161616161617,True,False
1600,12,39.6,2019,2019,5,0,253.96464646464645,True,False
1601,12,39.6,2019,2019,2,0,280.0,True,False
1602,25,42.0,2018,2019,10,0,243.71428571428572,True,False
1603,25,45.0,2019,2019,8,0,277.77777777777777,True,False
1604,25,45.0,2018,2019,6,0,195.37777777777777,True,False
1605,12,52.8,2017,2019,2,0,151.51515151515153,False,True
1606,25,55.0,2016,2019,11,0,172.72727272727272,False,True
1607,12,55.0,2014,2019,6,0,90.9090909090909,False,True
1608,12,55.0,2014,2019,6,0,90.9090909090909,False,True
1609,25,59.4,2016,2019,7,0,144.04040404040404,True,False
1610,8,94.05,1998,2019,7,0,68.51674641148325,True,False
1611,25,137.55,2018,2019,11,0,58.160668847691745,False,True
1612,8,73.1,1940,2019,3,0,116.67578659370726,True,False
1613,8,99.69,2011,2019,11,0,200.62192797672787,False,True
1614,8,20.0,2002,2019,2,0,226.45,True,False
1615,8,25.0,2016,2019,2,0,330.6,True,False
1616,8,28.0,2017,2019,2,0,355.0357142857143,True,False
1617,12,30.0,2005,2019,3,0,244.13333333333333,True,False
1618,12,33.0,2004,2019,4,0,214.9090909090909,True,False
1619,8,33.0,2002,2019,2,0,172.9090909090909,True,False
1620,8,33.0,2017,2019,11,0,259.3636363636364,True,False
1621,8,33.0,2017,2019,11,0,213.9090909090909,True,False
1622,8,33.0,2012,2019,12,0,301.24242424242425,True,False
1623,8,33.05,2002,2019,7,0,137.85173978819972,True,False
1624,8,36.36,2003,2019,1,0,123.76237623762377,False,True
1625,8,62.97,1980,2019,2,0,120.04128950293791,True,False
1626,8,66.0,1990,2019,9,0,109.42424242424242,True,False
1627,8,80.43,2012,2019,10,0,143.3296033818227,True,False
1628,12,33.0,2015,2019,12,0,283.42424242424244,True,False
1629,8,53.0,2017,2019,12,0,135.39622641509433,True,False
1630,12,56.1,2015,2019,2,0,142.602495543672,False,True
1631,8,66.0,2012,2019,2,0,168.0,True,False
1632,12,79.0,1995,2019,6,0,50.63291139240506,False,True
1633,8,89.2,1996,2019,8,0,71.34529147982063,True,False
1634,12,157.0,2015,2019,7,0,92.71337579617834,True,False
1635,8,99.17,1978,2019,8,0,69.0228899868912,True,False
1636,8,66.77,1973,2019,2,0,29.953571963456643,False,True
1637,8,91.26,2016,2019,6,0,131.49243918474687,False,True
1638,12,162.0,2018,2019,7,0,61.72839506172839,False,True
1639,12,23.0,2017,2019,2,0,328.6521739130435,True,False
1640,25,23.86,2018,2019,2,0,464.7108130762783,True,False
1641,25,24.0,2015,2019,12,0,291.6666666666667,True,False
1642,12,24.0,2012,2019,11,0,187.5,False,True
1643,25,25.0,2016,2019,11,0,294.36,True,False
1644,12,25.0,2016,2019,5,0,235.84,True,False
1645,12,25.0,2018,2019,1,0,268.32,True,False
1646,12,25.0,2018,2019,1,0,338.88,True,False
1647,25,25.3,2019,2019,2,0,385.9683794466403,True,False
1648,25,26.0,2016,2019,7,0,196.57692307692307,True,False
1649,25,26.4,2016,2019,9,0,271.47727272727275,True,False
1650,25,26.4,2011,2019,1,0,189.3939393939394,False,True
1651,12,27.0,2018,2019,1,0,304.0,True,False
1652,12,27.0,2016,2019,7,0,275.7037037037037,True,False
1653,12,27.0,2016,2019,2,0,185.1851851851852,False,True
1654,25,28.0,2016,2019,11,0,271.0,True,False
1655,12,28.0,2019,2019,12,0,295.17857142857144,True,False
1656,12,29.7,2016,2019,12,0,278.2828282828283,True,False
1657,12,30.0,2019,2019,7,0,253.7,True,False
1658,12,30.0,2016,2019,12,0,229.4,True,False
1659,25,30.0,2011,2019,5,0,231.43333333333334,True,False
1660,12,30.0,2016,2019,6,0,280.8333333333333,True,False
1661,12,30.0,2017,2019,2,0,338.23333333333335,True,False
1662,12,30.0,2019,2019,5,0,323.26666666666665,True,False
1663,12,30.0,2016,2019,1,0,222.0,True,False
1664,12,30.0,2012,2019,2,0,240.2,True,False
1665,12,30.0,2017,2019,8,0,343.93333333333334,True,False
1666,12,30.0,2016,2019,6,0,259.06666666666666,True,False
1667,12,30.0,2019,2019,7,0,100.0,False,True
1668,12,30.0,2016,2019,5,0,166.66666666666666,False,True
1669,12,32.44,2016,2019,1,0,164.24167694204687,True,False
1670,12,33.0,2016,2019,9,0,228.96969696969697,True,False
1671,12,33.0,2016,2019,12,0,279.8484848484849,True,False
1672,12,33.0,2016,2019,1,0,241.57575757575756,True,False
1673,12,33.0,2016,2019,1,0,241.57575757575756,True,False
1674,12,33.0,2017,2019,7,0,252.5151515151515,True,False
1675,25,33.0,2011,2019,3,0,208.54545454545453,True,False
1676,12,33.0,2015,2019,2,0,250.45454545454547,True,False
1677,12,33.0,2017,2019,2,0,301.24242424242425,True,False
1678,25,33.0,2019,2019,1,0,304.75757575757575,True,False
1679,12,33.0,2017,2019,10,0,189.8181818181818,True,False
1680,12,33.0,2018,2019,1,0,199.54545454545453,True,False
1681,12,33.0,2016,2019,9,0,250.84848484848484,True,False
1682,12,33.0,2017,2019,9,0,284.5151515151515,True,False
1683,12,33.0,2016,2019,4,0,289.6060606060606,True,False
1684,25,33.0,2016,2019,11,0,250.45454545454547,True,False
1685,12,33.0,2019,2019,2,0,166.66666666666666,False,True
1686,12,33.33,2017,2019,2,0,257.6657665766577,True,False
1687,12,33.33,2017,2019,4,0,135.01350135013502,False,True
1688,12,34.0,2018,2019,5,0,206.7058823529412,True,False
1689,12,35.0,2016,2019,1,0,171.42857142857142,False,True
1690,12,35.0,2019,2019,1,0,171.42857142857142,False,True
1691,12,36.0,2014,2019,9,0,199.08333333333334,True,False
1692,12,36.0,2004,2019,7,0,165.11111111111111,True,False
1693,12,36.0,2018,2019,12,0,275.97222222222223,True,False
1694,12,36.0,2018,2019,3,0,251.63888888888889,True,False
1695,12,36.3,2017,2019,7,0,171.40495867768595,True,False
1696,12,36.36,2017,2019,1,0,123.76237623762377,False,True
1697,12,36.7,2013,2019,1,0,108.99182561307902,False,True
1698,12,38.0,2017,2019,4,0,264.6578947368421,True,False
1699,12,38.0,2019,2019,5,0,261.1842105263158,True,False
1700,12,39.0,2016,2019,4,0,193.02564102564102,True,False
1701,12,39.0,2016,2019,4,0,186.25641025641025,True,False
1702,12,39.0,2018,2019,7,0,235.6153846153846,True,False
1703,12,39.6,2019,2019,6,0,204.87373737373736,True,False
1704,12,39.6,2017,2019,10,0,212.75252525252523,True,False
1705,12,40.0,2016,2019,1,0,235.625,True,False
1706,12,40.0,2018,2019,4,0,198.575,True,False
1707,12,40.0,2013,2019,4,0,238.925,True,False
1708,12,40.0,2014,2019,6,0,100.0,False,True
1709,12,42.0,2017,2019,11,0,191.88095238095238,True,False
1710,12,42.9,2010,2019,2,0,151.51515151515153,False,True
1711,12,43.0,2018,2019,1,0,155.32558139534885,True,False
1712,12,43.0,2016,2019,5,0,198.32558139534885,True,False
1713,25,45.0,2011,2019,1,0,133.33333333333334,False,True
1714,12,48.5,2017,2019,3,0,248.63917525773195,True,False
1715,25,49.5,2011,2019,10,0,147.31313131313132,True,False
1716,12,49.5,2012,2019,9,0,131.31313131313132,False,True
1717,25,50.0,2014,2019,8,0,184.54,True,False
1718,12,50.0,2016,2019,5,0,223.78,True,False
1719,12,50.0,2016,2019,7,0,204.44,True,False
1720,8,50.0,2014,2019,9,0,134.44,True,False
1721,25,50.0,2011,2019,1,0,152.64,True,False
1722,25,50.0,2016,2019,5,0,162.64,True,False
1723,25,50.0,2011,2019,12,0,130.0,False,True
1724,25,50.0,2016,2019,4,0,140.0,False,True
1725,8,52.0,2014,2019,4,0,152.75,True,False
1726,12,52.9,2012,2019,11,0,145.1039697542533,True,False
1727,12,52.9,2012,2019,11,0,122.8733459357278,False,True
1728,12,53.0,2016,2019,11,0,227.52830188679246,True,False
1729,12,53.0,2013,2019,12,0,113.20754716981132,False,True
1730,8,53.66,2014,2019,11,0,156.09392471114424,True,False
1731,8,53.66,2014,2019,11,0,156.09392471114424,True,False
1732,12,54.6,2016,2019,11,0,187.45421245421244,True,False
1733,25,55.0,2011,2019,12,0,118.18181818181819,False,True
1734,12,55.0,2012,2019,10,0,127.27272727272727,False,True
1735,12,55.0,2016,2019,11,0,127.27272727272727,False,True
1736,12,55.0,2016,2019,6,0,109.0909090909091,False,True
1737,12,56.0,2017,2019,11,0,221.64285714285714,True,False
1738,12,56.0,2013,2019,3,0,173.32142857142858,True,False
1739,25,56.0,2016,2019,7,0,162.69642857142858,True,False
1740,12,56.0,2018,2019,9,0,261.9107142857143,True,False
1741,25,56.0,2013,2019,7,0,107.14285714285714,False,True
1742,12,56.0,2016,2019,8,0,125.0,False,True
1743,12,56.0,2017,2019,4,0,142.85714285714286,False,True
1744,25,56.0,2018,2019,3,0,107.14285714285714,False,True
1745,12,56.1,2019,2019,1,0,203.13725490196077,True,False
1746,12,56.1,2017,2019,10,0,151.5151515151515,False,True
1747,12,56.1,2018,2019,1,0,178.25311942959001,False,True
1748,12,56.17,2017,2019,2,0,231.44027060708564,False,True
1749,12,56.55,2019,2019,8,0,150.30946065428824,False,True
1750,12,56.88,2012,2019,5,0,123.06610407876231,False,True
1751,25,57.0,2015,2019,12,0,203.2982456140351,True,False
1752,12,57.0,2015,2019,11,0,149.12280701754386,False,True
1753,25,57.0,2016,2019,2,0,149.12280701754386,False,True
1754,12,57.0,2015,2019,11,0,149.12280701754386,False,True
1755,12,57.52,2015,2019,9,0,206.6933240611961,True,False
1756,12,57.76,2012,2019,12,0,147.66274238227146,True,False
1757,12,58.0,2016,2019,12,0,252.0344827586207,True,False
1758,8,58.0,2019,2019,11,0,146.55172413793105,False,True
1759,25,58.0,2013,2019,11,0,86.20689655172414,False,True
1760,8,58.9,2019,2019,10,0,161.76570458404075,True,False
1761,12,59.0,2016,2019,3,0,184.4406779661017,True,False
1762,12,59.0,2016,2019,7,0,192.08474576271186,True,False
1763,12,59.0,2019,2019,11,0,158.52542372881356,True,False
1764,12,59.0,2017,2019,9,0,171.3728813559322,True,False
1765,12,59.0,2017,2019,6,0,173.96610169491527,True,False
1766,12,59.0,2013,2019,10,0,120.88135593220339,True,False
1767,25,59.0,2016,2019,12,0,164.0,True,False
1768,12,59.0,2014,2019,5,0,137.83050847457628,True,False
1769,12,59.0,2016,2019,11,0,152.54237288135593,False,True
1770,25,59.0,2016,2019,11,0,127.11864406779661,False,True
1771,12,59.0,2012,2019,2,0,127.11864406779661,False,True
1772,12,59.0,2014,2019,7,0,118.64406779661017,False,True
1773,25,59.0,2017,2019,8,0,144.0677966101695,False,True
1774,8,59.32,2019,2019,9,0,143.2906271072151,False,True
1775,8,59.32,2019,2019,10,0,134.86176668914362,False,True
1776,8,59.32,2019,2019,11,0,134.86176668914362,False,True
1777,8,59.32,2019,2019,11,0,134.86176668914362,False,True
1778,12,59.4,2016,2019,1,0,160.40404040404042,True,False
1779,12,59.4,2016,2019,3,0,205.4882154882155,True,False
1780,12,59.4,2017,2019,12,0,117.84511784511785,False,True
1781,25,59.4,2016,2019,4,0,151.51515151515153,False,True
1782,25,59.5,2016,2019,11,0,176.9579831932773,True,False
1783,12,59.5,2019,2019,4,0,151.26050420168067,False,True
1784,12,59.76,2016,2019,12,0,218.52409638554218,True,False
1785,12,59.76,2016,2019,12,0,187.01472556894245,True,False
1786,25,60.0,2016,2019,6,0,178.61666666666667,True,False
1787,12,60.0,2016,2019,12,0,193.13333333333333,True,False
1788,12,60.0,2019,2019,3,0,177.93333333333334,True,False
1789,12,60.0,2018,2019,8,0,213.63333333333333,True,False
1790,25,60.0,2018,2019,2,0,200.98333333333332,True,False
1791,25,60.0,2018,2019,2,0,172.55,True,False
1792,12,60.0,2014,2019,3,0,175.48333333333332,True,False
1793,12,60.0,2017,2019,2,0,161.26666666666668,True,False
1794,25,60.0,2016,2019,6,0,177.66666666666666,True,False
1795,12,60.0,2011,2019,10,0,148.75,True,False
1796,12,60.0,2018,2019,10,0,167.61666666666667,True,False
1797,12,60.0,2018,2019,6,0,186.48333333333332,True,False
1798,12,60.0,2019,2019,11,0,173.03333333333333,True,False
1799,25,60.0,2014,2019,9,0,156.48333333333332,True,False
1800,12,60.0,2017,2019,7,0,192.6,True,False
1801,12,60.0,2010,2019,1,0,116.66666666666667,False,True
1802,12,60.0,2017,2019,6,0,125.0,False,True
1803,12,60.0,2017,2019,3,0,133.33333333333334,False,True
1804,12,60.0,2011,2019,2,0,83.33333333333333,False,True
1805,25,60.0,2012,2019,2,0,116.66666666666667,False,True
1806,12,60.0,2010,2019,1,0,116.66666666666667,False,True
1807,12,60.0,2016,2019,4,0,125.0,False,True
1808,12,60.0,2018,2019,6,0,133.33333333333334,False,True
1809,12,60.0,2016,2019,7,0,141.66666666666666,False,True
1810,25,60.0,2018,2019,8,0,166.66666666666666,False,True
1811,12,60.0,2014,2019,11,0,150.0,False,True
1812,12,60.0,2017,2019,2,0,141.66666666666666,False,True
1813,25,60.0,2018,2019,3,0,133.33333333333334,False,True
1814,12,61.0,2018,2019,9,0,183.9672131147541,True,False
1815,12,62.0,2013,2019,8,0,152.5,True,False
1816,12,62.5,2013,2019,10,0,96.0,False,True
1817,8,62.8,1995,2019,9,0,102.61146496815287,True,False
1818,12,63.0,2010,2019,7,0,126.98412698412699,False,True
1819,12,63.0,2010,2019,8,0,79.36507936507937,False,True
1820,25,64.0,2018,2019,4,0,133.25,True,False
1821,12,64.0,2018,2019,6,0,125.0,False,True
1822,8,64.8,1997,2019,7,0,162.03703703703704,True,False
1823,12,65.0,2018,2019,10,0,187.52307692307693,True,False
1824,12,65.0,2003,2019,9,0,76.92307692307692,False,True
1825,12,65.0,2016,2019,8,0,107.6923076923077,False,True
1826,12,65.0,2003,2019,7,0,76.92307692307692,False,True
1827,25,65.0,2018,2019,11,0,138.46153846153845,False,True
1828,25,65.57,2017,2019,4,0,167.75964617965533,False,True
1829,12,66.0,2017,2019,1,0,197.83333333333334,True,False
1830,12,66.0,2013,2019,9,0,159.93939393939394,True,False
1831,25,66.0,2016,2019,11,0,168.0,True,False
1832,12,66.0,2018,2019,1,0,142.36363636363637,True,False
1833,12,66.0,2017,2019,9,0,170.03030303030303,True,False
1834,12,66.0,2017,2019,4,0,202.86363636363637,True,False
1835,12,66.0,2017,2019,4,0,197.83333333333334,True,False
1836,12,66.0,2019,2019,1,0,196.1060606060606,True,False
1837,12,66.0,2014,2019,2,0,164.43939393939394,True,False
1838,25,66.0,2018,2019,5,0,216.12121212121212,True,False
1839,12,66.0,2017,2019,1,0,128.78787878787878,False,True
1840,12,66.0,2017,2019,10,0,121.21212121212122,False,True
1841,12,66.0,2017,2019,1,0,60.60606060606061,False,True
1842,12,66.0,2016,2019,3,0,151.5151515151515,False,True
1843,25,66.0,2011,2019,2,0,136.36363636363637,False,True
1844,12,66.0,2017,2019,5,0,136.36363636363637,False,True
1845,12,66.25,2016,2019,3,0,156.27169811320755,True,False
1846,12,67.0,2017,2019,11,0,177.7910447761194,True,False
1847,12,67.0,2003,2019,11,0,89.55223880597015,False,True
1848,12,68.0,2017,2019,10,0,139.7058823529412,False,True
1849,12,68.0,2017,2019,10,0,139.7058823529412,False,True
1850,8,68.9,2014,2019,5,0,116.11030478955006,False,True
1851,25,69.0,2016,2019,12,0,130.43478260869566,False,True
1852,12,70.0,2015,2019,2,0,165.54285714285714,True,False
1853,25,70.0,2016,2019,2,0,142.85714285714286,False,True
1854,12,71.5,2016,2019,5,0,125.87412587412588,False,True
1855,8,72.0,2014,2019,6,0,111.11111111111111,False,True
1856,8,72.0,2014,2019,6,0,111.11111111111111,False,True
1857,8,72.0,2011,2019,9,0,83.33333333333333,False,True
1858,12,72.0,2017,2019,4,0,111.11111111111111,False,True
1859,12,72.6,2016,2019,11,0,130.85399449035813,False,True
1860,25,73.0,2016,2019,3,0,123.28767123287672,False,True
1861,12,73.0,2014,2019,10,0,164.3835616438356,False,True
1862,12,73.0,2014,2019,10,0,164.3835616438356,False,True
1863,12,73.15,2013,2019,11,0,109.36431989063567,False,True
1864,12,74.0,2017,2019,7,0,108.10810810810811,False,True
1865,12,76.0,2012,2019,10,0,155.1578947368421,True,False
1866,12,76.0,2014,2019,5,0,131.57894736842104,False,True
1867,12,77.85,2010,2019,6,0,109.18432883750803,False,True
1868,12,79.0,2006,2019,6,0,113.92405063291139,False,True
1869,12,80.0,2014,2019,12,0,106.25,False,True
1870,12,80.52,2018,2019,3,0,161.45057128663686,False,True
1871,12,80.88,2011,2019,5,0,86.54797230464887,False,True
1872,25,82.0,2013,2019,3,0,193.6829268292683,True,False
1873,12,83.0,2019,2019,9,0,132.53012048192772,False,True
1874,25,84.0,2016,2019,3,0,168.76190476190476,True,False
1875,12,84.3,2014,2019,6,0,125.56346381969158,True,False
1876,25,84.5,2014,2019,11,0,146.18934911242604,True,False
1877,25,84.69,2014,2019,5,0,94.46215609871295,False,True
1878,12,84.7,2019,2019,10,0,118.06375442739079,False,True
1879,25,84.8,2014,2019,11,0,145.67216981132077,True,False
1880,12,90.0,2018,2019,3,0,215.03333333333333,True,False
1881,12,91.14,2012,2019,5,0,98.74917709019091,False,True
1882,25,92.0,2013,2019,10,0,130.43478260869566,False,True
1883,12,92.0,2014,2019,10,0,130.43478260869566,False,True
1884,12,94.77,2013,2019,3,0,185.58615595652634,True,False
1885,12,95.88,2013,2019,11,0,143.5648727576137,True,False
1886,8,97.74,1995,2019,9,0,88.67403314917128,True,False
1887,25,98.0,2016,2019,3,0,162.0612244897959,True,False
1888,25,98.0,2018,2019,12,0,152.4591836734694,True,False
1889,25,98.44,2013,2019,3,0,118.31572531491264,True,False
1890,12,100.0,2019,2019,9,0,166.67,True,False
1891,12,100.0,2016,2019,11,0,127.06,True,False
1892,25,100.0,2018,2019,7,0,184.44,True,False
1893,12,100.0,2016,2019,4,0,125.0,False,True
1894,25,101.0,2016,2019,9,0,130.9108910891089,True,False
1895,25,108.0,2016,2019,3,0,120.37037037037037,False,True
1896,25,110.0,2015,2019,6,0,121.1,True,False
1897,12,110.0,2014,2019,3,0,118.18181818181819,False,True
1898,25,112.0,2016,2019,9,0,129.96428571428572,True,False
1899,12,112.39,2017,2019,7,0,124.56624254826941,False,True
1900,25,114.2,2017,2019,4,0,201.40105078809106,False,True
1901,25,115.0,2016,2019,7,0,100.0,False,True
1902,12,118.0,2016,2019,11,0,127.11864406779661,False,True
1903,12,118.0,2016,2019,2,0,127.11864406779661,False,True
1904,12,118.5,2017,2019,10,0,147.28270042194092,True,False
1905,12,120.0,2017,2019,11,0,116.175,True,False
1906,12,120.0,2017,2019,11,0,161.275,True,False
1907,12,122.07,2019,2019,4,0,106.49627263045794,False,True
1908,12,122.07,2019,2019,4,0,106.49627263045794,False,True
1909,12,130.0,2016,2019,11,0,119.45384615384616,True,False
1910,12,132.12,2017,2019,11,0,136.23978201634876,False,True
1911,12,132.3,2016,2019,2,0,113.37868480725622,False,True
1912,12,133.67,2012,2019,12,0,178.2299693274482,True,False
1913,12,135.62,2016,2019,5,0,88.48252470137147,False,True
1914,12,140.0,2011,2019,10,0,100.40714285714286,True,False
1915,12,140.0,2014,2019,11,0,99.15714285714286,True,False
1916,12,146.31,2013,2019,8,0,83.8835349600164,True,False
1917,25,148.0,2018,2019,4,0,126.97297297297297,True,False
1918,12,151.8,2017,2019,5,0,109.25559947299077,True,False
1919,12,151.91,2016,2019,3,0,98.74267658481996,False,True
1920,12,186.0,2000,2019,1,0,69.89247311827957,False,True
1921,30,58.0,2018,2019,10,0,188.36206896551724,True,False
1922,25,60.0,2016,2019,3,0,173.53333333333333,True,False
1923,12,60.16,2018,2019,12,0,415.5585106382979,False,True
1924,25,66.0,2016,2019,12,0,172.9090909090909,True,False
1925,8,75.0,2016,2019,11,0,146.66666666666666,False,True
1926,30,78.3,2016,2019,6,0,114.9425287356322,False,True
1927,12,79.24,2017,2019,3,0,138.81877839475013,False,True
1928,12,79.84,2019,2019,9,0,150.3006012024048,False,True
1929,25,80.0,2015,2019,6,0,184.9,True,False
1930,12,81.7,2019,2019,9,0,214.88372093023256,True,False
1931,12,81.8,2019,2019,7,0,201.0268948655257,True,False
1932,12,82.0,2016,2019,11,0,147.0609756097561,True,False
1933,12,84.24,2017,2019,6,0,105.04510921177588,True,False
1934,25,90.0,2016,2019,12,0,154.9,True,False
1935,30,90.0,2016,2019,5,0,109.43333333333334,True,False
1936,25,92.0,2015,2019,11,0,130.43478260869566,False,True
1937,12,95.0,2016,2019,5,0,110.82105263157895,True,False
1938,30,99.0,2016,2019,12,0,150.91919191919192,True,False
1939,8,99.88,2019,2019,12,0,159.0108129755707,True,False
1940,8,99.88,2019,2019,12,0,159.0108129755707,True,False
1941,8,99.88,2019,2019,12,0,159.0108129755707,True,False
1942,25,100.64,2016,2019,11,0,149.04610492845788,False,True
1943,12,102.31,2017,2019,6,0,97.74215619196559,False,True
1944,12,103.78,2017,2019,10,0,154.17228753131624,False,True
1945,12,105.26,2016,2019,3,0,192.23826714801444,True,False
1946,12,107.06,2017,2019,3,0,149.44890715486642,False,True
1947,12,108.0,2017,2019,12,0,222.22222222222223,False,True
1948,12,108.21,2019,2019,2,0,138.6193512614361,False,True
1949,12,115.47,2017,2019,5,0,207.84619381657575,False,True
1950,12,117.18,2015,2019,7,0,187.7453490356716,False,True
1951,12,119.25,2019,2019,12,0,186.9517819706499,True,False
1952,12,119.25,2019,2019,12,0,186.9517819706499,True,False
1953,12,119.92,2016,2019,3,0,150.10006671114076,False,True
1954,12,121.14,2016,2019,12,0,140.82053822024105,True,False
1955,12,122.5,2019,2019,8,0,163.26530612244898,False,True
1956,12,123.23,2019,2019,6,0,162.2981416862777,False,True
1957,12,124.21,2017,2019,9,0,136.86498671604542,False,True
1958,12,124.78,2017,2019,12,0,174.42699150504887,True,False
1959,12,125.0,2018,2019,3,0,128.0,False,True
1960,12,126.82,2017,2019,1,0,173.4742154234348,False,True
1961,12,126.82,2017,2019,3,0,157.70383220312254,False,True
1962,12,126.82,2017,2019,3,0,157.70383220312254,False,True
1963,12,127.0,2017,2019,1,0,188.9763779527559,False,True
1964,12,127.79,2017,2019,1,0,179.98278425541903,False,True
1965,30,130.21,2016,2019,5,0,115.63627985561784,True,False
1966,12,130.29,2016,2019,3,0,138.15335021874282,False,True
1967,25,135.3,2017,2019,2,0,126.08277900960827,True,False
1968,12,141.0,2018,2019,11,0,177.3049645390071,False,True
1969,25,147.98,2018,2019,9,0,131.39613461278552,True,False
1970,8,163.38,2017,2019,12,0,134.65540457828376,False,True
1971,12,170.0,2018,2019,2,0,135.2941176470588,False,True
1972,12,11.5,2004,2019,6,0,715.2173913043479,True,False
1973,12,15.0,2017,2019,7,0,508.8666666666667,True,False
1974,12,15.0,2016,2019,2,0,490.6,True,False
1975,8,15.0,2016,2019,7,0,494.06666666666666,True,False
1976,12,15.0,2017,2019,12,0,345.06666666666666,True,False
1977,12,15.12,2013,2019,2,0,442.32804232804233,True,False
1978,12,15.19,2011,2019,1,0,516.1290322580645,True,False
1979,12,16.5,2016,2019,8,0,402.72727272727275,True,False
1980,8,18.2,2011,2019,1,0,433.95604395604397,True,False
1981,12,19.4,2014,2019,7,0,364.27835051546396,True,False
1982,8,20.0,2016,2019,9,0,297.2,True,False
1983,12,20.0,2016,2019,8,0,337.25,True,False
1984,8,20.0,2016,2019,10,0,298.0,True,False
1985,8,20.0,2006,2019,1,0,349.6,True,False
1986,8,20.0,2017,2019,7,0,321.1,True,False
1987,12,20.0,2017,2019,3,0,200.0,False,True
1988,8,20.0,2017,2019,8,0,175.0,False,True
1989,25,20.0,2012,2019,2,0,150.0,False,True
1990,12,20.0,2016,2019,2,0,200.0,False,True
1991,12,22.0,2015,2019,6,0,331.45454545454544,True,False
1992,8,22.5,2011,2019,2,0,354.0,True,False
1993,12,23.1,2015,2019,2,0,309.9134199134199,True,False
1994,25,23.1,2017,2019,9,0,327.0995670995671,True,False
1995,8,23.1,2001,2019,3,0,208.05194805194805,True,False
1996,8,23.1,2011,2019,5,0,346.3203463203463,False,True
1997,12,24.0,2003,2019,9,0,347.2083333333333,True,False
1998,12,24.0,2016,2019,7,0,412.0416666666667,True,False
1999,12,25.0,2016,2019,7,0,274.68,True,False
2000,8,25.0,2011,2019,1,0,308.32,True,False
2001,12,25.0,2019,2019,8,0,308.72,True,False
2002,12,25.0,2018,2019,11,0,140.0,False,True
2003,12,25.0,2011,2019,1,0,180.0,False,True
2004,12,25.0,2011,2019,2,0,160.0,False,True
2005,8,25.41,2013,2019,12,0,177.0956316410862,False,True
2006,8,25.41,2013,2019,1,0,177.0956316410862,False,True
2007,12,26.0,2007,2019,5,0,228.57692307692307,True,False
2008,12,26.0,2011,2019,9,0,354.6923076923077,True,False
2009,12,26.4,2001,2019,12,0,170.45454545454547,False,True
2010,12,26.4,2001,2019,11,0,170.45454545454547,False,True
2011,12,26.4,1999,2019,1,0,113.63636363636364,False,True
2012,12,26.44,2011,2019,10,0,170.19667170953102,False,True
2013,12,26.94,2018,2019,7,0,299.8515219005197,True,False
2014,8,27.0,2015,2019,6,0,258.962962962963,True,False
2015,8,27.0,2016,2019,9,0,254.33333333333334,True,False
2016,12,27.0,2014,2019,8,0,249.8148148148148,True,False
2017,12,27.0,2015,2019,2,0,198.25925925925927,True,False
2018,8,28.0,2014,2019,7,0,272.60714285714283,True,False
2019,12,28.0,2016,2019,2,0,354.0,True,False
2020,12,28.0,2016,2019,2,0,313.0357142857143,True,False
2021,12,28.0,2012,2019,3,0,287.82142857142856,True,False
2022,12,28.0,2011,2019,3,0,279.60714285714283,True,False
2023,8,28.0,2014,2019,4,0,277.57142857142856,True,False
2024,12,28.0,2012,2019,8,0,264.2857142857143,True,False
2025,8,28.0,2014,2019,9,0,297.60714285714283,True,False
2026,12,28.22,2015,2019,11,0,260.5598866052445,True,False
2027,8,29.0,2016,2019,11,0,318.6551724137931,True,False
2028,12,29.0,2014,2019,7,0,301.51724137931035,True,False
2029,8,30.0,2012,2019,3,0,292.1666666666667,True,False
2030,8,30.0,2013,2019,7,0,205.56666666666666,True,False
2031,12,30.0,2016,2019,8,0,251.5,True,False
2032,12,30.0,2018,2019,1,0,204.4,True,False
2033,8,30.0,2007,2019,1,0,179.86666666666667,True,False
2034,12,30.0,2018,2019,1,0,204.4,True,False
2035,25,30.0,2012,2019,2,0,306.8666666666667,True,False
2036,8,30.0,2012,2019,2,0,291.1666666666667,True,False
2037,8,30.0,2016,2019,2,0,289.03333333333336,True,False
2038,12,30.0,2016,2019,7,0,255.56666666666666,True,False
2039,8,30.0,2013,2019,2,0,353.93333333333334,True,False
2040,12,30.0,2018,2019,2,0,323.53333333333336,True,False
2041,8,30.0,2005,2019,2,0,251.96666666666667,True,False
2042,12,30.0,2011,2019,11,0,283.3333333333333,True,False
2043,8,30.0,2013,2019,1,0,273.26666666666665,True,False
2044,12,30.0,2011,2019,7,0,307.4,True,False
2045,8,30.0,2010,2019,12,0,223.53333333333333,True,False
2046,12,30.0,2012,2019,1,0,253.06666666666666,True,False
2047,12,30.0,2018,2019,12,0,278.43333333333334,True,False
2048,8,30.0,2007,2019,2,0,100.0,False,True
2049,12,30.0,1999,2019,2,0,100.0,False,True
2050,8,30.0,2007,2019,2,0,100.0,False,True
2051,25,30.0,2011,2019,10,0,133.33333333333334,False,True
2052,12,30.0,2001,2019,1,0,133.33333333333334,False,True
2053,12,31.47,1972,2019,7,0,229.48840165236734,True,False
2054,8,32.25,2003,2019,8,0,160.68217054263565,True,False
2055,8,33.0,2007,2019,4,0,270.45454545454544,True,False
2056,8,33.0,2011,2019,5,0,163.8181818181818,True,False
2057,8,33.0,2005,2019,8,0,181.0,True,False
2058,12,33.0,2018,2019,1,0,265.0,True,False
2059,12,33.0,2003,2019,1,0,228.12121212121212,True,False
2060,12,33.0,2014,2019,2,0,307.4848484848485,True,False
2061,12,33.0,2007,2019,10,0,215.54545454545453,True,False
2062,12,33.0,2001,2019,2,0,184.3030303030303,True,False
2063,12,33.0,2014,2019,2,0,251.5151515151515,True,False
2064,12,33.0,2012,2019,1,0,228.63636363636363,True,False
2065,12,33.0,2014,2019,1,0,269.8181818181818,True,False
2066,8,33.0,2009,2019,2,0,178.24242424242425,True,False
2067,8,33.0,2007,2019,1,0,262.1515151515151,True,False
2068,12,33.0,2003,2019,7,0,225.57575757575756,True,False
2069,12,33.0,2011,2019,8,0,228.63636363636363,True,False
2070,12,33.0,2012,2019,4,0,228.4848484848485,True,False
2071,8,33.0,2006,2019,2,0,116.75757575757575,True,False
2072,12,33.0,2012,2019,2,0,203.21212121212122,True,False
2073,12,33.0,2014,2019,10,0,197.8181818181818,True,False
2074,8,33.0,2010,2019,6,0,255.3030303030303,True,False
2075,12,33.0,2017,2019,7,0,237.36363636363637,True,False
2076,12,33.0,2013,2019,2,0,293.2121212121212,True,False
2077,8,33.0,2013,2019,2,0,279.8484848484849,True,False
2078,8,33.0,1966,2019,3,0,126.54545454545455,True,False
2079,12,33.0,2018,2019,4,0,255.3030303030303,True,False
2080,12,33.0,1999,2019,5,0,129.21212121212122,True,False
2081,12,33.0,2014,2019,9,0,262.6363636363636,True,False
2082,8,33.0,2013,2019,1,0,270.45454545454544,True,False
2083,12,33.0,2011,2019,7,0,136.36363636363637,False,True
2084,12,33.0,2005,2019,2,0,106.06060606060606,False,True
2085,12,33.0,2018,2019,1,0,151.5151515151515,False,True
2086,12,33.0,2011,2019,3,0,136.36363636363637,False,True
2087,8,33.0,2010,2019,1,0,136.36363636363637,False,True
2088,12,33.0,2011,2019,2,0,121.21212121212122,False,True
2089,8,33.0,2011,2019,1,0,121.21212121212122,False,True
2090,12,33.0,2011,2019,7,0,136.36363636363637,False,True
2091,8,33.0,2011,2019,6,0,121.21212121212122,False,True
2092,8,33.0,2011,2019,6,0,121.21212121212122,False,True
2093,8,33.0,2011,2019,3,0,136.36363636363637,False,True
2094,12,33.0,2011,2019,4,0,136.36363636363637,False,True
2095,8,33.0,2010,2019,1,0,136.36363636363637,False,True
2096,8,33.0,2011,2019,12,0,121.21212121212122,False,True
2097,8,33.05,1996,2019,4,0,140.0302571860817,True,False
2098,12,33.06,2006,2019,4,0,254.83968542044767,True,False
2099,8,40.0,2004,2019,11,0,231.025,True,False
2100,12,40.0,2004,2019,1,0,172.175,True,False
2101,12,40.0,2019,2019,9,0,198.6,True,False
2102,12,41.91,2018,2019,4,0,17.89549033643522,False,True
2103,12,43.0,2002,2019,3,0,154.72093023255815,True,False
2104,12,43.0,2014,2019,11,0,198.34883720930233,True,False
2105,12,44.82,2001,2019,1,0,187.97411869701025,True,False
2106,12,45.0,1991,2019,9,0,116.04444444444445,True,False
2107,25,45.0,2012,2019,2,0,219.6,True,False
2108,8,45.12,2012,2019,1,0,312.1675531914894,True,False
2109,12,49.5,2012,2019,2,0,199.63636363636363,True,False
2110,12,49.5,2016,2019,2,0,168.74747474747474,True,False
2111,12,49.5,2016,2019,6,0,204.68686868686868,True,False
2112,12,50.0,2012,2019,2,0,242.36,True,False
2113,12,50.0,2012,2019,2,0,264.12,True,False
2114,25,50.0,2011,2019,12,0,194.12,True,False
2115,12,50.0,2006,2019,9,0,220.0,True,False
2116,8,50.0,2012,2019,7,0,254.44,True,False
2117,8,50.0,2012,2019,8,0,192.72,True,False
2118,12,50.0,2016,2019,5,0,261.88,True,False
2119,8,50.0,2011,2019,9,0,160.0,False,True
2120,25,50.0,2011,2019,12,0,140.0,False,True
2121,25,50.0,2012,2019,5,0,120.0,False,True
2122,12,52.0,2007,2019,6,0,134.6153846153846,False,True
2123,8,52.08,2012,2019,10,0,40.57219662058372,True,False
2124,12,55.0,2012,2019,10,0,224.01818181818183,True,False
2125,12,55.0,2018,2019,11,0,145.45454545454547,False,True
2126,25,55.0,2012,2019,12,0,163.63636363636363,False,True
2127,12,56.1,2011,2019,2,0,221.24777183600713,True,False
2128,12,57.0,2007,2019,4,0,167.1578947368421,True,False
2129,12,57.06,1970,2019,1,0,122.67788293024886,False,True
2130,8,58.0,2011,2019,6,0,120.6896551724138,False,True
2131,8,59.0,1991,2019,1,0,106.16949152542372,True,False
2132,12,59.0,2011,2019,7,0,144.0677966101695,False,True
2133,12,60.0,2012,2019,1,0,186.48333333333332,True,False
2134,25,60.0,2012,2019,7,0,133.33333333333334,False,True
2135,12,60.0,2013,2019,1,0,133.33333333333334,False,True
2136,12,62.0,1981,2019,7,0,120.06451612903226,True,False
2137,12,63.36,2011,2019,12,0,152.25694444444446,True,False
2138,12,65.25,1990,2019,2,0,76.62835249042146,False,True
2139,8,66.0,2011,2019,12,0,211.22727272727272,True,False
2140,12,66.0,2012,2019,1,0,144.36363636363637,True,False
2141,8,66.0,2011,2019,1,0,128.78787878787878,False,True
2142,12,66.0,2018,2019,4,0,151.5151515151515,False,True
2143,8,68.21,1991,2019,10,0,148.5412696085618,True,False
2144,12,68.48,1988,2019,3,0,166.64719626168224,True,False
2145,8,73.7,1993,2019,6,0,67.84260515603799,False,True
2146,8,79.0,1977,2019,1,0,168.62025316455697,True,False
2147,8,79.0,1981,2019,2,0,62.22784810126582,True,False
2148,12,80.09,2017,2019,8,0,124.85953302534648,False,True
2149,12,80.85,2016,2019,1,0,123.68583797155226,False,True
2150,12,82.0,2011,2019,3,0,109.7560975609756,False,True
2151,8,82.5,2012,2019,4,0,143.85454545454544,True,False
2152,12,82.75,2016,2019,6,0,120.84592145015105,False,True
2153,8,83.27,1992,2019,6,0,66.05019815059445,False,True
2154,25,83.33,2017,2019,10,0,156.00624024961,False,True
2155,25,83.33,2017,2019,10,0,156.00624024961,False,True
2156,8,83.68,1994,2019,4,0,125.81261950286806,True,False
2157,12,84.0,2012,2019,11,0,119.04761904761905,False,True
2158,12,87.05,2013,2019,6,0,137.85180930499712,False,True
2159,25,88.46,2013,2019,7,0,155.75401311327155,True,False
2160,12,97.2,2019,2019,6,0,149.46502057613168,True,False
2161,12,112.0,2016,2019,7,0,130.95535714285714,True,False
2162,12,113.22,2001,2019,1,0,88.32361773538244,False,True
2163,12,113.22,2001,2019,2,0,88.32361773538244,False,True
2164,12,115.7,2016,2019,1,0,141.7113223854797,True,False
2165,25,153.54,2019,2019,5,0,97.69441187964048,False,True
2166,12,155.1,2018,2019,8,0,58.02707930367505,False,True
2167,12,158.56,2018,2019,8,0,94.60141271442987,False,True
2168,12,181.5,2011,2019,7,0,33.05785123966942,False,True
2169,12,25.5,2019,2019,7,0,344.2352941176471,True,False
2170,12,40.0,2019,2019,7,0,211.1,True,False
2171,8,81.0,1998,2019,1,0,60.49382716049383,False,True
2172,8,161.0,2002,2019,7,0,82.12422360248448,True,False
2173,12,18.0,2007,2019,1,0,222.22222222222223,False,True
2174,12,20.0,2007,2019,1,0,175.0,False,True
2175,12,23.0,2004,2019,5,0,328.04347826086956,True,False
2176,8,25.0,2010,2019,9,0,242.24,True,False
2177,12,25.0,2008,2019,4,0,266.4,True,False
2178,12,30.0,2004,2019,6,0,244.66666666666666,True,False
2179,12,30.0,2007,2019,11,0,284.5,True,False
2180,12,30.0,2012,2019,2,0,346.06666666666666,True,False
2181,12,30.0,2004,2019,9,0,218.53333333333333,True,False
2182,12,30.0,2018,2019,1,0,183.33333333333334,False,True
2183,12,30.0,2018,2019,1,0,183.33333333333334,False,True
2184,12,30.0,2014,2019,3,0,266.6666666666667,False,True
2185,12,30.0,2004,2019,11,0,250.0,False,True
2186,12,30.0,2017,2019,1,0,166.66666666666666,False,True
2187,12,32.0,2003,2019,2,0,268.28125,True,False
2188,12,33.0,2012,2019,1,0,220.96969696969697,True,False
2189,12,33.0,2008,2019,8,0,227.27272727272728,True,False
2190,12,33.0,2017,2019,12,0,258.6363636363636,True,False
2191,12,33.0,2012,2019,1,0,152.36363636363637,True,False
2192,12,33.0,2010,2019,6,0,255.3030303030303,True,False
2193,12,33.0,2002,2019,5,0,151.5151515151515,False,True
2194,12,33.0,2017,2019,7,0,212.12121212121212,False,True
2195,12,33.0,2017,2019,10,0,212.12121212121212,False,True
2196,25,33.0,2017,2019,5,0,181.8181818181818,False,True
2197,8,33.24,2011,2019,1,0,120.33694344163658,False,True
2198,12,33.3,1992,2019,2,0,155.43543543543544,True,False
2199,12,36.0,2012,2019,6,0,257.1388888888889,True,False
2200,12,36.0,2018,2019,1,0,147.22222222222223,False,True
2201,12,40.0,2012,2019,1,0,251.425,True,False
2202,12,40.0,2017,2019,12,0,213.375,True,False
2203,12,40.0,2005,2019,1,0,163.2,True,False
2204,12,40.0,2010,2019,5,0,137.5,False,True
2205,12,42.0,2001,2019,2,0,243.6904761904762,True,False
2206,12,43.0,2001,2019,5,0,143.25581395348837,True,False
2207,12,43.0,2012,2019,2,0,127.90697674418605,False,True
2208,8,44.37,2019,2019,11,0,229.34415145368493,True,False
2209,12,45.0,2004,2019,9,0,174.57777777777778,True,False
2210,12,45.0,2018,2019,1,0,263.73333333333335,True,False
2211,8,45.0,1996,2019,4,0,62.22222222222222,False,True
2212,8,45.16,2003,2019,3,0,141.3197519929141,True,False
2213,12,45.6,2004,2019,12,0,147.06140350877192,True,False
2214,12,47.24,2012,2019,2,0,148.17950889077053,False,True
2215,12,48.25,2014,2019,12,0,138.98445595854923,True,False
2216,12,49.5,2013,2019,8,0,188.6060606060606,True,False
2217,12,49.5,2006,2019,11,0,80.8080808080808,False,True
2218,8,49.5,2019,2019,7,0,121.21212121212122,False,True
2219,12,50.0,1999,2019,1,0,175.84,True,False
2220,12,50.0,2013,2019,5,0,132.64,True,False
2221,12,50.0,2017,2019,5,0,204.72,True,False
2222,12,50.0,2012,2019,5,0,189.44,True,False
2223,12,50.0,1996,2019,4,0,125.28,True,False
2224,12,50.0,2005,2019,12,0,198.24,True,False
2225,12,50.0,2002,2019,1,0,165.28,True,False
2226,12,50.0,2007,2019,3,0,140.0,False,True
2227,12,50.0,1996,2019,6,0,90.0,False,True
2228,12,50.0,2012,2019,11,0,120.0,False,True
2229,12,52.0,2018,2019,1,0,96.15384615384616,False,True
2230,8,55.0,2019,2019,8,0,156.2,True,False
2231,12,55.0,2018,2019,3,0,170.05454545454546,True,False
2232,12,55.0,2012,2019,8,0,213.21818181818182,True,False
2233,8,55.14,2008,2019,7,0,90.67827348567283,False,True
2234,12,56.0,1992,2019,8,0,182.625,True,False
2235,12,58.0,2016,2019,12,0,196.24137931034483,True,False
2236,12,58.61,2005,2019,7,0,140.2832281180686,True,False
2237,8,59.0,2014,2019,3,0,136.59322033898306,True,False
2238,12,59.0,2010,2019,3,0,201.38983050847457,True,False
2239,12,59.0,2013,2019,5,0,161.01694915254237,False,True
2240,12,59.4,2019,2019,2,0,185.1851851851852,False,True
2241,12,59.5,2001,2019,5,0,103.52941176470588,True,False
2242,8,59.5,2011,2019,10,0,100.84033613445378,False,True
2243,12,59.6,2018,2019,12,0,142.61744966442953,False,True
2244,12,60.0,2018,2019,7,0,250.0,True,False
2245,12,60.0,2013,2019,9,0,137.03333333333333,True,False
2246,12,60.0,2016,2019,10,0,178.61666666666667,True,False
2247,12,60.0,2017,2019,11,0,116.66666666666667,False,True
2248,12,60.39,2014,2019,9,0,132.4722636198046,False,True
2249,12,60.39,2014,2019,9,0,132.4722636198046,False,True
2250,12,62.0,2017,2019,12,0,112.90322580645162,False,True
2251,12,62.8,2007,2019,12,0,127.38853503184714,False,True
2252,12,63.0,2017,2019,2,0,142.85714285714286,False,True
2253,12,65.0,2017,2019,12,0,193.66153846153847,True,False
2254,12,65.91,1999,2019,9,0,121.37763617053558,False,True
2255,12,66.0,2012,2019,1,0,168.95454545454547,True,False
2256,8,66.0,2003,2019,8,0,121.48484848484848,True,False
2257,12,66.0,2017,2019,12,0,151.5151515151515,False,True
2258,12,66.0,2017,2019,12,0,181.8181818181818,False,True
2259,12,66.0,2017,2019,11,0,196.96969696969697,False,True
2260,25,66.11,2017,2019,1,0,161.53380729087883,True,False
2261,25,66.11,2017,2019,1,0,161.53380729087883,True,False
2262,25,72.86,2016,2019,6,0,226.84600603897886,True,False
2263,12,75.0,2018,2019,12,0,156.46666666666667,True,False
2264,12,75.0,2002,2019,5,0,154.72,True,False
2265,12,76.22,2001,2019,12,0,98.39937024403044,False,True
2266,25,78.0,2017,2019,5,0,224.71794871794873,True,False
2267,8,78.11,2008,2019,12,0,76.81474843169889,False,True
2268,8,78.66,1992,2019,3,0,63.564708873633364,False,True
2269,12,79.34,2000,2019,2,0,117.88505167632971,True,False
2270,8,80.0,2007,2019,7,0,108.3375,True,False
2271,8,80.0,2008,2019,12,0,122.8,True,False
2272,25,80.0,2014,2019,3,0,168.75,False,True
2273,12,80.55,2000,2019,10,0,186.927374301676,True,False
2274,12,81.25,2013,2019,4,0,123.07692307692308,False,True
2275,12,82.5,2018,2019,1,0,96.96969696969697,False,True
2276,12,82.5,2018,2019,1,0,157.57575757575756,False,True
2277,8,84.0,2019,2019,9,0,167.98809523809524,True,False
2278,12,84.11,2017,2019,9,0,118.89192723814052,False,True
2279,12,89.65,2019,2019,5,0,181.41662018962631,True,False
2280,12,90.0,2003,2019,8,0,75.55555555555556,True,False
2281,12,91.2,2004,2019,1,0,109.64912280701753,False,True
2282,12,92.56,2015,2019,3,0,173.4982713915298,True,False
2283,12,94.98,1995,2019,2,0,90.11370814908402,True,False
2284,12,97.44,1994,2019,10,0,97.78325123152709,True,False
2285,25,97.71,2002,2019,1,0,125.51427694197115,True,False
2286,12,98.58,1996,2019,4,0,120.96774193548387,True,False
2287,12,98.85,2002,2019,4,0,101.16337885685383,False,True
2288,25,100.0,2018,2019,2,0,150.0,False,True
2289,8,100.0,2007,2019,5,0,100.0,False,True
2290,12,101.3,2016,2019,8,0,157.9466929911155,False,True
2291,25,101.43,2019,2019,3,0,240.67830030562948,True,False
2292,12,102.5,2001,2019,2,0,78.04878048780488,False,True
2293,12,103.52,2002,2019,11,0,62.78979907264297,False,True
2294,12,104.03,1996,2019,3,0,76.90089397289243,False,True
2295,12,104.97,2016,2019,12,0,165.3138992092979,True,False
2296,12,105.39,2004,2019,7,0,118.07571875889553,True,False
2297,12,105.85,2004,2019,12,0,117.26027397260275,True,False
2298,8,109.46,1997,2019,11,0,39.28375662342408,False,True
2299,12,111.68,1996,2019,9,0,91.0368911174785,True,False
2300,12,115.0,2002,2019,8,0,86.95652173913044,False,True
2301,12,116.16,2007,2019,4,0,101.51515151515152,True,False
2302,12,117.65,2000,2019,3,0,33.99915002124947,False,True
2303,8,119.0,2011,2019,11,0,71.42857142857143,False,True
2304,25,119.36,2003,2019,9,0,83.78016085790885,False,True
2305,12,120.0,2019,2019,3,0,166.66666666666666,False,True
2306,25,149.27,2017,2019,3,0,133.9853955918805,False,True
2307,25,183.82,2000,2019,5,0,65.28125340006528,False,True
2308,8,15.0,2016,2019,3,0,245.06666666666666,True,False
2309,8,36.3,2018,2019,4,0,195.3719008264463,True,False
2310,8,40.0,2016,2019,12,0,154.4,True,False
2311,8,41.67,1991,2019,4,0,132.66138708903287,True,False
2312,8,49.52,1988,2019,12,0,115.22617124394183,True,False
2313,25,59.5,2011,2019,10,0,185.83193277310923,True,False
2314,8,100.12,2007,2019,1,0,105.1538154214942,True,False
2315,12,106.8,1989,2019,3,0,65.54307116104869,False,True
2316,12,10.0,1988,2019,4,0,349.6,True,False
2317,12,19.5,2012,2019,3,0,423.84615384615387,True,False
2318,12,20.0,2010,2019,4,0,285.4,True,False
2319,12,21.0,2014,2019,1,0,190.47619047619048,False,True
2320,0,22.5,2019,2019,3,0,266.6666666666667,False,True
2321,12,22.57,2013,2019,11,0,281.4798404962339,True,False
2322,12,23.0,1991,2019,9,0,214.95652173913044,True,False
2323,12,23.1,2018,2019,2,0,238.09523809523807,False,True
2324,8,23.14,2016,2019,1,0,354.7104580812446,True,False
2325,12,25.0,2004,2019,7,0,172.88,True,False
2326,12,25.0,2010,2019,7,0,292.44,True,False
2327,12,25.0,2006,2019,4,0,309.8,True,False
2328,12,25.0,2012,2019,10,0,248.32,True,False
2329,12,25.0,2017,2019,12,0,349.4,True,False
2330,12,25.0,2013,2019,3,0,235.28,True,False
2331,12,25.0,2012,2019,11,0,283.52,True,False
2332,8,25.0,2011,2019,3,0,180.0,False,True
2333,12,25.0,2018,2019,8,0,160.0,False,True
2334,12,25.0,2013,2019,2,0,160.0,False,True
2335,12,26.0,2016,2019,11,0,115.38461538461539,False,True
2336,12,26.4,1988,2019,8,0,142.91666666666669,True,False
2337,12,27.0,2013,2019,2,0,225.25925925925927,True,False
2338,12,27.24,2017,2019,11,0,339.0234948604993,True,False
2339,12,27.43,2017,2019,12,0,244.47685016405396,True,False
2340,25,28.0,2018,2019,2,0,321.64285714285717,True,False
2341,12,28.0,2018,2019,2,0,311.9642857142857,True,False
2342,12,28.0,2001,2019,1,0,213.82142857142858,True,False
2343,12,28.0,2010,2019,12,0,246.0,True,False
2344,12,28.83,2013,2019,8,0,138.7443635102324,False,True
2345,12,29.0,2012,2019,1,0,142.48275862068965,True,False
2346,12,29.7,2017,2019,4,0,231.17845117845118,True,False
2347,12,30.0,2017,2019,8,0,307.56666666666666,True,False
2348,12,30.0,2013,2019,2,0,284.5,True,False
2349,12,30.0,2016,2019,7,0,314.8,True,False
2350,8,30.0,2018,2019,8,0,264.53333333333336,True,False
2351,12,30.0,2002,2019,7,0,214.06666666666666,True,False
2352,12,30.0,2010,2019,5,0,243.06666666666666,True,False
2353,12,30.0,2012,2019,9,0,240.73333333333332,True,False
2354,8,30.0,2018,2019,6,0,305.03333333333336,True,False
2355,12,30.0,2016,2019,2,0,347.06666666666666,True,False
2356,12,30.0,2005,2019,2,0,267.6333333333333,True,False
2357,12,30.0,1994,2019,12,0,218.43333333333334,True,False
2358,8,30.0,2018,2019,6,0,334.53333333333336,True,False
2359,12,30.0,1997,2019,4,0,222.0,True,False
2360,12,30.0,2002,2019,8,0,210.3,True,False
2361,12,30.0,2010,2019,2,0,284.5,True,False
2362,8,30.0,2007,2019,10,0,192.0,True,False
2363,12,30.0,2011,2019,5,0,238.66666666666666,True,False
2364,12,30.0,2017,2019,7,0,247.03333333333333,True,False
2365,12,30.0,1988,2019,4,0,125.46666666666667,True,False
2366,8,30.0,2018,2019,7,0,334.3333333333333,True,False
2367,12,30.0,2019,2019,4,0,200.0,False,True
2368,8,30.0,2018,2019,4,0,133.33333333333334,False,True
2369,12,33.0,2014,2019,8,0,206.06060606060606,True,False
2370,12,33.0,2018,2019,8,0,256.2121212121212,True,False
2371,25,33.0,2018,2019,8,0,259.7878787878788,True,False
2372,12,33.0,2015,2019,4,0,283.54545454545456,True,False
2373,12,33.0,2018,2019,8,0,209.9090909090909,True,False
2374,12,33.0,2016,2019,12,0,834.2121212121212,True,False
2375,12,33.0,2019,2019,1,0,270.45454545454544,True,False
2376,12,33.0,2015,2019,9,0,250.84848484848484,True,False
2377,12,33.0,2010,2019,1,0,177.57575757575756,True,False
2378,8,33.0,2016,2019,9,0,272.3939393939394,True,False
2379,12,33.0,2005,2019,11,0,198.57575757575756,True,False
2380,8,33.0,2016,2019,9,0,210.42424242424244,True,False
2381,12,33.0,2011,2019,8,0,180.45454545454547,True,False
2382,12,33.0,2017,2019,8,0,306.6060606060606,True,False
2383,12,33.0,2016,2019,4,0,266.42424242424244,True,False
2384,12,33.0,2013,2019,5,0,174.66666666666666,True,False
2385,12,33.0,2016,2019,6,0,169.24242424242425,True,False
2386,12,33.0,2012,2019,5,0,121.21212121212122,False,True
2387,12,33.0,2004,2019,2,0,106.06060606060606,False,True
2388,12,33.0,2014,2019,9,0,136.36363636363637,False,True
2389,12,33.0,2014,2019,7,0,136.36363636363637,False,True
2390,12,33.0,2018,2019,7,0,151.5151515151515,False,True
2391,12,33.33,2003,2019,4,0,175.81758175817583,True,False
2392,8,34.0,1990,2019,4,0,64.70588235294117,False,True
2393,12,35.0,2015,2019,12,0,196.8,True,False
2394,12,35.0,2018,2019,4,0,221.82857142857142,True,False
2395,12,35.0,2019,2019,12,0,287.0571428571429,True,False
2396,12,35.0,1988,2019,11,0,129.4,True,False
2397,12,35.0,2018,2019,9,0,300.0,True,False
2398,12,35.0,2018,2019,2,0,248.74285714285713,True,False
2399,12,35.0,2007,2019,2,0,289.9142857142857,True,False
2400,12,35.0,2017,2019,12,0,128.57142857142858,False,True
2401,12,35.0,2016,2019,4,0,142.85714285714286,False,True
2402,12,35.0,2013,2019,11,0,142.85714285714286,False,True
2403,12,35.0,1997,2019,5,0,128.57142857142858,False,True
2404,12,35.14,2017,2019,8,0,170.74558907228229,False,True
2405,12,36.0,2016,2019,2,0,302.27777777777777,True,False
2406,12,36.0,2016,2019,7,0,166.66666666666666,False,True
2407,8,38.0,1987,2019,6,0,151.57894736842104,True,False
2408,12,39.0,2017,2019,10,0,212.6153846153846,True,False
2409,12,39.0,2017,2019,11,0,141.02564102564102,False,True
2410,12,39.16,2012,2019,12,0,183.24821246169563,True,False
2411,8,39.4,1996,2019,4,0,165.68527918781726,True,False
2412,8,39.6,2018,2019,2,0,151.5151515151515,False,True
2413,8,39.6,1995,2019,3,0,101.01010101010101,False,True
2414,12,39.66,2017,2019,9,0,260.53958648512355,True,False
2415,12,39.67,2018,2019,1,0,221.62843458532896,True,False
2416,8,40.0,1989,2019,5,0,245.9,True,False
2417,12,40.0,2015,2019,9,0,180.55,True,False
2418,12,40.0,2018,2019,11,0,210.875,True,False
2419,8,40.0,2016,2019,5,0,236.425,True,False
2420,12,40.0,2018,2019,12,0,213.975,True,False
2421,8,40.0,2016,2019,6,0,112.5,False,True
2422,12,40.0,1996,2019,6,0,125.0,False,True
2423,12,40.0,2010,2019,3,0,125.0,False,True
2424,8,41.8,1998,2019,11,0,83.73205741626795,False,True
2425,12,42.12,2018,2019,3,0,269.5394112060779,True,False
2426,8,42.52,2007,2019,12,0,208.20790216368766,True,False
2427,8,42.73,2006,2019,5,0,179.26515328808802,True,False
2428,12,42.9,2016,2019,4,0,146.01398601398603,True,False
2429,12,42.9,2016,2019,4,0,116.55011655011656,False,True
2430,12,45.0,2018,2019,3,0,295.4222222222222,True,False
2431,12,45.0,2013,2019,1,0,150.11111111111111,True,False
2432,12,45.0,2010,2019,6,0,220.55555555555554,True,False
2433,12,45.0,2016,2019,4,0,192.44444444444446,True,False
2434,12,45.0,1994,2019,1,0,145.33333333333334,True,False
2435,8,45.0,2013,2019,12,0,205.22222222222223,True,False
2436,8,45.0,2013,2019,12,0,190.2,True,False
2437,12,45.0,2016,2019,9,0,278.26666666666665,True,False
2438,12,45.0,2015,2019,2,0,111.11111111111111,False,True
2439,8,45.0,2012,2019,11,0,133.33333333333334,False,True
2440,8,45.83,1989,2019,10,0,43.63953742090334,False,True
2441,8,46.0,1986,2019,5,0,185.3913043478261,True,False
2442,8,46.0,1991,2019,12,0,101.02173913043478,True,False
2443,8,46.0,1995,2019,1,0,73.91304347826087,False,True
2444,12,46.0,2017,2019,10,0,130.43478260869566,False,True
2445,12,47.0,2010,2019,1,0,148.7659574468085,True,False
2446,12,47.0,2013,2019,12,0,148.93617021276594,False,True
2447,8,47.0,1989,2019,3,0,63.829787234042556,False,True
2448,8,47.7,1985,2019,10,0,167.71488469601675,False,True
2449,8,47.7,1985,2019,10,0,167.71488469601675,False,True
2450,8,48.5,2012,2019,3,0,226.8041237113402,True,False
2451,8,49.0,1991,2019,7,0,106.57142857142857,True,False
2452,12,49.0,1987,2019,2,0,78.87755102040816,True,False
2453,8,49.0,2011,2019,11,0,122.44897959183673,False,True
2454,12,49.5,1985,2019,3,0,105.17171717171718,True,False
2455,12,50.0,1996,2019,7,0,115.12,True,False
2456,8,50.0,2012,2019,12,0,133.52,True,False
2457,12,50.0,2003,2019,10,0,127.92,True,False
2458,12,50.0,2014,2019,11,0,254.7,True,False
2459,12,50.0,2015,2019,7,0,153.34,True,False
2460,12,50.0,2019,2019,2,0,235.3,True,False
2461,12,50.0,2019,2019,2,0,235.3,True,False
2462,8,50.0,2003,2019,7,0,90.0,False,True
2463,12,50.0,2010,2019,6,0,120.0,False,True
2464,8,50.0,1991,2019,8,0,60.0,False,True
2465,12,51.0,2011,2019,11,0,173.01960784313727,True,False
2466,12,51.0,2003,2019,12,0,136.09803921568627,True,False
2467,12,52.47,2011,2019,5,0,190.75662283209454,True,False
2468,12,52.8,2017,2019,9,0,191.49621212121212,True,False
2469,8,52.88,2011,2019,8,0,207.5075642965204,True,False
2470,8,53.5,1989,2019,7,0,143.30841121495328,True,False
2471,12,53.54,2015,2019,5,0,78.46469929025028,True,False
2472,12,53.76,1986,2019,12,0,161.94196428571428,True,False
2473,12,54.0,2016,2019,2,0,197.16666666666666,True,False
2474,8,54.0,1997,2019,4,0,64.81481481481481,False,True
2475,12,54.54,1988,2019,6,0,146.6813348001467,False,True
2476,12,54.63,2010,2019,2,0,128.1347245103423,False,True
2477,12,55.0,2005,2019,12,0,161.4909090909091,True,False
2478,12,55.0,2017,2019,12,0,232.2,True,False
2479,12,55.0,2014,2019,1,0,201.03636363636363,True,False
2480,8,55.0,2016,2019,12,0,234.76363636363635,True,False
2481,12,55.0,2016,2019,1,0,204.8,True,False
2482,12,55.0,2005,2019,10,0,109.0909090909091,False,True
2483,12,55.0,2012,2019,8,0,136.36363636363637,False,True
2484,12,56.0,2012,2019,10,0,178.23214285714286,True,False
2485,12,56.2,1993,2019,5,0,149.91103202846975,True,False
2486,8,57.0,2017,2019,9,0,185.19298245614036,True,False
2487,8,57.0,2013,2019,8,0,87.71929824561404,False,True
2488,8,57.0,2015,2019,12,0,131.57894736842104,False,True
2489,12,57.36,2006,2019,4,0,139.4700139470014,False,True
2490,8,57.48,2017,2019,8,0,139.17884481558804,False,True
2491,12,57.72,2018,2019,10,0,129.93762993762994,False,True
2492,12,58.0,2013,2019,11,0,137.93103448275863,False,True
2493,12,58.3,2004,2019,6,0,77.18696397941682,False,True
2494,12,59.0,2015,2019,7,0,135.59322033898306,False,True
2495,12,59.34,2016,2019,1,0,194.27030670711156,True,False
2496,12,59.4,2002,2019,2,0,146.56565656565658,True,False
2497,8,59.6,1982,2019,10,0,115.13422818791946,True,False
2498,8,59.6,1982,2019,9,0,79.14429530201342,True,False
2499,8,59.6,1982,2019,2,0,88.52348993288591,True,False
2500,8,60.0,2010,2019,9,0,160.18333333333334,True,False
2501,12,60.0,2004,2019,4,0,146.53333333333333,True,False
2502,12,60.0,2004,2019,3,0,181.86666666666667,True,False
2503,12,60.0,2012,2019,4,0,135.53333333333333,True,False
2504,8,60.0,2012,2019,6,0,148.75,True,False
2505,12,60.0,2012,2019,4,0,135.53333333333333,True,False
2506,8,60.0,1986,2019,5,0,133.8,True,False
2507,12,60.0,2014,2019,10,0,224.36666666666667,True,False
2508,12,60.0,2013,2019,2,0,178.43333333333334,True,False
2509,12,60.0,2013,2019,10,0,212.26666666666668,True,False
2510,8,60.0,2014,2019,12,0,116.66666666666667,False,True
2511,12,60.0,2016,2019,8,0,133.33333333333334,False,True
2512,12,60.0,2017,2019,10,0,83.33333333333333,False,True
2513,12,60.52,2005,2019,5,0,181.75809649702578,False,True
2514,12,60.52,2005,2019,5,0,181.75809649702578,False,True
2515,12,60.53,2002,2019,10,0,163.9682801916405,True,False
2516,8,60.8,1982,2019,9,0,77.58223684210526,True,False
2517,12,61.0,1997,2019,11,0,113.31147540983606,True,False
2518,12,61.02,1986,2019,3,0,126.28646345460504,True,False
2519,12,61.74,2008,2019,9,0,113.37868480725623,False,True
2520,12,62.0,2012,2019,11,0,129.03225806451613,False,True
2521,12,62.4,1990,2019,3,0,101.81089743589745,True,False
2522,12,63.18,2012,2019,5,0,150.36403925292814,False,True
2523,12,63.44,1989,2019,11,0,120.5390920554855,True,False
2524,12,64.16,2012,2019,4,0,79.67581047381546,True,False
2525,8,64.23,1982,2019,7,0,152.00062276194924,True,False
2526,8,64.87,1984,2019,6,0,120.11715739170648,True,False
2527,12,65.0,2016,2019,1,0,130.76923076923077,False,True
2528,8,65.82,1997,2019,4,0,114.37253114554848,True,False
2529,8,65.82,1997,2019,4,0,114.37253114554848,True,False
2530,12,66.0,2011,2019,3,0,141.71212121212122,True,False
2531,8,66.0,1988,2019,9,0,79.12121212121212,True,False
2532,12,66.0,2005,2019,3,0,162.21212121212122,True,False
2533,8,66.0,1992,2019,2,0,139.92424242424244,True,False
2534,8,66.0,1988,2019,2,0,104.27272727272727,True,False
2535,12,66.0,2004,2019,10,0,160.66666666666666,True,False
2536,12,66.0,2017,2019,5,0,155.5151515151515,True,False
2537,8,66.0,1988,2019,9,0,106.06060606060606,False,True
2538,12,66.0,2012,2019,2,0,113.63636363636364,False,True
2539,12,66.16,2017,2019,9,0,184.73397823458285,True,False
2540,12,67.0,2011,2019,10,0,119.40298507462687,False,True
2541,8,67.37,2007,2019,1,0,103.90381475434168,False,True
2542,8,67.43,1989,2019,6,0,88.98116565327005,False,True
2543,8,68.43,1988,2019,4,0,120.76574601782842,True,False
2544,8,68.8,1988,2019,1,0,153.02325581395348,True,False
2545,12,69.0,2003,2019,4,0,138.08695652173913,True,False
2546,8,69.69,1990,2019,2,0,113.1008753049218,True,False
2547,12,70.0,2017,2019,7,0,121.42857142857143,False,True
2548,12,70.2,2006,2019,10,0,149.7008547008547,True,False
2549,12,70.35,1995,2019,3,0,99.50248756218906,False,True
2550,12,70.44,1986,2019,11,0,90.19023282226009,True,False
2551,12,70.44,1986,2019,11,0,90.19023282226009,True,False
2552,12,70.44,1986,2019,1,0,124.81544576944918,True,False
2553,12,72.31,1999,2019,4,0,107.75826303415847,True,False
2554,12,72.58,1988,2019,7,0,114.05345825296226,True,False
2555,8,75.0,1994,2019,5,0,102.13333333333334,True,False
2556,12,75.0,1994,2019,6,0,65.90666666666667,True,False
2557,12,75.0,2014,2019,5,0,152.57333333333332,True,False
2558,8,75.0,2018,2019,9,0,146.66666666666666,False,True
2559,12,77.0,2011,2019,12,0,103.8961038961039,False,True
2560,8,78.46,1992,2019,9,0,107.6217180729034,True,False
2561,8,78.48,1988,2019,12,0,126.29969418960243,True,False
2562,12,79.0,1985,2019,4,0,82.63291139240506,True,False
2563,12,79.0,2005,2019,6,0,94.9367088607595,False,True
2564,8,79.61,1996,2019,1,0,167.3282250973496,True,False
2565,12,80.0,2003,2019,6,0,139.15,True,False
2566,8,80.0,2008,2019,7,0,129.1625,True,False
2567,8,80.0,2014,2019,1,0,150.0,False,True
2568,12,81.03,2002,2019,2,0,86.38775762063433,False,True
2569,8,81.11,1985,2019,8,0,78.46134878559981,True,False
2570,12,81.53,1993,2019,10,0,85.85796639273887,False,True
2571,12,82.6,2002,2019,11,0,90.79903147699758,False,True
2572,8,82.7,1988,2019,1,0,127.30350665054414,True,False
2573,8,83.0,2016,2019,4,0,168.67469879518072,False,True
2574,12,83.22,2010,2019,10,0,102.13890891612593,False,True
2575,8,84.25,2008,2019,12,0,141.0326409495549,True,False
2576,8,84.39,2016,2019,12,0,164.49816328948927,True,False
2577,12,84.83,2017,2019,7,0,183.37852174938112,True,False
2578,8,85.8,1989,2019,5,0,129.86013986013987,True,False
2579,12,86.7,2010,2019,3,0,125.51326412918108,True,False
2580,8,87.98,2010,2019,1,0,113.66219595362583,False,True
2581,12,89.0,2017,2019,3,0,157.96629213483146,True,False
2582,12,89.23,2005,2019,4,0,93.01804325899361,False,True
2583,12,90.0,1995,2019,1,0,88.88888888888889,False,True
2584,12,90.0,2016,2019,8,0,122.22222222222223,False,True
2585,8,90.0,2014,2019,3,0,166.66666666666666,False,True
2586,12,90.0,2017,2019,2,0,144.44444444444446,False,True
2587,8,90.23,1987,2019,6,0,80.81569322841627,True,False
2588,8,90.23,1987,2019,6,0,80.81569322841627,True,False
2589,12,91.84,1996,2019,4,0,70.77526132404181,False,True
2590,8,91.96,2006,2019,4,0,65.24575902566333,False,True
2591,8,92.33,1986,2019,10,0,97.47644319289505,False,True
2592,12,93.05,1992,2019,7,0,77.0231058570661,True,False
2593,8,95.21,2006,2019,6,0,105.03098414032141,False,True
2594,12,98.04,2005,2019,8,0,126.84618523051815,True,False
2595,8,99.0,2012,2019,3,0,128.34343434343435,True,False
2596,8,99.0,2011,2019,2,0,75.75757575757575,False,True
2597,12,99.36,1996,2019,6,0,98.26892109500805,True,False
2598,12,100.0,2016,2019,7,0,166.67,True,False
2599,8,100.43,2008,2019,4,0,149.35776162501244,False,True
2600,8,100.6,2011,2019,8,0,127.4155069582505,True,False
2601,12,103.38,2015,2019,10,0,106.95492358289805,True,False
2602,12,103.45,2003,2019,10,0,123.11261478975351,True,False
2603,12,104.28,1996,2019,5,0,110.54852320675106,True,False
2604,12,104.96,2018,2019,9,0,123.85670731707317,False,True
2605,12,105.6,2016,2019,12,0,116.97916666666667,True,False
2606,12,109.0,2011,2019,3,0,130.05504587155963,True,False
2607,12,109.0,2016,2019,10,0,137.61467889908258,False,True
2608,12,109.04,2013,2019,7,0,142.66324284666177,True,False
2609,12,109.12,2019,2019,1,0,137.4633431085044,False,True
2610,8,115.5,2014,2019,4,0,129.87012987012986,False,True
2611,12,119.85,2017,2019,12,0,108.4689194826867,False,True
2612,12,132.92,2018,2019,2,0,57.974721637074936,True,False
2613,12,135.47,2019,2019,11,0,110.72562190890972,False,True
2614,8,142.95,2019,2019,12,0,118.92270024484087,False,True
2615,12,153.02,2012,2019,12,0,39.21056071101817,False,True
2616,8,18.0,2017,2019,3,0,448.05555555555554,True,False
2617,8,20.0,2000,2019,3,0,344.1,True,False
2618,8,20.0,2017,2019,5,0,364.6,True,False
2619,8,20.0,2017,2019,12,0,386.45,True,False
2620,12,20.0,2011,2019,5,0,254.05,True,False
2621,8,20.0,2000,2019,8,0,64.55,True,False
2622,8,20.0,2011,2019,6,0,250.0,False,True
2623,8,20.0,2000,2019,11,0,100.0,False,True
2624,25,23.0,2011,2019,7,0,178.7391304347826,True,False
2625,8,23.0,2012,2019,7,0,380.17391304347825,True,False
2626,8,23.0,2017,2019,12,0,325.82608695652175,True,False
2627,8,23.14,2016,2019,1,0,331.028522039758,True,False
2628,12,24.0,2014,2019,8,0,296.2083333333333,True,False
2629,8,24.0,2000,2019,2,0,219.83333333333334,True,False
2630,12,24.0,2014,2019,11,0,316.1666666666667,True,False
2631,8,24.0,2018,2019,1,0,208.33333333333334,False,True
2632,8,24.2,2012,2019,2,0,322.06611570247935,True,False
2633,8,25.0,2012,2019,8,0,282.56,True,False
2634,12,25.0,2010,2019,2,0,292.96,True,False
2635,8,25.0,2017,2019,5,0,296.76,True,False
2636,12,25.0,2016,2019,2,0,267.04,True,False
2637,8,25.0,2002,2019,7,0,53.04,True,False
2638,8,25.0,2004,2019,1,0,283.68,True,False
2639,8,25.0,2004,2019,11,0,120.0,False,True
2640,8,25.0,2006,2019,2,0,200.0,False,True
2641,8,25.0,2006,2019,10,0,140.0,False,True
2642,25,26.0,2017,2019,2,0,276.0,True,False
2643,8,26.4,2012,2019,8,0,268.25757575757575,True,False
2644,8,26.4,2016,2019,1,0,404.8863636363637,True,False
2645,8,26.4,2005,2019,4,0,132.5757575757576,False,True
2646,12,26.4,2016,2019,6,0,170.45454545454547,False,True
2647,8,26.45,2012,2019,3,0,215.72778827977316,True,False
2648,8,26.45,2004,2019,6,0,285.2551984877127,True,False
2649,8,27.0,2001,2019,12,0,148.14814814814815,False,True
2650,8,27.43,2007,2019,12,0,63.68939117754284,True,False
2651,8,27.5,2000,2019,8,0,109.0909090909091,False,True
2652,8,28.0,2018,2019,5,0,294.4642857142857,True,False
2653,8,29.0,2006,2019,3,0,231.24137931034483,True,False
2654,8,29.0,2002,2019,8,0,303.13793103448273,True,False
2655,8,29.0,2006,2019,2,0,137.93103448275863,False,True
2656,8,29.5,2016,2019,9,0,244.8135593220339,True,False
2657,8,30.0,2003,2019,5,0,236.4,True,False
2658,8,30.0,2003,2019,12,0,223.53333333333333,True,False
2659,8,30.0,2012,2019,3,0,307.8333333333333,True,False
2660,8,30.0,2007,2019,1,0,267.3,True,False
2661,8,30.0,2016,2019,2,0,347.06666666666666,True,False
2662,8,30.0,2018,2019,4,0,427.3666666666667,True,False
2663,8,30.0,2018,2019,2,0,332.73333333333335,True,False
2664,8,30.0,2007,2019,5,0,274.8333333333333,True,False
2665,12,30.0,2014,2019,7,0,232.23333333333332,True,False
2666,25,30.0,2011,2019,5,0,229.56666666666666,True,False
2667,12,30.0,2002,2019,9,0,181.1,True,False
2668,8,30.0,2000,2019,3,0,183.73333333333332,True,False
2669,8,30.0,2001,2019,9,0,151.46666666666667,True,False
2670,8,30.0,2007,2019,10,0,268.1666666666667,True,False
2671,25,30.0,2017,2019,11,0,291.1666666666667,True,False
2672,8,30.0,2012,2019,11,0,267.6333333333333,True,False
2673,8,30.0,2012,2019,3,0,190.2,True,False
2674,8,30.0,2005,2019,3,0,100.0,False,True
2675,12,30.0,2001,2019,9,0,133.33333333333334,False,True
2676,8,30.0,2005,2019,4,0,116.66666666666667,False,True
2677,8,30.65,2001,2019,2,0,190.96247960848288,True,False
2678,12,33.0,2016,2019,1,0,284.1515151515151,True,False
2679,8,33.0,2003,2019,2,0,223.0,True,False
2680,8,33.0,2007,2019,11,0,244.21212121212122,True,False
2681,25,33.0,2002,2019,10,0,192.3939393939394,True,False
2682,8,33.0,2001,2019,3,0,223.0,True,False
2683,8,33.0,2002,2019,7,0,183.5151515151515,True,False
2684,12,33.0,2018,2019,12,0,300.3636363636364,True,False
2685,8,33.0,2004,2019,5,0,243.1818181818182,True,False
2686,25,33.0,2011,2019,10,0,155.5151515151515,True,False
2687,25,33.0,2001,2019,10,0,119.66666666666667,True,False
2688,8,33.0,2019,2019,11,0,264.6969696969697,True,False
2689,25,33.0,2001,2019,11,0,203.21212121212122,True,False
2690,8,33.0,2000,2019,1,0,191.3030303030303,True,False
2691,8,33.0,2009,2019,1,0,236.3030303030303,True,False
2692,8,33.0,2001,2019,9,0,174.42424242424244,True,False
2693,8,33.0,2003,2019,2,0,230.12121212121212,True,False
2694,25,33.0,2016,2019,11,0,278.969696969697,True,False
2695,8,33.0,2001,2019,12,0,258.6363636363636,True,False
2696,8,33.0,2011,2019,1,0,220.96969696969697,True,False
2697,8,33.0,2016,2019,12,0,336.0,True,False
2698,8,33.0,2013,2019,5,0,242.36363636363637,True,False
2699,8,33.0,2012,2019,2,0,244.3939393939394,True,False
2700,8,33.0,2007,2019,8,0,246.54545454545453,True,False
2701,8,33.0,2011,2019,8,0,187.33333333333334,True,False
2702,25,33.0,2002,2019,8,0,195.6060606060606,True,False
2703,8,33.0,2000,2019,6,0,90.9090909090909,False,True
2704,8,33.0,2005,2019,4,0,121.21212121212122,False,True
2705,8,33.0,2003,2019,3,0,121.21212121212122,False,True
2706,8,33.0,2008,2019,10,0,136.36363636363637,False,True
2707,8,33.0,2012,2019,1,0,151.5151515151515,False,True
2708,25,35.0,2016,2019,12,0,316.8,True,False
2709,8,35.0,2009,2019,6,0,222.62857142857143,True,False
2710,8,36.0,2018,2019,5,0,236.88888888888889,True,False
2711,8,36.0,2018,2019,5,0,236.88888888888889,True,False
2712,8,36.0,2002,2019,8,0,142.16666666666666,True,False
2713,8,36.3,2002,2019,9,0,253.1404958677686,True,False
2714,8,36.7,2007,2019,5,0,205.1226158038147,True,False
2715,12,38.0,2014,2019,6,0,184.0,True,False
2716,8,38.5,2008,2019,12,0,142.85714285714286,False,True
2717,25,40.0,2005,2019,10,0,150.0,False,True
2718,25,40.0,2005,2019,10,0,150.0,False,True
2719,8,40.3,2003,2019,10,0,193.3498759305211,True,False
2720,12,43.0,2011,2019,11,0,202.46511627906978,True,False
2721,8,43.3,2008,2019,6,0,150.11547344110855,False,True
2722,8,46.2,2017,2019,1,0,36.79653679653679,False,True
2723,12,46.4,2017,2019,3,0,220.58189655172416,True,False
2724,8,48.0,2004,2019,12,0,177.6875,True,False
2725,8,49.58,2012,2019,3,0,208.81403791851554,True,False
2726,8,50.0,2012,2019,1,0,223.78,True,False
2727,8,50.0,2012,2019,8,0,140.0,False,True
2728,8,50.0,2012,2019,12,0,160.0,False,True
2729,25,52.0,2004,2019,4,0,138.6153846153846,True,False
2730,8,52.0,2012,2019,2,0,181.0,True,False
2731,25,52.8,2016,2019,7,0,229.375,True,False
2732,8,55.0,2008,2019,8,0,127.27272727272727,False,True
2733,25,55.43,2011,2019,9,0,162.36694930543027,False,True
2734,8,57.7,2012,2019,3,0,95.32062391681109,False,True
2735,8,59.4,2003,2019,2,0,155.47138047138048,True,False
2736,8,65.0,2017,2019,4,0,107.6923076923077,False,True
2737,8,70.0,2011,2019,5,0,152.28571428571428,True,False
2738,25,73.68,2011,2019,10,0,154.6688382193268,True,False
2739,8,73.7,2008,2019,3,0,122.11668928086839,False,True
2740,8,80.0,2012,2019,2,0,125.0,False,True
2741,12,82.0,2015,2019,10,0,121.95121951219512,False,True
2742,8,88.2,2012,2019,6,0,109.52380952380952,True,False
2743,8,90.52,2000,2019,5,0,99.42554131683606,False,True
2744,8,99.17,1995,2019,5,0,50.700816779267925,True,False
2745,8,101.5,2001,2019,10,0,71.56650246305419,True,False
2746,8,102.96,2006,2019,11,0,121.6880341880342,True,False
2747,8,103.0,2016,2019,8,0,116.50485436893204,False,True
2748,8,103.17,2016,2019,9,0,96.9274013763691,False,True
2749,8,104.98,1999,2019,9,0,68.7940560106687,True,False
2750,8,110.0,2012,2019,3,0,112.3,True,False
2751,12,120.64,2013,2019,12,0,83.3803050397878,True,False
2752,12,126.18,2014,2019,7,0,119.75748930099857,True,False
2753,12,126.18,2014,2019,7,0,119.75748930099857,True,False
2754,8,150.0,2004,2019,4,0,96.85333333333334,True,False
2755,8,15.0,2011,2018,2,0,616.6666666666666,True,False
2756,8,16.0,1987,2018,12,0,435.4375,True,False
2757,8,16.0,1987,2018,12,0,463.1875,True,False
2758,12,16.5,2015,2018,8,0,624.6060606060606,True,False
2759,8,18.0,2018,2018,1,0,347.22222222222223,True,False
2760,8,18.0,2018,2018,1,0,347.22222222222223,True,False
2761,12,18.0,2018,2018,12,0,222.22222222222223,False,True
2762,12,19.83,1989,2018,8,0,201.7145738779627,False,True
2763,12,20.0,1987,2018,6,0,255.0,True,False
2764,8,20.0,1987,2018,1,0,237.5,True,False
2765,8,20.0,2013,2018,2,0,477.5,True,False
2766,8,20.0,2015,2018,1,0,490.0,True,False
2767,12,20.0,2009,2018,1,0,280.0,True,False
2768,12,20.0,2010,2018,2,0,515.0,True,False
2769,8,20.0,2018,2018,2,0,452.5,True,False
2770,12,20.0,2018,2018,2,0,452.5,True,False
2771,8,20.0,2016,2018,1,0,312.5,True,False
2772,12,20.0,2018,2018,12,0,348.35,True,False
2773,12,20.0,2009,2018,11,0,361.1,True,False
2774,12,20.0,2018,2018,2,0,287.5,True,False
2775,12,20.0,1987,2018,1,0,317.5,True,False
2776,8,20.0,2016,2018,1,0,262.5,True,False
2777,12,20.0,2010,2018,1,0,250.0,False,True
2778,12,22.0,2011,2018,1,0,477.27272727272725,True,False
2779,12,22.0,2014,2018,5,0,181.8181818181818,False,True
2780,12,23.0,2007,2018,2,0,393.4782608695652,True,False
2781,12,23.1,2006,2018,2,0,454.5454545454545,True,False
2782,8,23.14,2014,2018,8,0,151.25324114088158,False,True
2783,12,24.24,2010,2018,1,0,321.7821782178218,True,False
2784,12,24.3,2010,2018,3,0,164.60905349794237,False,True
2785,8,25.0,2012,2018,11,0,305.32,True,False
2786,12,25.0,2011,2018,2,0,360.0,True,False
2787,12,25.0,2011,2018,1,0,312.0,True,False
2788,8,25.0,2013,2018,12,0,349.76,True,False
2789,12,25.0,2014,2018,2,0,268.0,True,False
2790,12,25.0,2010,2018,1,0,362.0,True,False
2791,12,25.0,2011,2018,1,0,330.0,True,False
2792,12,25.0,2009,2018,1,0,370.0,True,False
2793,12,25.0,2007,2018,11,0,373.32,True,False
2794,12,25.0,2011,2018,6,0,420.0,True,False
2795,12,25.0,2007,2018,12,0,177.76,True,False
2796,12,25.0,1989,2018,1,0,230.0,True,False
2797,8,25.0,2011,2018,2,0,392.0,True,False
2798,12,25.0,2018,2018,2,0,280.0,True,False
2799,8,25.0,2015,2018,1,0,400.0,True,False
2800,8,25.0,2014,2018,11,0,231.12,True,False
2801,12,25.0,1989,2018,9,0,227.04,True,False
2802,8,25.0,2014,2018,12,0,287.56,True,False
2803,12,25.0,2015,2018,12,0,157.76,True,False
2804,12,25.0,2017,2018,12,0,244.44,True,False
2805,12,25.0,2008,2018,12,0,358.68,True,False
2806,12,25.0,2014,2018,2,0,210.0,True,False
2807,12,25.0,2011,2018,2,0,340.0,True,False
2808,12,25.0,2011,2018,2,0,330.0,True,False
2809,12,25.0,2007,2018,1,0,298.0,True,False
2810,12,25.0,2008,2018,2,0,410.0,True,False
2811,8,25.0,1988,2018,3,0,252.88,True,False
2812,12,25.0,2007,2018,12,0,273.32,True,False
2813,8,25.0,2018,2018,8,0,200.0,False,True
2814,12,25.0,2008,2018,7,0,20.0,False,True
2815,12,25.0,2014,2018,2,0,160.0,False,True
2816,12,25.0,2010,2018,2,0,160.0,False,True
2817,12,25.3,2007,2018,2,0,375.49407114624506,True,False
2818,12,25.6,2012,2018,1,0,402.34375,True,False
2819,8,26.0,1987,2018,7,0,386.53846153846155,True,False
2820,8,26.0,1990,2018,9,0,381.2307692307692,True,False
2821,12,26.0,2016,2018,2,0,365.38461538461536,True,False
2822,8,26.0,2016,2018,2,0,192.30769230769232,False,True
2823,8,26.0,1989,2018,1,0,115.38461538461539,False,True
2824,12,26.4,2012,2018,12,0,331.21212121212125,True,False
2825,8,27.0,1989,2018,2,0,240.74074074074073,True,False
2826,12,27.0,2010,2018,2,0,388.8888888888889,True,False
2827,12,28.0,2011,2018,11,0,263.89285714285717,True,False
2828,12,28.0,2008,2018,1,0,358.92857142857144,True,False
2829,8,28.0,2009,2018,2,0,294.64285714285717,True,False
2830,25,30.0,1988,2018,2,0,226.66666666666666,True,False
2831,8,30.0,2018,2018,2,0,343.3333333333333,True,False
2832,12,30.0,2009,2018,8,0,328.3666666666667,True,False
2833,12,30.0,2008,2018,1,0,285.0,True,False
2834,12,30.0,2006,2018,9,0,265.5,True,False
2835,12,30.0,1989,2018,12,0,269.26666666666665,True,False
2836,12,30.0,2014,2018,7,0,375.0,True,False
2837,12,30.0,2014,2018,2,0,266.6666666666667,True,False
2838,12,30.0,2011,2018,1,0,308.3333333333333,True,False
2839,12,30.0,2011,2018,2,0,326.6666666666667,True,False
2840,8,30.0,2017,2018,2,0,326.6666666666667,True,False
2841,12,30.0,2008,2018,2,0,283.3333333333333,True,False
2842,12,30.0,1992,2018,2,0,273.3333333333333,True,False
2843,25,30.0,1990,2018,2,0,273.3333333333333,True,False
2844,8,30.0,2009,2018,11,0,251.86666666666667,True,False
2845,12,30.0,2015,2018,1,0,341.6666666666667,True,False
2846,12,30.0,2008,2018,1,0,166.66666666666666,False,True
2847,8,30.0,1988,2018,1,0,100.0,False,True
2848,12,30.0,2014,2018,2,0,133.33333333333334,False,True
2849,8,30.8,2012,2018,11,0,298.34415584415586,True,False
2850,12,33.0,2011,2018,3,0,291.09090909090907,True,False
2851,12,35.0,2011,2018,1,0,335.7142857142857,True,False
2852,12,35.2,2006,2018,7,0,377.84090909090907,True,False
2853,8,40.0,2018,2018,12,0,235.275,True,False
2854,12,40.0,2007,2018,1,0,362.5,True,False
2855,12,40.0,2007,2018,1,0,387.5,True,False
2856,8,40.0,2012,2018,1,0,335.0,True,False
2857,12,45.0,2007,2018,7,0,233.33333333333334,True,False
2858,12,50.0,2007,2018,12,0,170.0,False,True
2859,12,56.19,2011,2018,2,0,169.06922940024916,False,True
2860,12,62.0,2007,2018,1,0,189.51612903225808,True,False
2861,12,83.07,2015,2018,9,0,126.0503190080655,True,False
2862,25,83.7,1987,2018,4,0,135.56750298685782,True,False
2863,12,92.0,2006,2018,5,0,195.65217391304347,True,False
2864,25,99.0,1987,2018,4,0,134.8181818181818,True,False
2865,12,100.0,2007,2018,4,0,145.71,True,False
2866,12,111.15,2010,2018,5,0,123.70670265407107,True,False
2867,12,117.23,2008,2018,11,0,93.83263669709119,False,True
2868,12,117.23,2008,2018,11,0,93.83263669709119,False,True
2869,12,133.66,2006,2018,10,0,99.01990124195721,True,False
2870,12,19.8,1991,2018,12,0,126.26262626262626,False,True
2871,8,30.0,1954,2018,4,0,100.0,False,True
2872,8,47.21,1974,2018,3,0,214.40372802372377,True,False
2873,12,55.0,1988,2018,11,0,109.0909090909091,False,True
2874,8,58.25,1994,2018,1,0,94.4206008583691,True,False
2875,8,58.51,1973,2018,9,0,136.7287643137925,False,True
2876,8,59.5,2017,2018,3,0,152.45378151260505,True,False
2877,8,60.0,1974,2018,5,0,170.83333333333334,True,False
2878,8,93.22,1973,2018,8,0,53.6365586783952,False,True
2879,8,25.55,2009,2018,3,0,326.3013698630137,True,False
2880,8,40.0,2015,2018,8,0,137.5,False,True
2881,8,45.0,2015,2018,8,0,264.4,True,False
2882,25,57.0,2012,2018,6,0,210.52631578947367,True,False
2883,12,66.0,2010,2018,7,0,218.93939393939394,True,False
2884,8,103.51,2015,2018,12,0,167.45242005603322,True,False
2885,8,122.36,2015,2018,10,0,149.02745995423342,True,False
2886,12,40.0,1955,2018,10,0,100.725,True,False
2887,8,66.12,1955,2018,5,0,52.9340592861464,False,True
2888,25,50.0,2016,2018,10,0,180.0,False,True
2889,25,85.09,2016,2018,6,0,64.63744270772123,True,False
2890,12,89.3,2016,2018,3,0,156.77491601343786,False,True
2891,12,96.43,2017,2018,11,0,45.4630301773307,True,False
2892,8,25.0,2005,2018,9,0,284.36,True,False
2893,8,28.0,2005,2018,10,0,211.14285714285714,True,False
2894,12,30.0,2014,2018,8,0,261.56666666666666,True,False
2895,12,30.0,2014,2018,2,0,266.6666666666667,True,False
2896,12,79.2,2006,2018,4,0,124.94949494949495,True,False
2897,12,107.55,1987,2018,1,0,167.36401673640168,True,False
2898,12,30.0,1990,2018,8,0,166.6,True,False
2899,12,92.0,1991,2018,9,0,111.25,True,False
2900,8,60.0,2009,2018,4,0,187.0,True,False
2901,8,99.47,2016,2018,1,0,155.8258771488891,False,True
2902,8,25.5,2010,2018,10,0,117.6470588235294,False,True
2903,8,81.99,1997,2018,4,0,36.589828027808274,False,True
2904,8,90.22,1998,2018,11,0,55.42008423852804,False,True
2905,8,40.0,1978,2018,5,0,77.5,True,False
2906,12,57.19,1972,2018,2,0,52.456723203357235,False,True
2907,8,82.5,1998,2018,2,0,160.6060606060606,True,False
2908,8,16.5,1977,2018,1,0,196.96969696969697,True,False
2909,8,19.83,1971,2018,3,0,50.42864346949067,False,True
2910,25,26.05,2018,2018,4,0,275.35508637236086,True,False
2911,25,26.05,2018,2018,4,0,247.56238003838772,True,False
2912,8,26.4,2008,2018,5,0,287.8787878787879,True,False
2913,8,26.4,2008,2018,5,0,287.8787878787879,True,False
2914,8,26.45,1954,2018,11,0,113.42155009451797,False,True
2915,12,27.0,2019,2018,12,0,337.44444444444446,True,False
2916,12,28.0,2010,2018,4,0,299.35714285714283,True,False
2917,12,33.0,2011,2018,10,0,188.06060606060606,True,False
2918,12,33.0,2011,2018,10,0,188.06060606060606,True,False
2919,25,33.0,2018,2018,4,0,239.33333333333334,True,False
2920,0,33.0,2018,2018,5,0,340.90909090909093,True,False
2921,8,33.0,2008,2018,2,0,219.6969696969697,True,False
2922,12,33.0,2011,2018,8,0,314.72727272727275,True,False
2923,12,33.0,2017,2018,11,0,262.6363636363636,True,False
2924,12,33.0,2017,2018,11,0,313.1212121212121,True,False
2925,8,39.0,1971,2018,8,0,82.66666666666667,True,False
2926,8,39.0,1971,2018,8,0,51.282051282051285,False,True
2927,8,39.6,1964,2018,8,0,75.75757575757575,False,True
2928,0,39.67,2018,2018,5,0,138.64381144441643,False,True
2929,8,44.12,2002,2018,4,0,133.68087035358116,True,False
2930,8,47.76,1994,2018,7,0,99.45561139028476,True,False
2931,8,49.5,1975,2018,7,0,131.31313131313132,True,False
2932,12,49.5,2017,2018,1,0,161.6161616161616,False,True
2933,12,50.0,2017,2018,1,0,220.0,True,False
2934,8,50.0,1984,2018,10,0,77.06,True,False
2935,12,51.41,2012,2018,5,0,175.06321727290413,True,False
2936,8,51.47,1982,2018,9,0,101.1462988148436,True,False
2937,12,53.0,2011,2018,4,0,117.64150943396227,True,False
2938,0,53.0,2018,2018,5,0,188.67924528301887,False,True
2939,12,54.71,1975,2018,2,0,93.21878998354963,True,False
2940,12,54.71,1975,2018,2,0,54.834582343264486,False,True
2941,12,59.5,2016,2018,12,0,211.0252100840336,True,False
2942,12,59.5,2017,2018,4,0,207.51260504201682,True,False
2943,0,59.8,2018,2018,5,0,167.22408026755855,False,True
2944,25,60.0,2018,2018,4,0,166.66666666666666,False,True
2945,12,61.06,1968,2018,10,0,81.88666885031117,False,True
2946,0,62.0,2018,2018,8,0,200.79032258064515,True,False
2947,8,63.37,1999,2018,8,0,147.49881647467257,True,False
2948,8,66.0,2010,2018,4,0,148.57575757575756,True,False
2949,8,72.44,1993,2018,3,0,102.829928216455,True,False
2950,0,74.9,2018,2018,9,0,133.5113484646195,False,True
2951,0,76.0,2018,2018,7,0,115.13157894736842,True,False
2952,12,76.03,2010,2018,10,0,167.89425226884126,True,False
2953,8,77.28,1954,2018,11,0,77.63975155279503,False,True
2954,12,78.75,1994,2018,5,0,38.095238095238095,False,True
2955,25,80.0,2018,2018,8,0,230.6125,True,False
2956,25,80.0,2018,2018,8,0,230.6125,True,False
2957,25,80.0,2018,2018,8,0,230.6125,True,False
2958,12,80.0,2011,2018,10,0,125.0,False,True
2959,12,80.0,2011,2018,11,0,112.5,False,True
2960,8,81.2,1999,2018,5,0,86.20689655172413,True,False
2961,8,82.09,1999,2018,6,0,121.81751735899621,True,False
2962,8,82.5,1979,2018,3,0,69.49090909090908,True,False
2963,12,82.5,1987,2018,3,0,53.92727272727273,True,False
2964,12,82.5,1987,2018,3,0,53.92727272727273,True,False
2965,0,85.0,2018,2018,6,0,164.7058823529412,False,True
2966,0,99.0,2018,2018,4,0,183.05050505050505,True,False
2967,0,105.6,2018,2018,4,0,160.9848484848485,False,True
2968,0,115.0,2018,2018,5,0,147.82608695652175,False,True
2969,12,116.0,1963,2018,2,0,43.10344827586207,False,True
2970,0,120.0,2018,2018,7,0,162.5,True,False
2971,12,181.3,2011,2018,11,0,60.67291781577495,False,True
2972,8,94.55,1997,2018,5,0,79.32310946589106,False,True
2973,8,40.0,2006,2018,3,0,61.225,True,False
2974,8,26.45,2018,2018,5,0,170.13232514177693,False,True
2975,8,29.75,2018,2018,4,0,168.0672268907563,False,True
2976,8,30.94,2018,2018,12,0,161.60310277957336,False,True
2977,8,30.94,2018,2018,5,0,161.60310277957336,False,True
2978,8,30.94,2018,2018,6,0,161.60310277957336,False,True
2979,8,30.94,2018,2018,12,0,161.60310277957336,False,True
2980,8,33.7,2018,2018,1,0,192.87833827893172,False,True
2981,8,34.0,2018,2018,10,0,205.88235294117646,False,True
2982,8,53.14,2018,2018,5,0,159.9548362815205,False,True
2983,8,56.24,2018,2018,6,0,240.04267425320057,True,False
2984,8,82.64,2018,2018,5,0,205.71151984511133,True,False
2985,8,119.49,2018,2018,9,0,110.76240689597456,True,False
2986,8,64.91,1999,2018,1,0,46.217840086273306,False,True
2987,8,90.0,1995,2018,4,0,33.333333333333336,False,True
2988,8,144.2,1995,2018,11,0,34.674063800277395,False,True
2989,12,59.5,2010,2018,9,0,133.46218487394958,True,False
2990,12,19.83,1960,2018,3,0,359.15279878971256,True,False
2991,8,20.0,2011,2018,2,0,450.0,True,False
2992,8,25.0,2010,2018,11,0,140.0,False,True
2993,8,30.0,2008,2018,7,0,276.6666666666667,True,False
2994,8,30.0,2016,2018,2,0,318.3333333333333,True,False
2995,8,30.0,2007,2018,4,0,286.4,True,False
2996,8,30.0,2005,2018,7,0,215.0,True,False
2997,8,30.0,2012,2018,3,0,295.7,True,False
2998,12,30.0,2011,2018,3,0,310.53333333333336,True,False
2999,8,30.0,2016,2018,6,0,183.33333333333334,False,True
3000,12,30.0,2003,2018,3,0,116.66666666666667,False,True
3001,8,30.0,2016,2018,1,0,150.0,False,True
3002,8,30.1,2008,2018,12,0,77.14285714285714,True,False
3003,12,31.25,2016,2018,8,0,329.472,True,False
3004,8,33.0,2014,2018,2,0,236.36363636363637,True,False
3005,8,33.0,2008,2018,4,0,216.87878787878788,True,False
3006,12,33.0,1990,2018,10,0,201.6060606060606,True,False
3007,8,33.0,2007,2018,3,0,209.45454545454547,True,False
3008,12,33.0,2016,2018,12,0,218.84848484848484,True,False
3009,8,33.0,2011,2018,5,0,303.030303030303,True,False
3010,12,33.0,2016,2018,1,0,303.030303030303,True,False
3011,12,33.0,2012,2018,2,0,257.57575757575756,True,False
3012,12,33.0,2012,2018,11,0,232.33333333333334,True,False
3013,12,33.0,2014,2018,3,0,267.7878787878788,True,False
3014,8,33.0,2011,2018,3,0,106.06060606060606,False,True
3015,8,33.0,2016,2018,10,0,136.36363636363637,False,True
3016,12,33.0,2016,2018,7,0,151.5151515151515,False,True
3017,8,33.0,2016,2018,3,0,181.8181818181818,False,True
3018,8,33.06,2012,2018,4,0,274.3799153055051,True,False
3019,8,33.1,2009,2018,10,0,161.72205438066464,True,False
3020,8,36.0,2007,2018,11,0,217.58333333333334,True,False
3021,12,36.36,2012,2018,9,0,234.73597359735973,True,False
3022,8,39.0,2017,2018,8,0,302.46153846153845,True,False
3023,8,39.67,2010,2018,7,0,165.1121754474414,True,False
3024,8,40.0,2007,2018,4,0,230.4,True,False
3025,8,40.0,2010,2018,10,0,208.825,True,False
3026,8,41.16,1963,2018,7,0,48.590864917395535,False,True
3027,12,43.0,2004,2018,11,0,186.04651162790697,False,True
3028,8,44.82,2002,2018,12,0,156.18027666220436,False,True
3029,8,44.82,2002,2018,12,0,156.18027666220436,False,True
3030,8,44.99,1974,2018,10,0,118.98199599911091,True,False
3031,12,49.5,2008,2018,9,0,177.07070707070707,True,False
3032,8,50.0,2016,2018,12,0,167.78,True,False
3033,12,50.0,2011,2018,6,0,230.0,True,False
3034,12,50.0,2004,2018,3,0,191.42,True,False
3035,12,51.3,1992,2018,2,0,165.69200779727097,True,False
3036,12,55.0,2016,2018,9,0,173.25454545454545,True,False
3037,8,55.0,2011,2018,9,0,228.87272727272727,True,False
3038,8,55.0,2016,2018,12,0,145.45454545454547,False,True
3039,25,56.0,2012,2018,3,0,211.55357142857142,True,False
3040,8,58.07,2009,2018,3,0,103.32357499569486,False,True
3041,30,59.5,2009,2018,2,0,193.27731092436974,True,False
3042,8,59.5,2007,2018,1,0,126.05042016806723,True,False
3043,12,59.5,2009,2018,3,0,170.11764705882354,True,False
3044,12,59.85,1992,2018,10,0,75.18796992481202,False,True
3045,12,59.97,2016,2018,9,0,63.59846589961648,True,False
3046,12,60.0,2016,2018,6,0,133.33333333333334,False,True
3047,8,62.5,2017,2018,5,0,188.0,True,False
3048,12,62.5,2016,2018,11,0,209.776,True,False
3049,12,63.0,2008,2018,4,0,208.28571428571428,True,False
3050,8,64.02,1990,2018,4,0,46.860356138706656,False,True
3051,8,64.02,1990,2018,4,0,140.58106841611996,False,True
3052,8,66.0,2017,2018,2,0,212.12121212121212,True,False
3053,8,66.0,1986,2018,9,0,98.92424242424242,True,False
3054,12,66.0,1997,2018,12,0,136.36363636363637,False,True
3055,8,66.0,2016,2018,4,0,136.36363636363637,False,True
3056,8,66.33,2011,2018,11,0,188.78335594753506,True,False
3057,8,69.89,2003,2018,7,0,107.31148948347403,True,False
3058,12,70.0,2003,2018,5,0,100.0,False,True
3059,12,77.29,2005,2018,4,0,141.00142321128217,True,False
3060,12,79.0,1992,2018,8,0,125.29113924050633,True,False
3061,8,83.24,2017,2018,9,0,73.81066794810188,True,False
3062,12,84.0,2016,2018,8,0,177.35714285714286,True,False
3063,8,87.22,2006,2018,3,0,119.8005044714515,True,False
3064,12,90.0,2009,2018,4,0,148.3,True,False
3065,8,91.5,1981,2018,4,0,113.08196721311475,True,False
3066,12,93.01,1993,2018,11,0,103.93506074615632,True,False
3067,8,99.0,2009,2018,1,0,131.31313131313132,False,True
3068,12,100.0,2004,2018,12,0,100.0,False,True
3069,8,103.5,2002,2018,3,0,57.971014492753625,False,True
3070,25,125.1,2012,2018,12,0,111.91047162270185,False,True
3071,12,148.5,1997,2018,11,0,101.01010101010101,False,True
3072,12,165.7,2012,2018,2,0,60.35003017501509,True,False
3073,8,23.0,2011,2018,3,0,290.1304347826087,True,False
3074,12,39.0,2018,2018,3,0,261.12820512820514,True,False
3075,8,50.0,2003,2018,4,0,168.16,True,False
3076,12,59.05,2018,2018,5,0,232.85351397121084,True,False
3077,12,62.5,2018,2018,3,0,177.952,True,False
3078,8,62.64,1993,2018,1,0,107.75862068965517,True,False
3079,12,62.8,2018,2018,3,0,224.87261146496817,True,False
3080,12,70.0,2004,2018,8,0,158.31428571428572,True,False
3081,8,76.4,2008,2018,5,0,71.98952879581151,True,False
3082,8,90.21,1996,2018,8,0,76.46602372242546,True,False
3083,8,141.51,2011,2018,3,0,47.155678043954495,True,False
3084,8,13.2,2004,2018,1,0,75.75757575757576,False,True
3085,8,16.52,1982,2018,12,0,242.13075060532688,False,True
3086,12,18.12,2011,2018,10,0,537.251655629139,True,False
3087,8,19.0,2014,2018,2,0,184.21052631578948,False,True
3088,12,19.8,2015,2018,10,0,270.35353535353534,True,False
3089,8,20.0,2014,2018,4,0,377.35,True,False
3090,8,20.0,2015,2018,5,0,262.5,True,False
3091,8,20.0,2014,2018,11,0,290.55,True,False
3092,12,20.0,2013,2018,8,0,357.85,True,False
3093,12,20.0,2014,2018,2,0,362.5,True,False
3094,12,23.1,2017,2018,12,0,173.16017316017314,False,True
3095,8,23.14,2011,2018,3,0,427.65773552290403,True,False
3096,8,23.16,2002,2018,4,0,302.5474956822107,True,False
3097,8,24.0,2016,2018,4,0,314.4583333333333,True,False
3098,12,24.0,2008,2018,1,0,289.5833333333333,True,False
3099,12,24.0,2016,2018,7,0,218.75,True,False
3100,8,25.0,2014,2018,6,0,308.0,True,False
3101,8,25.0,2004,2018,4,0,272.48,True,False
3102,12,25.0,2016,2018,4,0,362.84,True,False
3103,8,25.0,2011,2018,6,0,434.0,True,False
3104,8,25.0,2017,2018,10,0,388.48,True,False
3105,8,25.0,2012,2018,8,0,343.28,True,False
3106,8,25.0,2008,2018,4,0,189.4,True,False
3107,12,25.0,2015,2018,12,0,152.0,False,True
3108,8,25.0,2016,2018,3,0,140.0,False,True
3109,8,25.0,2017,2018,10,0,180.0,False,True
3110,8,26.0,2012,2018,2,0,326.9230769230769,True,False
3111,12,26.0,2002,2018,8,0,220.5,True,False
3112,12,26.4,2012,2018,10,0,304.1287878787879,True,False
3113,8,26.4,2010,2018,4,0,336.0227272727273,True,False
3114,12,26.44,2012,2018,8,0,315.31770045385775,True,False
3115,8,27.0,2018,2018,5,0,481.48148148148147,True,False
3116,8,27.0,2014,2018,4,0,279.51851851851853,True,False
3117,8,29.0,2009,2018,1,0,265.51724137931035,True,False
3118,8,29.0,2018,2018,10,0,253.75862068965517,True,False
3119,12,29.07,2004,2018,8,0,113.51909184726522,False,True
3120,8,29.5,2012,2018,11,0,280.6101694915254,True,False
3121,8,29.5,2012,2018,1,0,338.9830508474576,True,False
3122,12,29.7,1988,2018,6,0,171.7171717171717,True,False
3123,8,29.75,1986,2018,9,0,177.34453781512605,True,False
3124,8,30.0,2011,2018,4,0,294.23333333333335,True,False
3125,12,30.0,2017,2018,9,0,284.5,True,False
3126,12,30.0,2008,2018,10,0,260.96666666666664,True,False
3127,8,30.0,2018,2018,6,0,333.3333333333333,True,False
3128,8,30.0,2016,2018,1,0,225.0,True,False
3129,12,30.0,2007,2018,6,0,283.3333333333333,True,False
3130,8,30.0,2018,2018,2,0,341.6666666666667,True,False
3131,8,30.0,2015,2018,7,0,366.6666666666667,True,False
3132,12,30.0,2017,2018,1,0,208.33333333333334,True,False
3133,12,30.0,2015,2018,1,0,208.33333333333334,True,False
3134,8,30.0,2011,2018,11,0,211.1,True,False
3135,8,30.0,2018,2018,7,0,283.3333333333333,True,False
3136,8,30.0,2014,2018,11,0,248.13333333333333,True,False
3137,8,30.0,2015,2018,9,0,291.1666666666667,True,False
3138,8,30.0,2016,2018,1,0,366.6666666666667,True,False
3139,8,30.0,2016,2018,10,0,330.4,True,False
3140,8,30.0,2010,2018,5,0,215.0,True,False
3141,8,30.0,2015,2018,10,0,284.5,True,False
3142,12,30.0,2008,2018,10,0,245.3,True,False
3143,12,30.0,2011,2018,2,0,350.0,True,False
3144,12,30.0,2008,2018,11,0,238.9,True,False
3145,8,30.0,2002,2018,10,0,199.4,True,False
3146,12,30.0,2010,2018,9,0,251.96666666666667,True,False
3147,8,30.0,2015,2018,1,0,301.6666666666667,True,False
3148,8,30.0,2018,2018,11,0,277.76666666666665,True,False
3149,8,30.0,2007,2018,7,0,211.66666666666666,True,False
3150,8,30.0,2017,2018,3,0,393.6666666666667,True,False
3151,8,30.0,2017,2018,6,0,250.0,True,False
3152,12,30.0,2007,2018,10,0,199.4,True,False
3153,8,30.0,2016,2018,7,0,281.6666666666667,True,False
3154,8,30.0,1983,2018,6,0,166.66666666666666,True,False
3155,12,30.0,2014,2018,4,0,267.9,True,False
3156,8,30.0,2009,2018,3,0,295.7,True,False
3157,12,30.0,2015,2018,6,0,150.0,False,True
3158,12,30.0,2011,2018,1,0,150.0,False,True
3159,8,32.0,2016,2018,4,0,338.46875,True,False
3160,8,32.05,2017,2018,2,0,327.613104524181,True,False
3161,8,33.0,2015,2018,8,0,334.27272727272725,True,False
3162,8,33.0,2010,2018,12,0,208.75757575757575,True,False
3163,12,33.0,2009,2018,9,0,233.5151515151515,True,False
3164,8,33.0,2008,2018,8,0,128.0,True,False
3165,8,33.0,2014,2018,10,0,192.5151515151515,True,False
3166,8,33.0,2005,2018,10,0,250.45454545454547,True,False
3167,8,33.0,2018,2018,1,0,363.6363636363636,True,False
3168,8,33.0,2017,2018,1,0,393.93939393939394,True,False
3169,12,33.0,2015,2018,11,0,284.5151515151515,True,False
3170,8,33.0,2012,2018,2,0,250.0,True,False
3171,8,33.0,2012,2018,11,0,161.6060606060606,True,False
3172,8,33.0,1985,2018,8,0,187.21212121212122,True,False
3173,12,33.0,1988,2018,3,0,38.60606060606061,True,False
3174,8,33.0,1955,2018,5,0,116.66666666666667,True,False
3175,12,33.0,2012,2018,9,0,255.6060606060606,True,False
3176,8,33.0,2018,2018,3,0,283.24242424242425,True,False
3177,8,33.0,2004,2018,7,0,271.2121212121212,True,False
3178,8,33.0,2015,2018,7,0,325.75757575757575,True,False
3179,12,33.0,2016,2018,5,0,196.96969696969697,True,False
3180,12,33.0,2012,2018,9,0,253.12121212121212,True,False
3181,8,33.0,2015,2018,2,0,363.6363636363636,True,False
3182,8,33.0,1983,2018,10,0,243.3030303030303,True,False
3183,8,33.0,2015,2018,1,0,189.3939393939394,True,False
3184,8,33.0,2017,2018,8,0,320.3333333333333,True,False
3185,8,33.0,2012,2018,12,0,210.42424242424244,True,False
3186,8,33.0,2017,2018,2,0,242.42424242424244,True,False
3187,12,33.0,2011,2018,12,0,244.78787878787878,True,False
3188,12,33.0,2016,2018,11,0,262.6363636363636,True,False
3189,8,33.0,2012,2018,8,0,209.03030303030303,True,False
3190,8,33.0,2013,2018,1,0,250.0,True,False
3191,12,33.0,2016,2018,12,0,285.1818181818182,True,False
3192,12,33.0,2010,2018,1,0,280.3030303030303,True,False
3193,8,33.0,2015,2018,2,0,189.3939393939394,True,False
3194,8,33.0,2015,2018,2,0,189.3939393939394,True,False
3195,8,33.0,2018,2018,3,0,313.54545454545456,True,False
3196,12,33.0,2018,2018,3,0,225.72727272727272,True,False
3197,8,33.0,2012,2018,7,0,236.36363636363637,True,False
3198,12,33.0,2016,2018,4,0,327.1515151515151,True,False
3199,8,33.0,2005,2018,7,0,212.12121212121212,True,False
3200,12,33.0,2008,2018,7,0,181.8181818181818,False,True
3201,8,33.0,2012,2018,4,0,242.42424242424244,False,True
3202,8,33.0,2012,2018,1,0,151.5151515151515,False,True
3203,8,33.0,2015,2018,1,0,151.5151515151515,False,True
3204,12,33.0,2018,2018,3,0,212.12121212121212,False,True
3205,8,33.0,2012,2018,2,0,136.36363636363637,False,True
3206,12,33.0,2018,2018,8,0,15.151515151515152,False,True
3207,12,33.0,2018,2018,4,0,212.12121212121212,False,True
3208,8,33.05,1998,2018,9,0,112.82904689863844,True,False
3209,8,34.08,1972,2018,1,0,117.37089201877934,False,True
3210,8,35.0,2018,2018,7,0,214.28571428571428,True,False
3211,8,35.0,2016,2018,8,0,273.45714285714286,True,False
3212,12,35.0,2017,2018,3,0,232.05714285714285,True,False
3213,12,35.0,2017,2018,10,0,331.0857142857143,True,False
3214,12,35.0,1999,2018,6,0,250.0,True,False
3215,12,35.67,1976,2018,1,0,224.27810485001402,True,False
3216,12,36.0,2012,2018,12,0,209.88888888888889,True,False
3217,8,36.0,2015,2018,8,0,207.19444444444446,True,False
3218,8,36.0,2009,2018,2,0,159.72222222222223,True,False
3219,8,36.0,2009,2018,2,0,97.22222222222223,False,True
3220,8,36.0,2018,2018,6,0,166.66666666666666,False,True
3221,12,36.36,2012,2018,6,0,199.3949394939494,True,False
3222,8,36.99,1983,2018,3,0,108.13733441470667,False,True
3223,8,39.0,2012,2018,12,0,128.2051282051282,False,True
3224,12,39.6,2017,2018,1,0,220.95959595959596,True,False
3225,8,39.6,2015,2018,8,0,101.01010101010101,False,True
3226,12,39.67,2015,2018,1,0,233.17368288379126,True,False
3227,8,39.67,1985,2018,12,0,180.6654902949332,True,False
3228,12,39.67,2016,2018,12,0,232.4678598437106,True,False
3229,8,39.67,2015,2018,3,0,138.64381144441643,False,True
3230,12,40.0,2017,2018,1,0,262.5,True,False
3231,12,40.0,2008,2018,6,0,207.5,True,False
3232,12,40.0,2017,2018,5,0,243.75,True,False
3233,12,40.0,2016,2018,7,0,256.25,True,False
3234,12,40.0,2017,2018,1,0,181.25,True,False
3235,12,40.0,2016,2018,4,0,137.5,False,True
3236,8,42.9,2011,2018,6,0,104.8951048951049,False,True
3237,12,42.95,2003,2018,5,0,139.69732246798603,False,True
3238,8,42.97,1977,2018,4,0,137.25855247847335,True,False
3239,12,43.0,2018,2018,5,0,139.53488372093022,False,True
3240,8,44.79,1979,2018,12,0,51.84192900200938,True,False
3241,8,44.99,2002,2018,12,0,179.06201378084018,True,False
3242,8,45.0,2012,2018,11,0,146.9111111111111,True,False
3243,8,45.0,2017,2018,2,0,355.55555555555554,True,False
3244,12,45.0,1995,2018,1,0,188.88888888888889,True,False
3245,12,45.0,1995,2018,1,0,188.88888888888889,True,False
3246,12,45.0,2017,2018,8,0,133.33333333333334,False,True
3247,8,46.0,2008,2018,3,0,298.3478260869565,True,False
3248,8,46.28,2016,2018,9,0,326.6637856525497,True,False
3249,8,46.6,1980,2018,11,0,153.79828326180257,True,False
3250,8,46.61,1978,2018,6,0,75.09118214975327,False,True
3251,8,47.0,2009,2018,4,0,179.7659574468085,True,False
3252,8,47.0,2009,2018,4,0,179.7659574468085,True,False
3253,8,47.04,2016,2018,1,0,180.69727891156464,True,False
3254,8,47.42,1988,2018,1,0,126.52889076339098,True,False
3255,12,47.84,2011,2018,2,0,250.83612040133778,True,False
3256,8,48.0,2010,2018,1,0,114.58333333333333,False,True
3257,12,48.02,2012,2018,6,0,218.65889212827986,True,False
3258,8,48.39,1979,2018,2,0,154.99070055796653,True,False
3259,8,48.83,1982,2018,11,0,177.49334425558058,True,False
3260,8,49.0,2008,2018,1,0,198.9795918367347,True,False
3261,8,49.0,1980,2018,11,0,146.26530612244898,True,False
3262,8,49.0,1979,2018,6,0,290.81632653061223,True,False
3263,8,49.0,2010,2018,11,0,134.91836734693877,True,False
3264,12,49.11,2003,2018,4,0,131.72469965383831,True,False
3265,8,49.5,2017,2018,1,0,242.42424242424244,True,False
3266,12,49.5,1988,2018,9,0,148.54545454545453,True,False
3267,8,49.5,2004,2018,7,0,131.31313131313132,False,True
3268,8,49.68,1981,2018,7,0,171.0950080515298,True,False
3269,12,50.0,2017,2018,7,0,190.0,True,False
3270,12,50.0,2011,2018,6,0,220.0,True,False
3271,8,50.0,2013,2018,1,0,235.0,True,False
3272,8,50.0,2009,2018,6,0,230.0,True,False
3273,8,50.0,2017,2018,5,0,195.0,True,False
3274,8,50.0,2018,2018,4,0,246.94,True,False
3275,12,50.0,2010,2018,8,0,214.62,True,False
3276,12,50.0,2018,2018,6,0,200.0,True,False
3277,12,50.0,1996,2018,3,0,214.48,True,False
3278,12,50.0,1996,2018,3,0,214.48,True,False
3279,12,50.0,2018,2018,2,0,290.0,True,False
3280,12,50.0,2016,2018,7,0,240.0,True,False
3281,8,50.0,1995,2018,5,0,175.0,True,False
3282,8,50.0,2007,2018,12,0,139.34,True,False
3283,12,50.0,2013,2018,3,0,205.92,True,False
3284,12,50.0,2018,2018,7,0,285.0,True,False
3285,8,50.0,2018,2018,1,0,235.0,True,False
3286,8,50.0,2011,2018,9,0,130.0,False,True
3287,8,50.0,2011,2018,9,0,140.0,False,True
3288,8,50.2,2005,2018,9,0,119.5219123505976,False,True
3289,8,50.79,1985,2018,4,0,154.49891710966725,True,False
3290,8,50.92,2018,2018,7,0,166.9285153181461,False,True
3291,8,51.0,2011,2018,11,0,156.86274509803923,False,True
3292,8,51.0,2007,2018,8,0,117.6470588235294,False,True
3293,12,51.14,1978,2018,7,0,136.8791552600704,False,True
3294,8,51.2,2010,2018,2,0,156.25,True,False
3295,8,51.67,1975,2018,7,0,106.4447455002903,True,False
3296,8,52.0,1993,2018,1,0,153.84615384615384,True,False
3297,8,52.8,1993,2018,10,0,104.7159090909091,True,False
3298,8,52.8,2017,2018,1,0,241.47727272727275,True,False
3299,8,52.8,2003,2018,3,0,113.63636363636364,False,True
3300,8,52.87,2011,2018,1,0,151.31454511064877,True,False
3301,8,52.89,2017,2018,7,0,250.5199470599357,True,False
3302,8,52.89,2018,2018,10,0,170.16449234259784,False,True
3303,8,52.89,2018,2018,10,0,170.16449234259784,False,True
3304,8,52.89,2003,2018,11,0,94.53582907922102,False,True
3305,8,53.46,2017,2018,2,0,74.01795735129069,True,False
3306,12,55.0,2011,2018,9,0,118.18181818181819,False,True
3307,8,55.0,2011,2018,10,0,100.0,False,True
3308,8,55.0,2018,2018,7,0,181.8181818181818,False,True
3309,8,55.8,1979,2018,3,0,154.51612903225808,True,False
3310,12,55.89,2000,2018,5,0,89.46144211844695,False,True
3311,12,56.0,2018,2018,4,0,228.5,True,False
3312,8,56.0,2014,2018,4,0,206.625,True,False
3313,12,56.0,2004,2018,6,0,147.32142857142858,True,False
3314,8,56.0,2018,2018,1,0,169.64285714285714,False,True
3315,12,56.0,2017,2018,1,0,169.64285714285714,False,True
3316,8,56.1,2018,2018,2,0,209.44741532976826,True,False
3317,8,56.1,2010,2018,11,0,255.49019607843135,True,False
3318,12,56.1,2016,2018,11,0,198.05704099821747,True,False
3319,12,56.1,2011,2018,4,0,171.71122994652407,True,False
3320,12,56.1,2012,2018,2,0,182.70944741532978,True,False
3321,8,56.1,2003,2018,10,0,89.12655971479501,False,True
3322,12,56.19,2004,2018,7,0,120.12813667912441,True,False
3323,12,56.19,2004,2018,7,0,53.39028296849973,False,True
3324,8,56.2,2011,2018,3,0,171.40569395017792,True,False
3325,12,56.98,2010,2018,11,0,131.62513162513164,False,True
3326,8,57.0,2018,2018,9,0,140.35087719298247,False,True
3327,8,58.0,2018,2018,8,0,155.17241379310346,False,True
3328,8,58.0,2018,2018,4,0,155.17241379310346,False,True
3329,8,58.0,2016,2018,7,0,172.41379310344828,False,True
3330,8,58.14,2012,2018,6,0,85.99931200550395,False,True
3331,12,58.45,2017,2018,5,0,68.62275449101796,True,False
3332,8,59.4,2018,2018,7,0,168.35016835016836,False,True
3333,8,59.4,2018,2018,8,0,168.35016835016836,False,True
3334,8,59.49,2011,2018,5,0,109.26206085056312,False,True
3335,8,59.5,2017,2018,1,0,319.327731092437,True,False
3336,12,59.5,2012,2018,2,0,184.87394957983193,True,False
3337,8,59.5,1996,2018,3,0,62.18487394957983,False,True
3338,8,59.5,1977,2018,1,0,134.45378151260505,False,True
3339,8,59.5,1977,2018,1,0,168.0672268907563,False,True
3340,8,59.78,1984,2018,9,0,128.90598862495818,True,False
3341,8,60.0,2012,2018,12,0,172.21666666666667,True,False
3342,8,60.0,2012,2018,12,0,172.21666666666667,True,False
3343,8,60.0,1996,2018,3,0,172.45,True,False
3344,8,60.0,2018,2018,10,0,198.03333333333333,True,False
3345,8,60.0,2010,2018,7,0,158.33333333333334,True,False
3346,8,60.0,2006,2018,4,0,136.05,True,False
3347,8,60.0,2018,2018,6,0,220.83333333333334,True,False
3348,8,60.0,2018,2018,12,0,143.51666666666668,True,False
3349,8,60.0,2003,2018,1,0,141.66666666666666,True,False
3350,8,60.0,2006,2018,6,0,187.5,True,False
3351,8,60.0,2016,2018,11,0,199.06666666666666,True,False
3352,8,60.0,2017,2018,3,0,214.96666666666667,True,False
3353,8,60.0,2014,2018,2,0,158.33333333333334,True,False
3354,8,60.0,2013,2018,3,0,172.45,True,False
3355,8,60.0,1982,2018,5,0,145.83333333333334,True,False
3356,8,60.0,2011,2018,10,0,146.08333333333334,True,False
3357,8,60.0,2013,2018,8,0,208.85,True,False
3358,8,60.0,2010,2018,8,0,124.15,True,False
3359,8,60.0,2010,2018,8,0,124.15,True,False
3360,12,60.0,2014,2018,2,0,170.83333333333334,True,False
3361,12,60.0,2007,2018,3,0,157.48333333333332,True,False
3362,8,60.0,1985,2018,3,0,86.63333333333334,True,False
3363,8,60.0,2016,2018,2,0,150.0,False,True
3364,8,60.0,2016,2018,6,0,150.0,False,True
3365,8,60.0,1983,2018,9,0,16.666666666666668,False,True
3366,8,60.0,2016,2018,2,0,150.0,False,True
3367,12,60.0,2018,2018,4,0,166.66666666666666,False,True
3368,12,60.0,2014,2018,3,0,133.33333333333334,False,True
3369,8,60.0,2018,2018,8,0,150.0,False,True
3370,8,60.0,1977,2018,10,0,150.0,False,True
3371,12,60.3,1995,2018,8,0,150.61359867330017,True,False
3372,8,60.69,2010,2018,12,0,140.0560224089636,False,True
3373,8,60.86,2018,2018,5,0,209.49720670391062,True,False
3374,12,61.6,1995,2018,5,0,121.75324675324676,True,False
3375,12,61.6,1995,2018,5,0,121.75324675324676,True,False
3376,12,62.0,2016,2018,9,0,164.61290322580646,True,False
3377,8,63.24,1987,2018,8,0,131.98924731182797,True,False
3378,12,64.3,1999,2018,9,0,104.29237947122861,True,False
3379,12,64.3,1999,2018,9,0,104.29237947122861,True,False
3380,8,64.32,2016,2018,5,0,174.12935323383087,True,False
3381,8,65.0,2018,2018,11,0,172.64615384615385,True,False
3382,12,65.0,2007,2018,6,0,126.92307692307692,True,False
3383,8,65.22,1979,2018,12,0,115.85403250536645,True,False
3384,30,65.88,1979,2018,11,0,146.7364905889496,True,False
3385,12,66.0,2017,2018,6,0,196.96969696969697,True,False
3386,8,66.0,2010,2018,7,0,178.03030303030303,True,False
3387,8,66.0,2009,2018,4,0,131.4090909090909,True,False
3388,8,66.0,2015,2018,4,0,165.12121212121212,True,False
3389,8,66.0,2006,2018,3,0,156.0,True,False
3390,12,66.0,1998,2018,11,0,164.9848484848485,True,False
3391,12,66.0,2015,2018,1,0,242.42424242424244,True,False
3392,8,66.0,1977,2018,1,0,121.21212121212122,False,True
3393,8,66.0,2017,2018,10,0,128.78787878787878,False,True
3394,12,66.0,2018,2018,4,0,151.5151515151515,False,True
3395,8,66.0,2013,2018,7,0,113.63636363636364,False,True
3396,8,66.0,2018,2018,5,0,143.93939393939394,False,True
3397,12,66.0,2017,2018,1,0,151.5151515151515,False,True
3398,8,66.1,1985,2018,3,0,188.33585476550684,True,False
3399,12,66.11,2006,2018,7,0,113.44728482831644,False,True
3400,8,66.11,2006,2018,12,0,90.75782786265316,False,True
3401,8,66.52,1998,2018,8,0,107.06554419723392,True,False
3402,8,66.52,1998,2018,8,0,107.06554419723392,True,False
3403,8,67.2,2018,2018,8,0,141.36904761904762,False,True
3404,8,67.3,2018,2018,7,0,132.98662704309064,True,False
3405,8,67.83,1983,2018,4,0,142.60651629072683,True,False
3406,8,68.1,1973,2018,2,0,58.737151248164466,False,True
3407,8,69.4,1985,2018,8,0,155.56195965417865,True,False
3408,8,69.42,2006,2018,3,0,125.23768366464995,True,False
3409,8,70.0,1992,2018,8,0,131.04285714285714,True,False
3410,8,70.0,1983,2018,10,0,169.32857142857142,True,False
3411,12,71.47,1978,2018,10,0,96.29215055267944,True,False
3412,8,71.9,2002,2018,12,0,83.44923504867872,False,True
3413,8,72.0,2018,2018,1,0,166.66666666666666,False,True
3414,12,72.7,2011,2018,12,0,172.70976616231087,True,False
3415,12,72.93,2006,2018,3,0,181.6125051419169,True,False
3416,8,74.14,2005,2018,7,0,101.15996762881036,True,False
3417,8,74.47,2005,2018,6,0,104.7401638243588,True,False
3418,8,74.59,2005,2018,11,0,123.63587612280466,True,False
3419,8,74.7,2018,2018,12,0,206.90763052208834,True,False
3420,8,75.0,1972,2018,4,0,71.97333333333333,True,False
3421,8,75.0,1982,2018,5,0,160.0,True,False
3422,8,75.25,2015,2018,8,0,45.40863787375415,True,False
3423,8,76.93,1988,2018,4,0,109.82711555959963,True,False
3424,8,77.42,1989,2018,8,0,114.93154223714802,True,False
3425,8,77.42,1989,2018,7,0,90.41591320072332,False,True
3426,8,78.0,1990,2018,8,0,44.87179487179487,False,True
3427,8,79.18,1991,2018,10,0,50.517807527153316,False,True
3428,12,80.0,2005,2018,3,0,123.725,True,False
3429,12,80.0,2002,2018,2,0,115.625,True,False
3430,8,80.3,2018,2018,3,0,206.36363636363637,True,False
3431,12,80.91,2016,2018,9,0,181.7575083426029,True,False
3432,25,80.91,1985,2018,4,0,80.3361759980225,False,True
3433,12,82.5,2015,2018,4,0,181.2,True,False
3434,12,82.64,1987,2018,5,0,94.38528557599226,True,False
3435,8,84.0,2007,2018,5,0,154.76190476190476,True,False
3436,8,84.0,2018,2018,6,0,196.42857142857142,True,False
3437,8,84.0,2016,2018,2,0,154.76190476190476,False,True
3438,8,84.82,1996,2018,6,0,44.80075453902382,False,True
3439,8,85.0,2015,2018,10,0,141.1764705882353,False,True
3440,8,85.95,2011,2018,11,0,174.52006980802793,False,True
3441,8,86.88,1989,2018,10,0,71.0865561694291,True,False
3442,12,87.29,2008,2018,5,0,137.47279184328102,False,True
3443,8,87.88,1994,2018,9,0,68.27492034592626,False,True
3444,8,88.79,1985,2018,3,0,140.20723054398016,True,False
3445,8,89.0,2016,2018,1,0,126.40449438202248,True,False
3446,8,89.0,1970,2018,7,0,28.089887640449437,False,True
3447,12,89.04,1994,2018,2,0,120.73225516621743,True,False
3448,8,90.0,2015,2018,12,0,159.25555555555556,True,False
3449,12,90.27,2013,2018,3,0,156.44178575384956,True,False
3450,8,94.05,1997,2018,8,0,126.07123870281765,True,False
3451,12,95.0,2018,2018,10,0,136.8421052631579,False,True
3452,12,95.0,2018,2018,10,0,136.8421052631579,False,True
3453,12,95.0,2018,2018,10,0,105.26315789473684,False,True
3454,12,95.7,2015,2018,10,0,175.18286311389758,True,False
3455,8,97.08,2016,2018,4,0,148.8360115368768,True,False
3456,8,97.9,2013,2018,8,0,153.42185903983656,True,False
3457,8,99.0,2010,2018,9,0,175.87878787878788,True,False
3458,8,99.17,1987,2018,5,0,93.27417565796108,True,False
3459,12,103.5,1981,2018,2,0,130.43478260869566,True,False
3460,12,111.3,1976,2018,7,0,125.78616352201259,True,False
3461,12,119.0,2003,2018,1,0,121.84873949579831,True,False
3462,8,119.0,1985,2018,5,0,113.4453781512605,True,False
3463,8,124.14,2004,2018,3,0,60.79426454003544,True,False
3464,8,129.0,1991,2018,9,0,54.263565891472865,False,True
3465,12,130.42,2004,2018,6,0,147.60006134028524,True,False
3466,8,132.63,2011,2018,4,0,88.4792279273166,True,False
3467,8,182.0,2012,2018,3,0,44.90659340659341,True,False
3468,8,14.05,1988,2018,10,0,258.2918149466192,True,False
3469,12,15.0,2017,2018,1,0,633.3333333333334,True,False
3470,12,15.0,2002,2018,1,0,413.3333333333333,True,False
3471,12,16.0,2017,2018,2,0,565.625,True,False
3472,12,17.18,2011,2018,12,0,400.9895227008149,True,False
3473,12,17.18,2011,2018,5,0,436.55413271245635,True,False
3474,25,18.14,2014,2018,4,0,500.0551267916207,True,False
3475,12,18.31,2015,2018,1,0,259.42108137629714,True,False
3476,12,18.75,2009,2018,1,0,458.6666666666667,True,False
3477,12,20.0,2010,2018,1,0,400.0,True,False
3478,12,20.0,2011,2018,9,0,402.95,True,False
3479,12,20.55,2010,2018,3,0,431.6788321167883,True,False
3480,12,21.0,2006,2018,1,0,250.0,True,False
3481,12,21.17,2006,2018,1,0,392.06424185167685,True,False
3482,8,21.38,2010,2018,1,0,388.2132834424696,True,False
3483,8,21.38,2010,2018,1,0,388.2132834424696,True,False
3484,12,21.69,2012,2018,1,0,449.5159059474412,True,False
3485,25,21.71,2001,2018,1,0,234.9147858129894,True,False
3486,12,23.0,2018,2018,6,0,184.7826086956522,True,False
3487,8,23.14,2017,2018,12,0,368.28003457216937,True,False
3488,8,23.14,2017,2018,12,0,368.28003457216937,True,False
3489,12,24.0,2017,2018,9,0,365.2083333333333,True,False
3490,12,24.0,2017,2018,5,0,208.33333333333334,False,True
3491,12,24.66,2012,2018,2,0,202.75750202757501,False,True
3492,8,25.0,2010,2018,1,0,342.0,True,False
3493,8,25.0,2004,2018,1,0,190.0,True,False
3494,12,25.0,2018,2018,9,0,341.16,True,False
3495,12,25.55,2015,2018,2,0,381.60469667318984,True,False
3496,12,25.7,2015,2018,12,0,249.88326848249028,True,False
3497,8,26.0,2002,2018,9,0,221.03846153846155,True,False
3498,12,26.0,1982,2018,7,0,100.0,True,False
3499,8,26.1,2017,2018,2,0,346.7432950191571,True,False
3500,12,26.4,2010,2018,11,0,212.5378787878788,True,False
3501,8,26.4,2018,2018,12,0,189.3939393939394,False,True
3502,12,26.44,2016,2018,12,0,297.125567322239,True,False
3503,12,27.0,1983,2018,5,0,192.59259259259258,True,False
3504,8,28.0,2018,2018,3,0,228.5,True,False
3505,8,28.0,2002,2018,10,0,213.64285714285714,True,False
3506,12,28.98,2012,2018,1,0,293.30572808833676,True,False
3507,8,29.75,2011,2018,4,0,231.8655462184874,True,False
3508,8,29.75,2010,2018,8,0,134.45378151260505,False,True
3509,8,30.0,2001,2018,10,0,150.96666666666667,True,False
3510,8,30.0,2016,2018,5,0,341.6666666666667,True,False
3511,12,30.0,2010,2018,7,0,291.6666666666667,True,False
3512,8,30.0,2018,2018,2,0,325.0,True,False
3513,8,30.0,2001,2018,2,0,186.66666666666666,True,False
3514,12,30.0,2010,2018,12,0,247.03333333333333,True,False
3515,12,30.0,2010,2018,1,0,293.3333333333333,True,False
3516,12,30.0,2017,2018,11,0,261.1,True,False
3517,8,30.0,2001,2018,3,0,124.3,True,False
3518,8,30.0,2011,2018,11,0,238.9,True,False
3519,12,30.0,2016,2018,12,0,269.26666666666665,True,False
3520,12,30.0,2015,2018,7,0,275.0,True,False
3521,12,30.0,2013,2018,1,0,325.0,True,False
3522,8,30.0,2016,2018,9,0,150.0,False,True
3523,8,30.0,2016,2018,7,0,183.33333333333334,False,True
3524,12,30.0,2018,2018,9,0,200.0,False,True
3525,8,31.21,2006,2018,7,0,57.129125280358856,True,False
3526,25,33.0,2001,2018,4,0,158.87878787878788,True,False
3527,12,33.0,2013,2018,6,0,318.1818181818182,True,False
3528,8,33.0,2011,2018,8,0,232.21212121212122,True,False
3529,12,33.0,2015,2018,2,0,350.0,True,False
3530,12,33.0,2015,2018,5,0,303.030303030303,True,False
3531,12,33.0,2013,2018,5,0,257.57575757575756,True,False
3532,12,33.0,2002,2018,1,0,98.48484848484848,True,False
3533,8,33.0,2014,2018,5,0,295.45454545454544,True,False
3534,8,33.0,2006,2018,5,0,253.03030303030303,True,False
3535,12,33.0,2015,2018,2,0,289.3939393939394,True,False
3536,8,33.0,2017,2018,2,0,257.57575757575756,True,False
3537,8,33.0,2008,2018,4,0,210.27272727272728,True,False
3538,8,33.0,2017,2018,5,0,274.24242424242425,True,False
3539,8,33.0,2018,2018,5,0,181.8181818181818,True,False
3540,12,33.0,2011,2018,8,0,121.21212121212122,False,True
3541,8,33.06,2014,2018,12,0,262.15970961887473,True,False
3542,12,33.06,2014,2018,4,0,187.05384150030247,True,False
3543,8,33.32,2008,2018,8,0,165.06602641056423,False,True
3544,12,33.33,2017,2018,10,0,165.01650165016503,False,True
3545,8,35.5,2018,2018,3,0,263.85915492957747,True,False
3546,12,36.0,2017,2018,2,0,263.8888888888889,True,False
3547,12,36.0,2014,2018,9,0,157.66666666666666,True,False
3548,12,36.3,2018,2018,11,0,229.55922865013775,True,False
3549,8,36.36,2016,2018,7,0,137.5137513751375,False,True
3550,12,39.0,2010,2018,9,0,244.33333333333334,True,False
3551,25,39.0,2018,2018,10,0,297.12820512820514,True,False
3552,8,39.67,2016,2018,2,0,289.8916057474162,True,False
3553,12,39.7,2017,2018,1,0,207.80856423173802,True,False
3554,8,40.0,2016,2018,7,0,256.25,True,False
3555,8,40.0,2018,2018,1,0,187.5,True,False
3556,12,40.0,2013,2018,12,0,230.55,True,False
3557,8,40.02,2008,2018,9,0,142.57871064467764,True,False
3558,12,40.05,2015,2018,9,0,124.84394506866418,False,True
3559,0,40.05,2018,2018,9,0,137.3283395755306,False,True
3560,8,41.22,1989,2018,1,0,133.4303736050461,False,True
3561,12,42.97,1991,2018,5,0,127.99627647195719,True,False
3562,12,43.5,2013,2018,12,0,173.70114942528735,True,False
3563,12,44.83,1975,2018,11,0,169.77470443899176,True,False
3564,12,45.17,2010,2018,5,0,287.8016382554793,True,False
3565,12,45.59,1974,2018,4,0,65.80390436499232,False,True
3566,25,48.0,2001,2018,10,0,167.27083333333334,True,False
3567,8,48.7,1992,2018,7,0,123.20328542094455,True,False
3568,8,49.32,1989,2018,4,0,101.37875101378751,False,True
3569,25,49.5,1989,2018,2,0,242.42424242424244,True,False
3570,8,49.58,2009,2018,11,0,174.80839048003227,True,False
3571,8,49.58,1996,2018,4,0,109.90318676885842,True,False
3572,0,50.0,2018,2018,10,0,258.82,True,False
3573,12,50.0,2011,2018,1,0,250.0,True,False
3574,12,50.0,1993,2018,5,0,165.0,True,False
3575,8,50.0,2014,2018,1,0,235.0,True,False
3576,12,50.0,2010,2018,12,0,183.78,True,False
3577,8,50.0,2018,2018,3,0,180.0,False,True
3578,12,50.0,2012,2018,5,0,110.0,False,True
3579,25,52.14,2001,2018,10,0,215.47756041426928,True,False
3580,25,52.8,1985,2018,7,0,132.5757575757576,True,False
3581,12,52.89,2004,2018,3,0,186.1788617886179,True,False
3582,12,52.89,2016,2018,12,0,219.53110228776706,True,False
3583,8,52.89,1992,2018,4,0,37.81433163168841,False,True
3584,25,53.0,2012,2018,10,0,238.39622641509433,True,False
3585,12,53.82,1995,2018,6,0,111.48272017837235,True,False
3586,8,54.0,2010,2018,12,0,158.44444444444446,True,False
3587,12,55.0,2017,2018,8,0,154.54545454545453,False,True
3588,12,56.0,2013,2018,10,0,278.35714285714283,True,False
3589,12,56.0,2012,2018,3,0,142.85714285714286,False,True
3590,8,57.6,1989,2018,8,0,123.47222222222221,True,False
3591,8,58.0,2018,2018,2,0,202.58620689655172,True,False
3592,8,59.0,2006,2018,11,0,155.74576271186442,True,False
3593,8,59.22,1982,2018,11,0,151.9756838905775,False,True
3594,12,59.47,2012,2018,11,0,171.8849840255591,True,False
3595,8,59.5,2016,2018,7,0,134.45378151260505,False,True
3596,8,59.5,2016,2018,7,0,134.45378151260505,False,True
3597,8,59.5,2016,2018,9,0,151.26050420168067,False,True
3598,12,61.15,2010,2018,8,0,209.92641046606704,True,False
3599,12,64.2,1995,2018,4,0,161.1682242990654,True,False
3600,8,64.62,1996,2018,6,0,92.85051067780873,False,True
3601,12,65.46,1970,2018,3,0,75.6034219370608,True,False
3602,8,65.7,1993,2018,11,0,106.54490106544901,False,True
3603,12,66.1,1992,2018,6,0,143.72163388804842,True,False
3604,8,66.11,2018,2018,12,0,176.47859627892905,True,False
3605,12,66.17,2013,2018,2,0,204.0199486171981,True,False
3606,8,66.33,1990,2018,2,0,52.76647067691844,False,True
3607,8,66.67,2002,2018,4,0,140.8129593520324,True,False
3608,8,67.0,1991,2018,1,0,134.32835820895522,True,False
3609,12,68.4,1975,2018,11,0,105.58479532163742,True,False
3610,12,69.49,1990,2018,11,0,139.11354151676503,True,False
3611,8,69.76,2008,2018,4,0,109.61869266055045,True,False
3612,8,70.76,2018,2018,10,0,202.84058790276993,True,False
3613,12,70.98,1995,2018,4,0,108.10087348548886,True,False
3614,12,70.98,1995,2018,12,0,73.26007326007326,False,True
3615,8,71.1,1993,2018,12,0,92.9817158931083,True,False
3616,8,72.72,1972,2018,12,0,67.98679867986799,True,False
3617,12,73.57,1990,2018,11,0,132.9074350958271,True,False
3618,12,73.92,1991,2018,11,0,87.93290043290042,False,True
3619,12,75.2,1989,2018,11,0,138.88297872340425,True,False
3620,8,75.9,2010,2018,9,0,143.37285902503294,True,False
3621,8,76.03,1970,2018,4,0,42.40431408654479,True,False
3622,8,76.29,1991,2018,10,0,107.56324551055184,True,False
3623,8,76.36,1982,2018,1,0,166.97223677317967,True,False
3624,12,77.58,2003,2018,4,0,83.78448053622068,False,True
3625,12,78.12,1994,2018,3,0,106.8484383000512,True,False
3626,12,79.3,1996,2018,8,0,63.051702395964696,False,True
3627,8,79.34,2007,2018,1,0,151.24779430299975,False,True
3628,12,79.77,1982,2018,6,0,84.61827754795036,True,False
3629,8,79.8,1978,2018,3,0,125.31328320802005,False,True
3630,8,80.0,2018,2018,10,0,150.0,False,True
3631,8,81.36,1999,2018,1,0,147.49262536873155,True,False
3632,12,82.44,1990,2018,9,0,91.04803493449782,True,False
3633,12,83.0,2018,2018,9,0,168.67469879518072,False,True
3634,8,83.25,2018,2018,9,0,168.16816816816817,False,True
3635,8,85.8,1992,2018,2,0,69.93006993006993,True,False
3636,8,87.92,1994,2018,9,0,77.94585987261146,True,False
3637,8,87.92,1994,2018,1,0,59.14467697907188,True,False
3638,8,88.26,1997,2018,8,0,84.39836845683209,True,False
3639,0,88.74,2018,2018,8,0,196.63060626549472,True,False
3640,8,90.4,2018,2018,11,0,165.929203539823,False,True
3641,8,93.99,2014,2018,11,0,151.31396957123098,True,False
3642,8,96.8,1991,2018,4,0,132.1900826446281,True,False
3643,8,100.87,2016,2018,11,0,153.6631307623674,False,True
3644,12,102.0,2012,2018,5,0,134.80392156862746,True,False
3645,8,108.39,1996,2018,12,0,55.35566011624689,False,True
3646,12,108.9,2011,2018,12,0,110.19283746556474,False,True
3647,8,128.3,1997,2018,5,0,15.588464536243178,False,True
3648,8,129.41,2006,2018,11,0,116.76841047832471,True,False
3649,12,132.0,2009,2018,5,0,59.09090909090909,True,False
3650,8,145.55,2002,2018,1,0,75.57540364136035,False,True
3651,8,146.38,2011,2018,2,0,39.28132258505261,True,False
3652,8,151.03,2005,2018,8,0,42.52135337350195,True,False
3653,8,164.0,1997,2018,8,0,45.420731707317074,True,False
3654,8,16.53,1988,2018,1,0,420.4476709013914,True,False
3655,8,20.0,2013,2018,3,0,286.2,True,False
3656,12,20.0,2018,2018,11,0,525.0,True,False
3657,8,21.0,2018,2018,12,0,394.1904761904762,True,False
3658,8,23.14,2016,2018,2,0,324.11408815903195,True,False
3659,8,24.6,2018,2018,7,0,182.92682926829266,False,True
3660,8,25.0,2018,2018,4,0,189.4,True,False
3661,8,25.0,2011,2018,10,0,292.96,True,False
3662,12,25.0,2012,2018,1,0,170.0,True,False
3663,8,25.0,2010,2018,8,0,140.0,False,True
3664,8,26.0,2017,2018,3,0,321.03846153846155,True,False
3665,8,26.0,2010,2018,2,0,134.6153846153846,False,True
3666,8,26.4,2011,2018,10,0,113.63636363636364,False,True
3667,8,28.0,2010,2018,5,0,125.0,False,True
3668,8,30.0,2010,2018,9,0,154.9,True,False
3669,8,30.0,2018,2018,12,0,270.3666666666667,True,False
3670,12,30.0,2018,2018,7,0,258.3333333333333,True,False
3671,12,30.0,2018,2018,5,0,366.6666666666667,True,False
3672,12,30.0,2013,2018,10,0,241.96666666666667,True,False
3673,8,30.0,2018,2018,6,0,316.6666666666667,True,False
3674,12,30.0,2011,2018,10,0,260.96666666666664,True,False
3675,12,30.0,2018,2018,6,0,291.6666666666667,True,False
3676,12,30.0,2011,2018,2,0,275.0,True,False
3677,12,30.0,2014,2018,11,0,174.06666666666666,True,False
3678,12,30.0,2018,2018,4,0,319.03333333333336,True,False
3679,12,30.0,2017,2018,4,0,296.6,True,False
3680,8,30.0,2015,2018,8,0,140.0,False,True
3681,8,30.0,2018,2018,5,0,150.0,False,True
3682,12,30.0,2015,2018,9,0,183.33333333333334,False,True
3683,8,30.0,2018,2018,5,0,133.33333333333334,False,True
3684,8,30.0,2018,2018,4,0,133.33333333333334,False,True
3685,8,30.0,2018,2018,4,0,133.33333333333334,False,True
3686,8,30.0,2018,2018,7,0,200.0,False,True
3687,12,30.0,2018,2018,2,0,200.0,False,True
3688,12,30.09,2018,2018,5,0,199.40179461615153,False,True
3689,8,33.0,2009,2018,10,0,167.54545454545453,True,False
3690,12,33.0,2012,2018,3,0,274.8787878787879,True,False
3691,12,33.0,2018,2018,12,0,207.06060606060606,True,False
3692,12,33.0,1991,2018,11,0,170.6969696969697,True,False
3693,8,33.0,2014,2018,8,0,202.21212121212122,True,False
3694,12,33.0,2012,2018,1,0,189.3939393939394,True,False
3695,12,33.0,2012,2018,12,0,134.66666666666666,True,False
3696,12,33.0,2011,2018,5,0,295.45454545454544,True,False
3697,12,33.0,2012,2018,2,0,250.0,True,False
3698,12,33.0,2018,2018,12,0,249.15151515151516,True,False
3699,12,33.0,2014,2018,4,0,210.27272727272728,True,False
3700,12,33.0,2011,2018,7,0,159.0909090909091,True,False
3701,12,33.0,2018,2018,11,0,287.2121212121212,True,False
3702,12,33.0,2012,2018,10,0,197.84848484848484,True,False
3703,12,33.0,2018,2018,7,0,312.1212121212121,True,False
3704,12,33.0,2018,2018,11,0,307.3939393939394,True,False
3705,8,33.0,1993,2018,10,0,195.54545454545453,True,False
3706,8,33.0,2013,2018,3,0,312.3030303030303,True,False
3707,12,33.0,2018,2018,10,0,181.8181818181818,False,True
3708,8,33.0,2013,2018,12,0,115.15151515151516,False,True
3709,12,33.0,2018,2018,11,0,151.5151515151515,False,True
3710,12,33.0,2015,2018,9,0,166.66666666666666,False,True
3711,8,33.0,2018,2018,12,0,181.8181818181818,False,True
3712,12,33.0,2011,2018,12,0,121.21212121212122,False,True
3713,12,33.0,2017,2018,9,0,181.8181818181818,False,True
3714,8,34.0,2018,2018,9,0,211.05882352941177,True,False
3715,12,34.22,2018,2018,10,0,175.33606078316774,False,True
3716,12,35.0,2017,2018,1,0,278.57142857142856,True,False
3717,12,35.0,2017,2018,6,0,292.85714285714283,True,False
3718,12,35.0,2017,2018,1,0,278.57142857142856,True,False
3719,8,35.0,1987,2018,11,0,180.94285714285715,True,False
3720,12,35.3,2018,2018,11,0,155.8073654390935,False,True
3721,12,36.0,2018,2018,6,0,187.5,True,False
3722,12,36.0,2015,2018,8,0,187.08333333333334,True,False
3723,8,36.0,2016,2018,8,0,166.66666666666666,False,True
3724,12,36.36,2018,2018,10,0,165.01650165016503,False,True
3725,12,38.0,2017,2018,1,0,236.8421052631579,True,False
3726,8,39.4,1988,2018,12,0,176.8274111675127,True,False
3727,8,39.6,2013,2018,3,0,113.63636363636363,False,True
3728,12,40.0,2015,2018,4,0,272.45,True,False
3729,12,40.0,2018,2018,6,0,168.75,True,False
3730,8,40.0,2014,2018,10,0,200.725,True,False
3731,12,40.0,2018,2018,9,0,107.5,False,True
3732,8,42.0,2018,2018,8,0,142.85714285714286,False,True
3733,12,44.3,2018,2018,12,0,146.72686230248308,False,True
3734,8,44.99,1979,2018,11,0,165.45899088686375,True,False
3735,12,45.0,2017,2018,2,0,133.33333333333334,False,True
3736,12,46.0,2013,2018,4,0,198.30434782608697,True,False
3737,8,48.0,1988,2018,9,0,116.79166666666667,True,False
3738,12,48.26,1971,2018,12,0,172.6688769167012,True,False
3739,8,49.5,2014,2018,10,0,216.2828282828283,True,False
3740,8,49.58,1996,2018,9,0,172.0250100847116,True,False
3741,8,49.59,2018,2018,11,0,174.7731397459165,True,False
3742,8,50.0,2013,2018,4,0,196.94,True,False
3743,12,50.0,2012,2018,9,0,242.36,True,False
3744,8,50.0,2017,2018,2,0,230.0,True,False
3745,12,50.0,2018,2018,6,0,145.0,True,False
3746,8,50.0,1988,2018,10,0,160.0,False,True
3747,12,50.0,2017,2018,11,0,160.0,False,True
3748,12,50.0,2016,2018,9,0,160.0,False,True
3749,12,50.0,2012,2018,5,0,140.0,False,True
3750,12,50.0,2012,2018,1,0,140.0,False,True
3751,8,50.0,2018,2018,9,0,120.0,False,True
3752,8,51.31,1973,2018,7,0,97.44689144416293,False,True
3753,12,52.21,2004,2018,6,0,177.16912468875694,True,False
3754,12,52.21,2004,2018,6,0,148.4389963608504,True,False
3755,8,52.8,1987,2018,9,0,189.3939393939394,False,True
3756,8,53.45,1980,2018,10,0,128.755846585594,True,False
3757,12,53.56,2012,2018,5,0,266.05675877520537,True,False
3758,12,54.0,2018,2018,9,0,148.14814814814815,False,True
3759,12,54.0,2018,2018,9,0,157.40740740740742,False,True
3760,12,54.96,2008,2018,9,0,130.0400291120815,True,False
3761,8,55.0,2017,2018,4,0,198.14545454545456,True,False
3762,12,55.0,2013,2018,4,0,175.87272727272727,True,False
3763,12,55.0,2012,2018,1,0,145.45454545454547,False,True
3764,12,56.0,2018,2018,10,0,160.71428571428572,False,True
3765,12,56.1,2018,2018,4,0,221.9073083778966,True,False
3766,8,56.1,2013,2018,7,0,169.34046345811052,True,False
3767,12,56.1,2018,2018,4,0,233.90374331550802,True,False
3768,12,56.2,2018,2018,10,0,217.70462633451956,True,False
3769,12,56.2,2018,2018,10,0,190.49822064056937,True,False
3770,12,56.2,2012,2018,7,0,137.90035587188612,True,False
3771,8,56.89,1998,2018,7,0,114.25558094568466,False,True
3772,8,58.0,2013,2018,4,0,129.31034482758622,False,True
3773,8,58.0,2016,2018,7,0,155.17241379310346,False,True
3774,12,59.0,2017,2018,2,0,152.54237288135593,False,True
3775,12,59.0,2017,2018,2,0,152.54237288135593,False,True
3776,12,59.4,2013,2018,5,0,202.02020202020202,True,False
3777,12,59.49,2004,2018,7,0,163.89309127584468,True,False
3778,8,59.5,1996,2018,8,0,126.05042016806723,False,True
3779,8,59.5,2018,2018,9,0,151.26050420168067,False,True
3780,8,60.0,2011,2018,11,0,148.7,True,False
3781,8,60.0,2011,2018,11,0,148.7,True,False
3782,8,60.0,1975,2018,9,0,169.6,True,False
3783,12,60.0,2015,2018,6,0,195.83333333333334,True,False
3784,12,60.0,2013,2018,4,0,192.85,True,False
3785,12,60.0,2018,2018,2,0,170.83333333333334,True,False
3786,8,60.0,2018,2018,10,0,189.21666666666667,True,False
3787,12,60.0,2012,2018,7,0,150.0,False,True
3788,8,60.0,2018,2018,12,0,158.33333333333334,False,True
3789,8,60.0,1992,2018,5,0,50.0,False,True
3790,8,60.07,1974,2018,9,0,80.00665889795239,True,False
3791,12,61.75,1997,2018,11,0,80.97165991902834,False,True
3792,8,62.4,2010,2018,12,0,133.54166666666666,True,False
3793,8,62.41,1974,2018,12,0,128.18458580355713,False,True
3794,12,65.82,1978,2018,10,0,122.43998784563964,True,False
3795,12,66.0,2012,2018,4,0,113.48484848484848,True,False
3796,12,66.0,2017,2018,11,0,196.96969696969697,True,False
3797,12,66.0,2011,2018,1,0,151.5151515151515,True,False
3798,12,66.0,2012,2018,11,0,106.06060606060606,False,True
3799,8,66.11,1989,2018,1,0,124.79201331114808,True,False
3800,8,68.69,1979,2018,6,0,94.6280390158684,False,True
3801,8,69.5,1989,2018,3,0,127.29496402877697,True,False
3802,12,70.0,2018,2018,12,0,204.75714285714287,True,False
3803,8,70.38,1984,2018,9,0,83.16283034953112,True,False
3804,12,75.0,2012,2018,11,0,182.96,True,False
3805,8,75.9,1978,2018,1,0,98.81422924901185,False,True
3806,8,76.35,2018,2018,3,0,196.46365422396858,False,True
3807,8,79.34,1977,2018,7,0,100.83186286866649,True,False
3808,12,79.58,2018,2018,10,0,175.92359889419453,False,True
3809,12,80.0,2013,2018,4,0,125.0,False,True
3810,8,84.7,2017,2018,5,0,165.2892561983471,False,True
3811,8,84.7,2017,2018,5,0,165.2892561983471,False,True
3812,8,85.0,2015,2018,9,0,141.1764705882353,False,True
3813,8,86.01,1992,2018,6,0,116.2655505173817,True,False
3814,12,87.0,2018,2018,4,0,177.57471264367817,True,False
3815,8,89.44,1984,2018,6,0,55.903398926654745,False,True
3816,12,92.0,2018,2018,3,0,130.43478260869566,False,True
3817,12,95.81,1992,2018,11,0,62.62394322095815,False,True
3818,8,97.2,2011,2018,3,0,112.11934156378601,True,False
3819,12,99.0,2015,2018,6,0,126.26262626262626,True,False
3820,12,99.0,2015,2018,4,0,125.74747474747475,True,False
3821,8,99.0,2018,2018,10,0,175.2828282828283,True,False
3822,12,99.2,2012,2018,10,0,164.84879032258064,True,False
3823,8,105.6,2018,2018,10,0,142.04545454545456,False,True
3824,8,106.95,1994,2018,3,0,73.84759233286583,True,False
3825,12,110.0,2017,2018,2,0,190.9090909090909,True,False
3826,12,113.42,2018,2018,9,0,105.80144595309469,False,True
3827,12,114.07,2013,2018,3,0,159.94564740948542,True,False
3828,12,115.67,2017,2018,2,0,177.22832195037606,True,False
3829,8,130.35,1994,2018,7,0,21.480629075565787,False,True
3830,8,161.98,1979,2018,5,0,32.102728731942214,True,False
3831,8,197.16,1991,2018,9,0,40.87543112193143,True,False
3832,8,66.0,2014,2018,1,0,60.60606060606061,False,True
3833,8,66.0,2014,2018,1,0,60.60606060606061,False,True
3834,8,61.38,1992,2018,10,0,184.29455848810687,True,False
3835,8,30.0,2010,2018,10,0,46.666666666666664,False,True
3836,12,30.0,2001,2018,10,0,83.33333333333333,False,True
3837,8,37.56,1992,2018,11,0,96.13951011714589,True,False
3838,12,48.0,1991,2018,6,0,171.875,True,False
3839,8,59.5,2011,2018,7,0,184.87394957983193,True,False
3840,12,59.5,1995,2018,4,0,58.8235294117647,False,True
3841,25,64.56,1991,2018,4,0,129.2905824039653,True,False
3842,8,69.95,2006,2018,6,0,51.89421015010722,True,False
3843,12,95.86,1991,2018,11,0,26.079699561861048,False,True
3844,12,15.0,2014,2018,12,0,494.06666666666666,True,False
3845,8,15.0,2001,2018,1,0,200.0,False,True
3846,12,15.11,2016,2018,2,0,612.1773659827928,True,False
3847,12,16.0,2018,2018,12,0,395.8125,True,False
3848,12,16.21,2014,2018,2,0,462.6773596545342,True,False
3849,8,16.5,2001,2018,4,0,181.8181818181818,False,True
3850,8,18.21,2017,2018,2,0,576.6062602965403,True,False
3851,12,19.0,2001,2018,3,0,413.5263157894737,True,False
3852,8,20.0,1984,2018,1,0,202.5,True,False
3853,12,20.0,2001,2018,2,0,350.0,True,False
3854,12,20.0,2014,2018,2,0,375.0,True,False
3855,12,20.0,2018,2018,11,0,413.9,True,False
3856,12,20.0,2015,2018,1,0,225.0,False,True
3857,12,21.85,2012,2018,2,0,322.6544622425629,True,False
3858,12,23.0,2002,2018,12,0,243.95652173913044,True,False
3859,12,23.1,2002,2018,12,0,224.63203463203462,True,False
3860,12,23.1,2017,2018,3,0,299.04761904761904,True,False
3861,8,23.14,2010,2018,1,0,369.49006050129645,True,False
3862,8,23.14,2010,2018,1,0,172.8608470181504,False,True
3863,12,24.5,2016,2018,7,0,367.3469387755102,True,False
3864,8,24.75,2007,2018,3,0,326.949494949495,True,False
3865,12,25.0,2010,2018,5,0,240.0,True,False
3866,12,25.0,2001,2018,4,0,247.36,True,False
3867,12,25.0,2013,2018,3,0,313.88,True,False
3868,12,25.0,2016,2018,2,0,360.0,True,False
3869,8,25.0,2018,2018,2,0,390.0,True,False
3870,8,25.0,2014,2018,2,0,350.0,True,False
3871,12,26.0,2011,2018,2,0,355.7692307692308,True,False
3872,8,26.0,2018,2018,11,0,438.03846153846155,True,False
3873,8,26.0,2018,2018,10,0,392.53846153846155,True,False
3874,12,26.0,2010,2018,2,0,153.84615384615384,False,True
3875,12,26.4,2017,2018,12,0,239.88636363636365,True,False
3876,12,26.4,2018,2018,4,0,362.5378787878788,True,False
3877,12,26.45,2004,2018,3,0,279.3194706994329,True,False
3878,8,26.45,2001,2018,9,0,113.42155009451797,False,True
3879,8,28.0,2009,2018,2,0,305.35714285714283,True,False
3880,8,28.1,2007,2018,11,0,304.48398576512454,True,False
3881,8,28.1,2007,2018,12,0,302.49110320284694,True,False
3882,12,28.5,2010,2018,9,0,267.29824561403507,True,False
3883,12,28.71,2014,2018,1,0,322.1873911529084,True,False
3884,8,29.0,2001,2018,2,0,103.44827586206897,False,True
3885,8,29.75,2016,2018,12,0,293.1764705882353,True,False
3886,8,29.75,2016,2018,12,0,253.98319327731093,True,False
3887,8,30.0,2008,2018,9,0,229.6,True,False
3888,12,30.0,2008,2018,2,0,233.33333333333334,True,False
3889,12,30.0,2000,2018,1,0,173.33333333333334,True,False
3890,12,30.0,2008,2018,1,0,308.3333333333333,True,False
3891,12,30.0,2006,2018,1,0,283.3333333333333,True,False
3892,12,30.0,2010,2018,1,0,275.0,True,False
3893,12,30.0,2012,2018,6,0,301.6666666666667,True,False
3894,12,30.0,2001,2018,12,0,262.96666666666664,True,False
3895,12,31.0,2017,2018,10,0,183.09677419354838,True,False
3896,12,32.97,2016,2018,11,0,301.6075219896876,True,False
3897,12,33.0,2007,2018,4,0,237.78787878787878,True,False
3898,12,33.0,2008,2018,2,0,212.12121212121212,True,False
3899,12,33.0,2016,2018,2,0,227.27272727272728,True,False
3900,12,33.0,2015,2018,2,0,350.0,True,False
3901,12,33.0,2008,2018,12,0,195.27272727272728,True,False
3902,12,33.0,2010,2018,7,0,280.3030303030303,True,False
3903,12,33.0,2016,2018,7,0,310.6060606060606,True,False
3904,25,33.0,2017,2018,12,0,292.93939393939394,True,False
3905,12,33.0,2014,2018,4,0,290.030303030303,True,False
3906,12,33.0,2011,2018,2,0,295.45454545454544,True,False
3907,8,33.0,2012,2018,2,0,259.09090909090907,True,False
3908,12,33.0,2011,2018,10,0,264.6969696969697,True,False
3909,8,33.0,2018,2018,2,0,310.6060606060606,True,False
3910,8,33.0,2018,2018,2,0,287.8787878787879,True,False
3911,12,33.0,2016,2018,2,0,272.72727272727275,True,False
3912,12,33.0,2014,2018,8,0,252.93939393939394,True,False
3913,12,33.0,2016,2018,10,0,279.8484848484849,True,False
3914,12,33.0,2003,2018,1,0,206.06060606060606,True,False
3915,8,33.0,2016,2018,9,0,183.6060606060606,True,False
3916,12,33.0,2010,2018,7,0,295.45454545454544,True,False
3917,12,33.0,2006,2018,7,0,287.8787878787879,True,False
3918,8,33.0,2018,2018,10,0,196.96969696969697,False,True
3919,8,33.05,1988,2018,11,0,105.90015128593042,False,True
3920,8,33.06,2011,2018,4,0,268.3303085299455,True,False
3921,12,33.23,1994,2018,2,0,105.32651218778213,False,True
3922,12,34.0,2002,2018,4,0,132.35294117647058,False,True
3923,12,36.0,2004,2018,7,0,97.22222222222223,False,True
3924,12,36.0,2004,2018,7,0,97.22222222222223,False,True
3925,12,36.3,2014,2018,2,0,261.70798898071627,True,False
3926,8,37.0,1986,2018,2,0,263.5135135135135,True,False
3927,12,38.23,2014,2018,7,0,287.7321475281193,True,False
3928,8,39.0,2018,2018,11,0,279.20512820512823,True,False
3929,8,39.0,2001,2018,10,0,102.56410256410257,False,True
3930,0,39.12,2018,2018,12,0,211.60531697341514,True,False
3931,8,39.6,2011,2018,10,0,220.58080808080808,True,False
3932,12,39.66,1995,2018,9,0,131.26575895108422,True,False
3933,8,40.0,1995,2018,4,0,135.2,True,False
3934,12,40.0,2016,2018,4,0,241.825,True,False
3935,8,40.0,2004,2018,10,0,155.15,True,False
3936,12,40.55,2006,2018,2,0,258.9395807644883,True,False
3937,8,41.0,2003,2018,4,0,121.95121951219512,False,True
3938,12,42.0,1995,2018,5,0,107.14285714285714,True,False
3939,12,42.0,2008,2018,1,0,178.57142857142858,False,True
3940,8,42.9,2012,2018,2,0,291.3752913752914,True,False
3941,8,42.9,2017,2018,2,0,262.23776223776224,True,False
3942,12,42.97,2016,2018,10,0,243.68163835233884,True,False
3943,8,43.0,1999,2018,6,0,127.90697674418605,True,False
3944,8,43.0,2016,2018,7,0,174.41860465116278,True,False
3945,12,45.0,2015,2018,7,0,266.6666666666667,True,False
3946,12,45.0,2016,2018,5,0,233.33333333333334,True,False
3947,12,45.0,2001,2018,4,0,163.48888888888888,True,False
3948,12,45.0,2012,2018,8,0,252.15555555555557,True,False
3949,8,45.0,2014,2018,4,0,133.33333333333334,False,True
3950,8,45.0,1984,2018,12,0,88.88888888888889,False,True
3951,12,45.0,2011,2018,3,0,144.44444444444446,False,True
3952,12,45.18,2012,2018,10,0,282.53652058432937,True,False
3953,12,46.0,2006,2018,12,0,204.1086956521739,True,False
3954,12,46.0,1994,2018,2,0,130.43478260869566,False,True
3955,8,47.0,1988,2018,9,0,42.5531914893617,False,True
3956,12,49.0,2006,2018,1,0,234.69387755102042,True,False
3957,12,49.5,1998,2018,1,0,166.66666666666666,True,False
3958,12,49.5,1997,2018,5,0,101.01010101010101,False,True
3959,8,49.58,2011,2018,4,0,174.92940701895927,True,False
3960,8,50.0,2018,2018,2,0,235.0,True,False
3961,12,50.0,2011,2018,7,0,170.0,True,False
3962,8,50.0,1986,2018,11,0,148.88,True,False
3963,12,50.0,2012,2018,3,0,313.88,True,False
3964,8,50.0,1994,2018,9,0,166.48,True,False
3965,8,50.0,1981,2018,1,0,215.0,True,False
3966,8,50.0,1999,2018,6,0,195.0,True,False
3967,12,50.0,2016,2018,5,0,150.0,False,True
3968,12,50.82,2017,2018,8,0,96.24163715072805,True,False
3969,8,52.0,2011,2018,3,0,125.0,False,True
3970,12,52.1,2010,2018,8,0,142.9750479846449,True,False
3971,8,52.8,2010,2018,2,0,208.33333333333334,True,False
3972,12,52.8,2017,2018,11,0,151.51515151515153,False,True
3973,8,52.88,1997,2018,4,0,140.8661119515885,True,False
3974,8,52.88,1997,2018,4,0,140.8661119515885,True,False
3975,12,54.84,2013,2018,11,0,77.71699489423777,True,False
3976,8,55.0,2017,2018,7,0,281.8181818181818,True,False
3977,8,55.08,1995,2018,8,0,121.15105301379812,True,False
3978,12,55.2,1994,2018,10,0,126.81159420289855,False,True
3979,8,55.4,1997,2018,10,0,81.2274368231047,False,True
3980,12,56.0,2011,2018,9,0,160.71428571428572,False,True
3981,12,56.1,2018,2018,5,0,231.729055258467,True,False
3982,8,56.19,1998,2018,4,0,132.56807261078484,True,False
3983,8,57.0,1993,2018,3,0,121.01754385964912,True,False
3984,12,58.08,2017,2018,7,0,85.26170798898072,True,False
3985,12,58.63,2004,2018,9,0,165.54664847347775,True,False
3986,12,58.63,2004,2018,5,0,144.97697424526692,False,True
3987,8,58.83,2012,2018,8,0,135.98504164541902,False,True
3988,8,59.4,2011,2018,9,0,143.5858585858586,True,False
3989,8,59.49,1998,2018,7,0,109.26206085056312,True,False
3990,8,59.49,1997,2018,12,0,110.20339552866028,True,False
3991,12,59.5,2018,2018,12,0,192.3361344537815,True,False
3992,8,59.5,2003,2018,9,0,109.24369747899159,False,True
3993,12,60.0,1995,2018,1,0,112.5,True,False
3994,12,60.0,2018,2018,6,0,229.16666666666666,True,False
3995,12,60.0,2016,2018,7,0,154.16666666666666,True,False
3996,12,60.0,2016,2018,6,0,187.5,True,False
3997,12,60.0,1994,2018,8,0,159.51666666666668,True,False
3998,12,60.0,2010,2018,2,0,195.83333333333334,True,False
3999,25,60.0,2015,2018,1,0,245.83333333333334,True,False
4000,12,60.0,2018,2018,8,0,239.11666666666667,True,False
4001,25,60.0,2018,2018,11,0,153.7,True,False
4002,8,60.0,1997,2018,7,0,83.33333333333333,False,True
4003,25,60.0,2018,2018,9,0,150.0,False,True
4004,12,60.0,1994,2018,9,0,83.33333333333333,False,True
4005,12,60.0,2016,2018,10,0,116.66666666666667,False,True
4006,8,60.0,2014,2018,2,0,150.0,False,True
4007,25,60.0,2018,2018,11,0,133.33333333333334,False,True
4008,0,60.0,2018,2018,11,0,133.33333333333334,False,True
4009,12,60.0,2018,2018,10,0,150.0,False,True
4010,0,60.0,2018,2018,12,0,133.33333333333334,False,True
4011,8,62.33,1988,2018,9,0,185.91368522380876,True,False
4012,8,63.1,1989,2018,8,0,102.20285261489698,True,False
4013,12,64.67,2017,2018,10,0,74.74872429256224,True,False
4014,12,64.67,2017,2018,7,0,85.85124478119684,True,False
4015,12,66.0,2011,2018,11,0,164.9848484848485,True,False
4016,8,66.0,1994,2018,11,0,124.57575757575758,True,False
4017,8,66.0,2018,2018,9,0,208.56060606060606,True,False
4018,8,66.0,1988,2018,11,0,126.77272727272727,True,False
4019,12,66.0,1995,2018,4,0,163.57575757575756,True,False
4020,12,66.0,2011,2018,2,0,136.36363636363637,False,True
4021,12,66.0,1992,2018,10,0,98.48484848484848,False,True
4022,12,66.0,2012,2018,4,0,136.36363636363637,False,True
4023,12,66.0,1994,2018,3,0,53.03030303030303,False,True
4024,12,66.71,2011,2018,5,0,183.63064008394545,True,False
4025,12,67.0,2006,2018,6,0,104.4776119402985,True,False
4026,12,67.0,2006,2018,3,0,152.0,True,False
4027,8,67.3,1981,2018,8,0,142.21396731054978,True,False
4028,8,68.0,1986,2018,8,0,132.35294117647058,False,True
4029,8,68.9,1993,2018,2,0,130.6240928882438,False,True
4030,12,69.43,1997,2018,3,0,136.0939075327668,True,False
4031,12,69.6,1994,2018,4,0,71.83908045977012,False,True
4032,8,69.61,1987,2018,10,0,114.92601637695734,False,True
4033,12,70.02,1994,2018,11,0,126.14967152242217,True,False
4034,8,72.6,1988,2018,1,0,75.75757575757576,False,True
4035,8,75.9,1987,2018,1,0,98.81422924901185,True,False
4036,8,76.19,1986,2018,3,0,91.8755742223389,False,True
4037,8,76.19,1986,2018,3,0,91.8755742223389,False,True
4038,12,76.58,1986,2018,8,0,97.2708278924001,True,False
4039,8,76.74,1993,2018,12,0,58.63956215793589,False,True
4040,12,78.03,1995,2018,4,0,145.41842880943227,True,False
4041,12,78.8,1983,2018,7,0,203.04568527918784,True,False
4042,12,79.0,1997,2018,3,0,142.0759493670886,True,False
4043,0,80.0,2018,2018,11,0,150.0,False,True
4044,12,81.88,1991,2018,12,0,73.27796775769419,False,True
4045,12,82.5,2013,2018,1,0,172.72727272727272,True,False
4046,12,82.5,1997,2018,6,0,121.21212121212122,False,True
4047,8,83.46,1986,2018,7,0,179.72681524083396,False,True
4048,8,85.0,2007,2018,1,0,152.94117647058823,True,False
4049,12,87.62,1994,2018,8,0,146.03971695959825,True,False
4050,12,87.62,1994,2018,8,0,146.03971695959825,True,False
4051,8,88.21,1991,2018,5,0,79.35608207686204,False,True
4052,8,90.0,2007,2018,6,0,136.11111111111111,True,False
4053,8,92.45,1995,2018,5,0,108.1665765278529,False,True
4054,12,94.54,1995,2018,5,0,169.24053310767928,True,False
4055,8,97.1,1994,2018,6,0,141.6065911431514,True,False
4056,12,97.55,2014,2018,2,0,151.2045105074321,True,False
4057,12,100.0,2001,2018,1,0,120.0,False,True
4058,12,100.09,2006,2018,7,0,142.37186532121092,True,False
4059,12,104.83,1991,2018,3,0,47.69627015167414,False,True
4060,8,105.0,2001,2018,5,0,76.19047619047619,False,True
4061,12,106.1,1995,2018,11,0,94.2507068803016,False,True
4062,12,107.46,2005,2018,10,0,112.27433463614369,True,False
4063,12,110.61,1995,2018,6,0,144.65238224392007,True,False
4064,12,136.6,1984,2018,11,0,43.92386530014642,False,True
4065,12,149.0,2001,2018,3,0,56.02013422818792,True,False
4066,12,180.0,1994,2018,10,0,140.5222222222222,True,False
4067,25,13.0,1954,2018,3,0,173.76923076923077,True,False
4068,8,22.48,1975,2018,6,0,177.9359430604982,False,True
4069,8,26.45,2003,2018,8,0,335.38752362948964,True,False
4070,8,30.0,2017,2018,9,0,330.4,True,False
4071,8,30.0,2017,2018,8,0,294.9,True,False
4072,8,33.0,2018,2018,5,0,348.4848484848485,True,False
4073,8,33.0,2018,2018,4,0,248.0,True,False
4074,8,33.98,1975,2018,9,0,186.96291936433198,True,False
4075,8,33.98,1975,2018,9,0,147.14537963507948,False,True
4076,8,34.17,2017,2018,7,0,219.49078138718173,True,False
4077,8,36.0,2017,2018,2,0,256.94444444444446,True,False
4078,8,36.0,2017,2018,6,0,152.77777777777777,False,True
4079,8,40.0,1974,2018,5,0,38.0,False,True
4080,8,42.0,2003,2018,5,0,279.76190476190476,True,False
4081,8,42.25,1979,2018,4,0,127.76331360946746,True,False
4082,8,45.0,2017,2018,10,0,215.82222222222222,True,False
4083,8,45.0,2017,2018,4,0,170.51111111111112,True,False
4084,8,45.0,2017,2018,10,0,215.82222222222222,True,False
4085,12,45.0,1995,2018,3,0,126.06666666666666,True,False
4086,8,45.0,2017,2018,2,0,133.33333333333334,False,True
4087,8,45.0,2017,2018,2,0,133.33333333333334,False,True
4088,8,47.75,1998,2018,3,0,62.82722513089005,False,True
4089,8,47.75,1998,2018,2,0,62.82722513089005,False,True
4090,8,48.4,2018,2018,2,0,134.29752066115702,False,True
4091,8,48.82,1988,2018,4,0,91.13068414584187,True,False
4092,8,49.0,2003,2018,2,0,81.63265306122449,False,True
4093,8,49.88,1996,2018,7,0,144.34643143544506,True,False
4094,8,49.88,1996,2018,7,0,144.34643143544506,True,False
4095,8,50.0,2017,2018,8,0,197.92,True,False
4096,8,52.78,2003,2018,5,0,132.6259946949602,False,True
4097,8,56.1,2018,2018,5,0,142.602495543672,False,True
4098,8,60.0,2017,2018,4,0,166.66666666666666,False,True
4099,8,60.0,2017,2018,1,0,150.0,False,True
4100,8,62.7,2003,2018,7,0,111.64274322169058,False,True
4101,12,62.7,1996,2018,10,0,63.795853269537474,False,True
4102,12,62.7,1996,2018,9,0,59.01116427432217,False,True
4103,8,69.67,1996,2018,3,0,119.80766470503804,True,False
4104,8,70.0,1974,2018,7,0,57.42857142857143,True,False
4105,12,70.02,1997,2018,1,0,49.985718366181096,False,True
4106,8,70.49,1998,2018,9,0,97.63086962689744,True,False
4107,8,82.6,1993,2018,1,0,72.63922518159806,True,False
4108,8,83.75,1995,2018,5,0,71.64179104477611,False,True
4109,8,84.0,1993,2018,10,0,47.61904761904762,False,True
4110,25,89.49,1993,2018,6,0,92.18907140462622,True,False
4111,12,95.7,1996,2018,9,0,70.07314524555903,True,False
4112,8,96.33,2018,2018,2,0,233.57209592027405,True,False
4113,8,99.0,2003,2018,6,0,143.93939393939394,True,False
4114,8,99.17,1959,2018,5,0,26.217606130886356,False,True
4115,8,100.0,2017,2018,3,0,150.0,False,True
4116,8,108.29,1994,2018,1,0,24.009603841536613,True,False
4117,8,109.0,2018,2018,4,0,119.26605504587155,False,True
4118,12,123.45,1996,2018,10,0,28.351559335763465,False,True
4119,8,17.82,2001,2018,4,0,360.381593714927,True,False
4120,8,26.44,1994,2018,4,0,102.64750378214825,True,False
4121,0,28.8,1985,2018,2,0,164.93055555555554,True,False
4122,8,58.0,1994,2018,6,0,120.6896551724138,True,False
4123,8,75.9,1994,2018,5,0,75.75757575757575,True,False
4124,8,16.52,2000,2018,1,0,338.98305084745766,True,False
4125,8,19.8,2000,2018,11,0,126.26262626262626,False,True
4126,12,21.0,2011,2018,2,0,428.57142857142856,True,False
4127,8,21.0,2011,2018,2,0,190.47619047619048,False,True
4128,8,23.37,2008,2018,3,0,192.5545571245186,False,True
4129,8,27.0,2009,2018,6,0,314.81481481481484,True,False
4130,8,27.0,2009,2018,2,0,333.3333333333333,True,False
4131,8,27.3,2009,2018,12,0,248.27838827838826,True,False
4132,8,28.0,2018,2018,3,0,323.9642857142857,True,False
4133,8,30.0,2012,2018,12,0,189.63333333333333,True,False
4134,8,30.0,2012,2018,2,0,208.33333333333334,True,False
4135,8,30.0,2010,2018,12,0,218.53333333333333,True,False
4136,8,30.0,2012,2018,12,0,181.46666666666667,True,False
4137,12,35.0,2017,2018,1,0,342.85714285714283,True,False
4138,8,40.0,1987,2018,8,0,67.5,False,True
4139,8,43.0,2012,2018,7,0,180.2325581395349,True,False
4140,8,45.89,1983,2018,4,0,87.16495968620615,False,True
4141,12,48.0,2005,2018,2,0,208.33333333333334,True,False
4142,12,50.0,2008,2018,4,0,178.78,True,False
4143,12,51.0,1986,2018,10,0,140.7058823529412,True,False
4144,12,51.0,1986,2018,10,0,149.94117647058823,True,False
4145,8,53.61,1986,2018,2,0,83.93956351426972,False,True
4146,8,56.0,2018,2018,1,0,160.71428571428572,False,True
4147,12,59.81,2018,2018,12,0,68.1156997157666,True,False
4148,8,60.0,2018,2018,2,0,208.33333333333334,True,False
4149,12,60.0,2018,2018,1,0,237.5,True,False
4150,12,60.0,2018,2018,2,0,150.0,False,True
4151,8,64.08,1989,2018,9,0,148.7983770287141,True,False
4152,8,65.0,1984,2018,4,0,140.33846153846153,True,False
4153,12,66.0,2008,2018,2,0,181.8181818181818,True,False
4154,12,66.0,2008,2018,2,0,174.24242424242425,True,False
4155,8,66.98,1987,2018,6,0,52.25440429979098,False,True
4156,8,67.14,1987,2018,11,0,148.94250819183796,False,True
4157,8,67.66,1988,2018,12,0,73.89890629618682,False,True
4158,8,67.74,1988,2018,6,0,129.17035724830234,True,False
4159,8,67.75,1989,2018,5,0,44.28044280442804,False,True
4160,8,69.44,1987,2018,8,0,177.073732718894,True,False
4161,8,69.44,1987,2018,8,0,177.073732718894,True,False
4162,8,71.73,1984,2018,4,0,120.20075282308657,True,False
4163,8,72.0,1985,2018,1,0,166.66666666666666,False,True
4164,8,72.0,2018,2018,1,0,180.55555555555554,False,True
4165,8,72.3,1996,2018,2,0,72.61410788381743,True,False
4166,8,73.09,1986,2018,4,0,136.81762210972772,False,True
4167,8,76.35,1983,2018,12,0,78.58546168958743,False,True
4168,12,82.0,2018,2018,1,0,158.53658536585365,False,True
4169,12,82.0,2018,2018,1,0,158.53658536585365,False,True
4170,8,82.1,1985,2018,3,0,192.39951278928137,True,False
4171,8,82.5,2017,2018,11,0,173.73333333333332,True,False
4172,8,82.5,2017,2018,10,0,134.04848484848486,True,False
4173,8,82.5,2017,2018,10,0,168.26666666666668,True,False
4174,12,85.0,2018,2018,2,0,152.94117647058823,False,True
4175,8,85.0,2018,2018,1,0,152.94117647058823,False,True
4176,12,89.28,1992,2018,5,0,56.00358422939068,False,True
4177,12,90.0,2017,2018,7,0,200.0,False,True
4178,12,90.34,1983,2018,9,0,87.24817356652645,True,False
4179,12,90.34,1983,2018,9,0,87.24817356652645,True,False
4180,8,92.15,1986,2018,9,0,185.122083559414,True,False
4181,8,96.11,1988,2018,3,0,66.56955571740714,True,False
4182,12,97.18,1991,2018,10,0,65.37353364889894,True,False
4183,12,99.17,2018,2018,1,0,131.08803065443178,False,True
4184,8,99.17,2018,2018,1,0,131.08803065443178,False,True
4185,12,100.78,2018,2018,12,0,57.22365548719984,True,False
4186,8,175.0,2006,2018,9,0,85.71428571428571,False,True
4187,12,13.0,1991,2018,10,0,504.0769230769231,True,False
4188,8,16.19,2012,2018,10,0,423.2859789993823,True,False
4189,8,16.5,1970,2018,2,0,288.4848484848485,True,False
4190,12,18.19,2014,2018,10,0,423.6393622869708,True,False
4191,12,18.19,2014,2018,11,0,433.6998350742166,True,False
4192,8,19.83,2001,2018,5,0,332.82904689863847,True,False
4193,8,20.0,2006,2018,11,0,403.9,True,False
4194,12,21.74,2015,2018,2,0,448.48206071757136,True,False
4195,8,23.1,1970,2018,1,0,216.45021645021643,True,False
4196,8,23.1,2012,2018,9,0,173.16017316017314,False,True
4197,8,24.0,2009,2018,2,0,166.66666666666666,False,True
4198,12,25.55,2008,2018,6,0,334.63796477495106,True,False
4199,12,26.45,2018,2018,12,0,226.84310018903594,False,True
4200,12,26.45,2018,2018,12,0,151.22873345935727,False,True
4201,12,27.0,2005,2018,3,0,261.3703703703704,True,False
4202,12,30.0,2014,2018,7,0,308.3333333333333,True,False
4203,12,30.0,2002,2018,3,0,223.73333333333332,True,False
4204,12,30.0,2018,2018,7,0,358.3333333333333,True,False
4205,8,30.0,2004,2018,12,0,195.93333333333334,True,False
4206,12,30.0,2011,2018,9,0,253.13333333333333,True,False
4207,8,30.0,2001,2018,11,0,151.46666666666667,True,False
4208,8,30.0,2001,2018,11,0,151.46666666666667,True,False
4209,8,30.0,2008,2018,9,0,133.33333333333334,False,True
4210,12,30.55,2014,2018,12,0,200.03273322422257,True,False
4211,8,30.59,2010,2018,10,0,85.71428571428571,True,False
4212,12,31.4,2012,2018,2,0,127.38853503184714,False,True
4213,12,33.0,2017,2018,3,0,268.09090909090907,True,False
4214,12,33.0,2015,2018,2,0,289.3939393939394,True,False
4215,12,33.0,2015,2018,2,0,265.1515151515151,True,False
4216,8,33.0,2008,2018,11,0,195.27272727272728,True,False
4217,12,33.0,2015,2018,7,0,303.030303030303,True,False
4218,12,33.0,2015,2018,2,0,303.030303030303,True,False
4219,12,33.0,2012,2018,5,0,274.24242424242425,True,False
4220,12,33.0,2008,2018,1,0,274.24242424242425,True,False
4221,8,33.0,2012,2018,10,0,192.5151515151515,True,False
4222,12,33.0,2012,2018,3,0,260.3636363636364,True,False
4223,8,33.0,2010,2018,3,0,231.3030303030303,True,False
4224,8,33.0,2003,2018,4,0,60.60606060606061,False,True
4225,8,33.0,1989,2018,8,0,60.60606060606061,False,True
4226,8,33.05,2012,2018,4,0,305.4765506807867,True,False
4227,8,33.1,2008,2018,5,0,166.1631419939577,True,False
4228,12,33.19,2007,2018,11,0,215.93853570352516,True,False
4229,8,33.27,2016,2018,7,0,202.88548241659151,True,False
4230,12,34.02,1976,2018,6,0,235.15579071134624,True,False
4231,12,35.05,2017,2018,2,0,192.58202567760344,True,False
4232,8,35.95,2017,2018,8,0,233.60222531293462,True,False
4233,12,36.0,2008,2018,8,0,150.66666666666666,True,False
4234,8,39.6,2008,2018,1,0,101.01010101010101,True,False
4235,8,39.67,2006,2018,1,0,113.43584572724981,False,True
4236,8,40.0,2017,2018,1,0,268.75,True,False
4237,8,40.0,2005,2018,10,0,195.6,True,False
4238,8,40.0,2018,2018,6,0,162.5,False,True
4239,8,40.18,2007,2018,7,0,298.65604778496765,True,False
4240,8,41.77,1975,2018,11,0,239.40627244433801,False,True
4241,12,41.98,2013,2018,8,0,166.74606955693187,False,True
4242,8,42.9,2013,2018,4,0,215.8741258741259,True,False
4243,8,44.0,1994,2018,5,0,136.36363636363637,False,True
4244,8,45.0,2005,2018,2,0,205.55555555555554,True,False
4245,12,47.0,2010,2018,6,0,127.65957446808511,False,True
4246,8,47.25,2008,2018,3,0,49.7989417989418,True,False
4247,8,49.18,2009,2018,8,0,210.18706791378608,True,False
4248,8,49.18,2018,2018,6,0,203.334688897926,False,True
4249,8,49.5,1991,2018,11,0,199.77777777777777,True,False
4250,8,49.5,2016,2018,6,0,262.62626262626264,True,False
4251,8,49.55,2005,2018,6,0,216.95257315842585,True,False
4252,8,49.55,2005,2018,6,0,216.95257315842585,True,False
4253,8,50.0,2008,2018,11,0,148.88,True,False
4254,8,52.8,2006,2018,5,0,194.12878787878788,True,False
4255,8,52.88,2012,2018,4,0,174.43267776096823,True,False
4256,8,54.09,2006,2018,1,0,147.90164540580514,True,False
4257,8,54.51,2007,2018,1,0,178.86626307099615,True,False
4258,8,55.0,2016,2018,5,0,227.27272727272728,True,False
4259,12,55.0,2018,2018,6,0,240.9090909090909,True,False
4260,8,55.0,2017,2018,4,0,172.72727272727272,False,True
4261,8,56.0,2018,2018,2,0,214.28571428571428,True,False
4262,30,56.0,2008,2018,1,0,263.39285714285717,True,False
4263,8,56.1,1970,2018,4,0,192.44206773618538,True,False
4264,8,56.1,2018,2018,7,0,151.5151515151515,False,True
4265,8,56.19,2013,2018,4,0,176.15234027407013,True,False
4266,8,56.5,2017,2018,9,0,222.79646017699116,True,False
4267,8,57.0,2005,2018,4,0,190.47368421052633,True,False
4268,8,57.0,2005,2018,4,0,190.47368421052633,True,False
4269,30,59.4,2008,2018,4,0,190.16835016835017,True,False
4270,12,59.5,1977,2018,5,0,109.24369747899159,True,False
4271,8,60.0,2018,2018,6,0,166.66666666666666,False,True
4272,8,60.0,1992,2018,3,0,50.0,False,True
4273,30,60.0,2008,2018,8,0,166.66666666666666,False,True
4274,8,62.8,2009,2018,10,0,190.62101910828025,True,False
4275,8,63.55,2012,2018,6,0,76.19197482297405,True,False
4276,30,64.0,2008,2018,4,0,191.484375,True,False
4277,12,65.0,1975,2018,3,0,136.8923076923077,True,False
4278,8,66.0,2017,2018,12,0,160.77272727272728,True,False
4279,8,66.0,2018,2018,7,0,212.12121212121212,True,False
4280,8,66.0,2016,2018,8,0,180.27272727272728,True,False
4281,8,66.0,2016,2018,7,0,178.03030303030303,True,False
4282,12,66.33,2011,2018,11,0,209.39243178049148,True,False
4283,12,70.13,2012,2018,4,0,137.92955938970485,True,False
4284,8,70.72,2018,2018,1,0,201.49886877828055,True,False
4285,8,70.72,2018,2018,1,0,98.98190045248869,True,False
4286,8,72.7,1990,2018,7,0,103.1636863823934,True,False
4287,8,80.0,1980,2018,8,0,162.5,False,True
4288,8,82.65,2012,2018,1,0,263.1578947368421,True,False
4289,8,85.0,2008,2018,12,0,141.1764705882353,False,True
4290,8,85.0,2008,2018,12,0,141.1764705882353,False,True
4291,8,88.45,2007,2018,4,0,79.1407574901074,False,True
4292,8,89.52,1992,2018,1,0,117.2922252010724,True,False
4293,25,91.98,1999,2018,5,0,114.15525114155251,True,False
4294,12,95.0,2011,2018,11,0,160.23157894736843,True,False
4295,8,99.12,2006,2018,10,0,100.88781275221953,False,True
4296,8,99.17,1980,2018,7,0,60.50216799435313,False,True
4297,8,107.35,2006,2018,10,0,83.83791336748952,False,True
4298,12,111.0,2017,2018,4,0,161.24324324324326,True,False
4299,8,19.83,1977,2018,2,0,315.1790216843167,True,False
4300,8,20.0,1971,2018,11,0,150.0,False,True
4301,12,27.75,1998,2018,4,0,50.450450450450454,False,True
4302,8,31.41,1972,2018,7,0,159.1849729385546,True,False
4303,12,33.0,2012,2018,6,0,242.42424242424244,True,False
4304,12,36.0,2012,2018,1,0,159.72222222222223,True,False
4305,8,36.51,2010,2018,7,0,301.28731854286497,True,False
4306,12,40.3,1975,2018,1,0,24.81389578163772,False,True
4307,12,40.89,2012,2018,1,0,122.2792858889704,False,True
4308,8,41.4,2011,2018,2,0,108.69565217391305,False,True
4309,8,49.39,2001,2018,3,0,111.35857461024499,False,True
4310,8,55.29,1986,2018,3,0,150.96762524868873,True,False
4311,8,58.0,2007,2018,11,0,103.44827586206897,False,True
4312,12,58.76,2012,2018,12,0,138.0360789652825,True,False
4313,8,59.4,2018,2018,5,0,202.02020202020202,True,False
4314,8,59.5,2018,2018,5,0,134.45378151260505,False,True
4315,8,82.31,1973,2018,2,0,69.8578544526789,True,False
4316,8,84.0,2011,2018,10,0,119.04761904761905,False,True
4317,8,120.75,1991,2018,12,0,53.36645962732919,True,False
4318,8,49.31,1994,2018,6,0,70.97951733928208,False,True
4319,12,23.0,2014,2018,10,0,152.17391304347825,False,True
4320,12,24.0,2013,2018,12,0,318.0416666666667,True,False
4321,12,24.15,2014,2018,7,0,341.6149068322982,True,False
4322,12,26.45,2013,2018,1,0,340.26465028355386,True,False
4323,12,26.45,2017,2018,5,0,349.7164461247637,True,False
4324,12,33.0,2017,2018,11,0,238.06060606060606,True,False
4325,12,40.0,2016,2018,9,0,210.3,True,False
4326,8,49.5,1993,2018,6,0,90.9090909090909,True,False
4327,25,66.0,2018,2018,2,0,181.8181818181818,True,False
4328,12,102.0,2016,2018,9,0,98.03921568627452,False,True
4329,12,102.0,2016,2018,9,0,98.03921568627452,False,True
4330,8,19.0,2016,2018,3,0,444.05263157894734,True,False
4331,8,19.0,2016,2018,12,0,377.2105263157895,True,False
4332,8,19.8,2014,2018,3,0,458.1313131313131,True,False
4333,8,23.1,2015,2018,1,0,422.07792207792204,True,False
4334,8,26.4,2016,2018,1,0,342.8030303030303,True,False
4335,12,30.0,1991,2018,2,0,226.66666666666666,True,False
4336,8,30.0,2002,2018,3,0,207.4,True,False
4337,8,30.0,2017,2018,12,0,233.33333333333334,True,False
4338,8,33.0,2015,2018,9,0,259.3636363636364,True,False
4339,8,33.0,2004,2018,2,0,265.1515151515151,True,False
4340,25,33.0,2001,2018,1,0,257.57575757575756,True,False
4341,8,33.0,2004,2018,2,0,265.1515151515151,True,False
4342,12,33.0,2005,2018,11,0,264.3030303030303,True,False
4343,8,51.97,1975,2018,6,0,115.45122185876467,True,False
4344,8,53.0,1996,2018,8,0,94.33962264150944,False,True
4345,8,55.0,2015,2018,6,0,140.9090909090909,True,False
4346,8,59.8,2003,2018,4,0,133.77926421404683,False,True
4347,8,66.25,1982,2018,10,0,75.47169811320755,False,True
4348,8,107.19,1996,2018,8,0,46.646142364026495,False,True
4349,12,33.06,2016,2018,11,0,312.55293405928614,True,False
4350,12,36.39,2003,2018,12,0,227.48007694421543,True,False
4351,8,49.0,1990,2018,11,0,91.71428571428571,True,False
4352,12,49.5,2012,2018,10,0,151.5151515151515,False,True
4353,12,49.5,2012,2018,1,0,161.6161616161616,False,True
4354,12,52.3,2015,2018,3,0,214.60803059273422,True,False
4355,8,55.0,2017,2018,7,0,136.36363636363637,False,True
4356,8,80.0,2017,2018,8,0,203.0625,True,False
4357,12,91.1,1989,2018,10,0,101.37211855104282,True,False
4358,8,105.8,1977,2018,10,0,40.64272211720227,False,True
4359,8,16.24,2014,2018,6,0,446.42857142857144,True,False
4360,8,92.34,2003,2018,12,0,37.90340047649989,False,True
4361,8,72.2,1965,2018,1,0,86.56509695290859,True,False
4362,8,90.09,2003,2018,5,0,77.7000777000777,False,True
4363,25,20.0,2016,2018,12,0,469.45,True,False
4364,25,22.0,2011,2018,11,0,376.27272727272725,True,False
4365,25,23.47,2018,2018,4,0,480.8691947166596,True,False
4366,12,25.0,2017,2018,4,0,422.84,True,False
4367,25,25.0,2011,2018,5,0,370.0,True,False
4368,8,25.0,2014,2018,7,0,280.0,True,False
4369,12,26.4,2016,2018,12,0,319.4318181818182,True,False
4370,12,26.4,2016,2018,12,0,227.27272727272728,False,True
4371,12,26.42,2011,2018,11,0,113.55034065102194,False,True
4372,12,27.0,2016,2018,2,0,351.85185185185185,True,False
4373,12,30.0,2017,2018,6,0,400.0,True,False
4374,12,30.0,2016,2018,7,0,341.6666666666667,True,False
4375,25,30.0,2011,2018,2,0,266.6666666666667,True,False
4376,12,30.0,2014,2018,7,0,241.66666666666666,True,False
4377,12,30.0,2015,2018,2,0,275.0,True,False
4378,12,30.0,2014,2018,6,0,216.66666666666666,True,False
4379,8,30.0,2018,2018,7,0,358.3333333333333,True,False
4380,12,32.0,2016,2018,1,0,296.875,True,False
4381,12,32.49,2016,2018,2,0,323.1763619575254,True,False
4382,12,33.0,2016,2018,6,0,333.3333333333333,True,False
4383,12,33.0,2016,2018,10,0,315.5151515151515,True,False
4384,12,33.0,2018,2018,4,0,431.030303030303,True,False
4385,12,33.0,2016,2018,9,0,309.45454545454544,True,False
4386,12,33.0,2018,2018,12,0,264.969696969697,True,False
4387,12,33.0,2018,2018,4,0,334.27272727272725,True,False
4388,12,33.0,2018,2018,10,0,269.1515151515151,True,False
4389,12,33.0,2016,2018,4,0,274.8787878787879,True,False
4390,12,33.0,2011,2018,2,0,333.3333333333333,True,False
4391,12,33.0,2017,2018,2,0,356.06060606060606,True,False
4392,12,33.0,2018,2018,12,0,262.6363636363636,True,False
4393,12,33.0,2017,2018,4,0,349.42424242424244,True,False
4394,12,33.0,2016,2018,11,0,242.42424242424244,True,False
4395,12,33.0,2016,2018,2,0,318.1818181818182,True,False
4396,12,33.0,2012,2018,1,0,242.42424242424244,True,False
4397,12,33.0,2016,2018,10,0,228.15151515151516,True,False
4398,25,33.0,2016,2018,5,0,356.06060606060606,True,False
4399,25,33.0,2018,2018,10,0,196.96969696969697,False,True
4400,12,33.0,2017,2018,10,0,30.303030303030305,False,True
4401,12,33.0,2017,2018,11,0,212.12121212121212,False,True
4402,12,33.06,2016,2018,2,0,294.9183303085299,True,False
4403,12,34.0,2018,2018,4,0,368.8529411764706,True,False
4404,12,35.0,2018,2018,8,0,287.45714285714286,True,False
4405,12,35.0,2018,2018,12,0,203.17142857142858,True,False
4406,12,36.0,2016,2018,3,0,234.69444444444446,True,False
4407,12,36.0,2016,2018,1,0,340.27777777777777,True,False
4408,12,36.0,2016,2018,5,0,180.55555555555554,True,False
4409,12,36.0,2016,2018,1,0,291.6666666666667,True,False
4410,12,36.36,2015,2018,1,0,288.7788778877888,True,False
4411,12,37.0,2016,2018,1,0,256.7567567567568,True,False
4412,25,39.0,2016,2018,12,0,235.6153846153846,True,False
4413,12,39.6,2018,2018,11,0,265.1515151515151,True,False
4414,12,39.6,2017,2018,2,0,277.77777777777777,True,False
4415,12,39.67,2017,2018,4,0,272.14519788253085,True,False
4416,12,40.0,2015,2018,4,0,257.4,True,False
4417,12,40.0,2013,2018,4,0,288.0,True,False
4418,12,40.0,2016,2018,5,0,150.0,False,True
4419,12,40.13,2017,2018,5,0,317.7174183902317,True,False
4420,12,43.0,2016,2018,8,0,257.72093023255815,True,False
4421,25,43.46,2018,2018,10,0,176.6221813161528,True,False
4422,8,45.0,2018,2018,8,0,262.1333333333333,True,False
4423,12,45.0,2016,2018,1,0,277.77777777777777,True,False
4424,25,47.0,2018,2018,7,0,276.59574468085106,True,False
4425,25,49.5,2011,2018,1,0,227.27272727272728,True,False
4426,25,50.0,2016,2018,8,0,180.0,False,True
4427,25,52.0,2015,2018,2,0,293.2692307692308,True,False
4428,12,52.0,2012,2018,7,0,206.73076923076923,True,False
4429,12,53.0,2016,2018,7,0,160.37735849056602,True,False
4430,12,53.0,2017,2018,2,0,264.1509433962264,True,False
4431,8,53.0,2017,2018,2,0,169.81132075471697,False,True
4432,8,53.0,2017,2018,2,0,169.81132075471697,False,True
4433,25,55.0,2018,2018,7,0,250.0,True,False
4434,12,55.0,2017,2018,1,0,254.54545454545453,True,False
4435,12,55.0,2018,2018,9,0,210.6909090909091,True,False
4436,12,55.0,2016,2018,7,0,172.72727272727272,False,True
4437,12,56.0,2015,2018,10,0,206.92857142857142,True,False
4438,25,56.0,2012,2018,4,0,150.875,True,False
4439,25,56.0,2016,2018,9,0,160.71428571428572,False,True
4440,25,56.0,2011,2018,2,0,125.0,False,True
4441,25,56.12,2018,2018,7,0,236.10121168923735,True,False
4442,12,56.2,2016,2018,1,0,253.55871886120994,True,False
4443,12,56.4,2014,2018,8,0,159.5744680851064,False,True
4444,25,57.0,2016,2018,1,0,232.4561403508772,True,False
4445,12,57.0,2016,2018,2,0,223.68421052631578,True,False
4446,12,58.0,2016,2018,8,0,137.93103448275863,False,True
4447,12,58.9,2018,2018,8,0,118.84550084889644,False,True
4448,12,59.0,2016,2018,1,0,224.57627118644066,True,False
4449,25,59.0,2016,2018,7,0,233.05084745762713,True,False
4450,12,59.0,2018,2018,12,0,219.38983050847457,True,False
4451,12,59.0,2018,2018,8,0,284.6779661016949,True,False
4452,12,59.0,2015,2018,1,0,135.59322033898306,False,True
4453,12,59.0,2012,2018,9,0,135.59322033898306,False,True
4454,12,59.4,2018,2018,9,0,246.5824915824916,True,False
4455,12,59.4,2018,2018,9,0,246.5824915824916,True,False
4456,12,59.4,2018,2018,12,0,224.46127946127947,True,False
4457,12,59.5,2011,2018,9,0,171.0252100840336,True,False
4458,12,59.5,2016,2018,8,0,151.26050420168067,False,True
4459,12,59.5,2015,2018,10,0,151.26050420168067,False,True
4460,25,59.5,2016,2018,6,0,168.0672268907563,False,True
4461,25,59.55,2016,2018,11,0,167.9261125104954,False,True
4462,8,59.69,2018,2018,7,0,167.53224995811695,False,True
4463,8,59.69,2018,2018,7,0,167.53224995811695,False,True
4464,12,60.0,2018,2018,4,0,198.3,True,False
4465,12,60.0,2018,2018,11,0,222.21666666666667,True,False
4466,25,60.0,2018,2018,4,0,258.6666666666667,True,False
4467,12,60.0,2018,2018,9,0,205.88333333333333,True,False
4468,12,60.0,2012,2018,9,0,214.7,True,False
4469,25,60.0,2016,2018,5,0,229.16666666666666,True,False
4470,12,60.0,2003,2018,1,0,120.83333333333333,True,False
4471,12,60.0,2003,2018,1,0,120.83333333333333,True,False
4472,12,60.0,2017,2018,5,0,187.5,True,False
4473,12,60.0,2016,2018,9,0,211.76666666666668,True,False
4474,25,60.0,2012,2018,2,0,133.33333333333334,True,False
4475,25,60.0,2016,2018,4,0,235.36666666666667,True,False
4476,12,60.0,2016,2018,2,0,237.5,True,False
4477,12,60.0,2018,2018,3,0,231.63333333333333,True,False
4478,12,60.0,2018,2018,9,0,166.66666666666666,False,True
4479,12,60.0,2018,2018,7,0,183.33333333333334,False,True
4480,25,60.0,2016,2018,8,0,166.66666666666666,False,True
4481,12,60.0,2014,2018,11,0,166.66666666666666,False,True
4482,12,60.0,2014,2018,11,0,166.66666666666666,False,True
4483,12,60.0,2012,2018,9,0,150.0,False,True
4484,12,60.0,2011,2018,10,0,133.33333333333334,False,True
4485,12,60.0,2014,2018,7,0,141.66666666666666,False,True
4486,12,60.0,2016,2018,1,0,166.66666666666666,False,True
4487,25,60.4,2015,2018,12,0,191.32450331125827,True,False
4488,12,60.48,2016,2018,6,0,148.80952380952382,False,True
4489,25,61.15,2018,2018,2,0,233.0335241210139,True,False
4490,12,62.0,2012,2018,3,0,191.90322580645162,True,False
4491,12,62.0,2016,2018,11,0,146.9516129032258,True,False
4492,12,62.0,2015,2018,3,0,161.29032258064515,False,True
4493,12,62.8,2016,2018,12,0,162.77070063694268,True,False
4494,25,63.0,2012,2018,5,0,134.9206349206349,False,True
4495,12,63.12,2018,2018,3,0,221.79974651457542,False,True
4496,12,65.0,2017,2018,5,0,215.3846153846154,True,False
4497,25,65.0,2016,2018,7,0,203.84615384615384,True,False
4498,12,65.0,2011,2018,7,0,138.46153846153845,False,True
4499,25,66.0,2016,2018,4,0,219.22727272727272,True,False
4500,12,66.0,2013,2018,6,0,204.54545454545453,True,False
4501,25,66.0,2016,2018,10,0,214.78787878787878,True,False
4502,12,66.0,2018,2018,7,0,215.9090909090909,True,False
4503,12,66.0,2011,2018,1,0,136.36363636363637,False,True
4504,12,66.0,2016,2018,7,0,136.36363636363637,False,True
4505,25,66.0,2016,2018,12,0,136.36363636363637,False,True
4506,25,66.0,2018,2018,12,0,151.5151515151515,False,True
4507,25,66.0,2016,2018,11,0,136.36363636363637,False,True
4508,12,66.12,2016,2018,10,0,194.82758620689654,True,False
4509,12,67.0,2014,2018,7,0,126.86567164179104,False,True
4510,25,67.0,2016,2018,12,0,134.32835820895522,False,True
4511,12,67.83,2018,2018,10,0,167.37431814831197,True,False
4512,8,69.42,2013,2018,9,0,122.86084701815038,True,False
4513,12,70.0,2017,2018,1,0,200.0,True,False
4514,25,70.0,2016,2018,1,0,178.57142857142858,True,False
4515,12,70.0,2016,2018,7,0,250.0,True,False
4516,12,70.0,2016,2018,7,0,128.57142857142858,False,True
4517,12,70.0,2016,2018,7,0,128.57142857142858,False,True
4518,25,70.0,2016,2018,2,0,128.57142857142858,False,True
4519,12,71.0,2014,2018,3,0,175.33802816901408,True,False
4520,25,72.0,2012,2018,9,0,221.73611111111111,True,False
4521,25,72.0,2018,2018,9,0,166.66666666666666,False,True
4522,12,75.0,2012,2018,9,0,214.12,True,False
4523,12,75.0,2017,2018,2,0,133.33333333333334,False,True
4524,25,75.0,2012,2018,10,0,146.66666666666666,False,True
4525,12,75.15,2013,2018,1,0,133.0671989354624,False,True
4526,12,76.0,2014,2018,5,0,111.84210526315789,False,True
4527,25,78.55,2016,2018,12,0,157.00827498408657,True,False
4528,25,80.0,2011,2018,1,0,225.0,True,False
4529,8,80.0,1997,2018,6,0,150.0,True,False
4530,25,82.0,2012,2018,5,0,158.53658536585365,False,True
4531,25,83.0,2012,2018,10,0,162.65060240963857,False,True
4532,25,83.0,2016,2018,9,0,168.67469879518072,False,True
4533,25,84.0,2014,2018,5,0,217.26190476190476,True,False
4534,25,84.0,2015,2018,10,0,178.57142857142858,False,True
4535,25,84.0,2015,2018,10,0,178.57142857142858,False,True
4536,8,85.96,2010,2018,10,0,136.17961842717543,True,False
4537,12,90.0,2016,2018,10,0,166.66666666666666,False,True
4538,12,93.0,2011,2018,3,0,166.11827956989248,True,False
4539,25,95.0,2016,2018,7,0,218.42105263157896,True,False
4540,12,97.8,2017,2018,12,0,172.68916155419222,True,False
4541,12,99.0,2018,2018,4,0,221.1919191919192,True,False
4542,8,99.0,2018,2018,6,0,196.96969696969697,True,False
4543,12,109.0,2016,2018,5,0,229.3577981651376,True,False
4544,12,110.0,2018,2018,8,0,179.21818181818182,True,False
4545,25,114.2,2017,2018,1,0,175.13134851138352,False,True
4546,12,115.0,2016,2018,8,0,139.1304347826087,False,True
4547,25,115.64,2018,2018,10,0,86.47526807333102,False,True
4548,25,118.26,2018,2018,10,0,189.01572805682395,True,False
4549,25,118.4,2018,2018,7,0,173.14189189189187,True,False
4550,12,119.84,2018,2018,3,0,197.53838451268356,True,False
4551,12,123.57,2017,2018,12,0,163.64813466051632,True,False
4552,12,125.0,2018,2018,9,0,189.648,True,False
4553,12,132.0,2014,2018,2,0,87.12121212121212,True,False
4554,25,132.0,2013,2018,1,0,98.48484848484848,False,True
4555,12,132.23,2014,2018,2,0,151.2516070483249,False,True
4556,12,135.62,2016,2018,7,0,147.4708745022858,True,False
4557,25,141.98,2016,2018,1,0,140.86491055078181,False,True
4558,12,44.6,2018,2018,9,0,224.2152466367713,False,True
4559,8,63.45,2018,2018,4,0,220.6461780929866,False,True
4560,12,65.0,2016,2018,3,0,252.58461538461538,True,False
4561,12,66.0,2016,2018,5,0,45.45454545454545,False,True
4562,30,72.0,2018,2018,7,0,236.11111111111111,True,False
4563,12,75.0,2018,2018,4,0,238.90666666666667,True,False
4564,8,75.0,2016,2018,6,0,146.66666666666666,False,True
4565,25,76.0,2016,2018,12,0,135.96052631578948,True,False
4566,25,76.0,2016,2018,1,0,194.07894736842104,True,False
4567,30,78.0,2016,2018,2,0,198.71794871794873,True,False
4568,12,79.0,2017,2018,4,0,208.86075949367088,False,True
4569,12,80.0,2018,2018,6,0,234.375,True,False
4570,12,82.34,2017,2018,6,0,170.02671848433326,False,True
4571,12,83.28,2016,2018,3,0,198.97934678194045,True,False
4572,12,84.0,2018,2018,7,0,252.97619047619048,True,False
4573,8,86.49,2018,2018,8,0,184.99248468030987,False,True
4574,12,99.0,2016,2018,7,0,303.030303030303,False,True
4575,12,100.83,2017,2018,3,0,222.64207081225825,True,False
4576,12,105.26,2016,2018,12,0,158.34125023750713,True,False
4577,12,109.89,2018,2018,12,0,182.000182000182,False,True
4578,12,111.06,2016,2018,2,0,234.1076895371871,True,False
4579,30,112.84,2016,2018,6,0,150.65579581708613,True,False
4580,12,115.56,2018,2018,6,0,151.43648321218416,False,True
4581,12,115.56,2018,2018,8,0,151.43648321218416,False,True
4582,12,124.21,2017,2018,2,0,177.11939457370582,False,True
4583,12,137.18,2018,2018,7,0,182.2423093745444,False,True
4584,12,144.01,2018,2018,2,0,194.43094229567393,False,True
4585,25,147.98,2018,2018,9,0,174.90201378564672,True,False
4586,8,15.0,2013,2018,2,0,480.0,True,False
4587,8,15.0,2001,2018,8,0,333.2,True,False
4588,8,15.0,2014,2018,1,0,506.6666666666667,True,False
4589,12,15.71,2003,2018,12,0,558.7523870146404,True,False
4590,8,16.5,2016,2018,2,0,318.1818181818182,True,False
4591,25,20.0,2012,2018,3,0,453.55,True,False
4592,25,20.0,2012,2018,5,0,410.0,True,False
4593,12,20.0,2018,2018,8,0,419.1,True,False
4594,12,21.28,2002,2018,6,0,187.96992481203006,False,True
4595,12,22.0,2015,2018,4,0,343.04545454545456,True,False
4596,12,23.0,1970,2018,3,0,161.0,True,False
4597,12,23.0,1990,2018,5,0,258.69565217391306,True,False
4598,8,23.1,2010,2018,9,0,247.012987012987,True,False
4599,8,24.0,2011,2018,2,0,333.3333333333333,True,False
4600,8,24.0,2013,2018,7,0,395.8333333333333,True,False
4601,12,25.0,2016,2018,2,0,308.0,True,False
4602,12,25.0,2015,2018,2,0,286.0,True,False
4603,8,25.0,2006,2018,5,0,204.0,True,False
4604,8,25.0,1986,2018,1,0,204.0,True,False
4605,8,25.0,2008,2018,4,0,354.84,True,False
4606,12,25.0,2015,2018,4,0,301.88,True,False
4607,12,25.0,2015,2018,12,0,239.12,True,False
4608,12,25.0,2016,2018,9,0,314.12,True,False
4609,12,25.0,2012,2018,12,0,297.76,True,False
4610,8,25.0,2008,2018,12,0,298.68,True,False
4611,8,25.0,2011,2018,1,0,372.0,True,False
4612,12,25.0,2003,2018,3,0,315.92,True,False
4613,12,25.0,2014,2018,2,0,312.0,True,False
4614,8,25.0,2005,2018,1,0,320.0,True,False
4615,12,25.0,2015,2018,3,0,301.88,True,False
4616,12,25.0,2015,2018,12,0,128.0,False,True
4617,12,25.0,1999,2018,2,0,120.0,False,True
4618,12,25.75,2011,2018,12,0,194.1747572815534,False,True
4619,12,26.0,2014,2018,8,0,349.3076923076923,True,False
4620,8,26.0,2002,2018,1,0,248.07692307692307,True,False
4621,12,26.44,2011,2018,1,0,170.19667170953102,False,True
4622,12,26.44,2011,2018,10,0,170.19667170953102,False,True
4623,12,26.64,1970,2018,10,0,268.7312312312312,True,False
4624,8,28.0,2011,2018,4,0,316.82142857142856,True,False
4625,8,28.0,2014,2018,2,0,341.07142857142856,True,False
4626,8,28.0,2010,2018,6,0,323.2142857142857,True,False
4627,12,29.75,2007,2018,1,0,294.11764705882354,True,False
4628,12,30.0,2012,2018,3,0,294.23333333333335,True,False
4629,12,30.0,2015,2018,2,0,250.0,True,False
4630,12,30.0,2003,2018,3,0,263.26666666666665,True,False
4631,8,30.0,2011,2018,2,0,200.0,True,False
4632,12,30.0,2001,2018,2,0,175.0,True,False
4633,12,30.0,2012,2018,1,0,326.6666666666667,True,False
4634,8,30.0,2001,2018,8,0,205.73333333333332,True,False
4635,12,30.0,2016,2018,7,0,343.3333333333333,True,False
4636,8,30.0,2013,2018,7,0,241.66666666666666,True,False
4637,12,30.0,2005,2018,2,0,283.3333333333333,True,False
4638,12,30.0,2001,2018,8,0,231.9,True,False
4639,8,30.0,2015,2018,1,0,266.6666666666667,True,False
4640,12,30.0,2018,2018,12,0,248.13333333333333,True,False
4641,12,30.0,2001,2018,12,0,172.23333333333332,True,False
4642,12,30.0,2004,2018,2,0,241.66666666666666,True,False
4643,8,30.0,2010,2018,6,0,300.0,True,False
4644,12,30.0,2014,2018,11,0,254.43333333333334,True,False
4645,12,30.0,2014,2018,4,0,254.9,True,False
4646,12,30.0,2018,2018,12,0,292.6,True,False
4647,8,30.0,2011,2018,8,0,181.63333333333333,True,False
4648,8,30.0,2013,2018,8,0,327.9,True,False
4649,12,30.0,2012,2018,2,0,258.3333333333333,True,False
4650,12,30.0,2010,2018,7,0,325.0,True,False
4651,8,30.0,2016,2018,1,0,283.3333333333333,True,False
4652,12,30.0,2018,2018,12,0,327.76666666666665,True,False
4653,12,30.0,1978,2018,8,0,218.9,True,False
4654,12,30.0,2014,2018,1,0,450.0,True,False
4655,12,30.0,2012,2018,2,0,275.0,True,False
4656,12,30.0,2002,2018,7,0,265.0,True,False
4657,8,30.0,2011,2018,3,0,239.46666666666667,True,False
4658,8,30.0,1994,2018,10,0,257.6333333333333,True,False
4659,12,30.0,2013,2018,5,0,266.6666666666667,True,False
4660,8,30.0,2007,2018,11,0,177.76666666666668,True,False
4661,8,30.0,2001,2018,3,0,207.4,True,False
4662,12,30.0,2012,2018,11,0,276.6666666666667,True,False
4663,12,30.0,2016,2018,3,0,295.7,True,False
4664,12,30.0,2016,2018,4,0,704.7666666666667,True,False
4665,25,30.0,2012,2018,7,0,150.0,False,True
4666,8,30.0,2013,2018,7,0,150.0,False,True
4667,8,30.0,2011,2018,2,0,116.66666666666667,False,True
4668,8,30.0,2013,2018,7,0,150.0,False,True
4669,8,30.0,2007,2018,6,0,100.0,False,True
4670,8,30.0,2013,2018,7,0,150.0,False,True
4671,12,30.0,2013,2018,3,0,266.6666666666667,False,True
4672,12,33.0,2012,2018,9,0,237.24242424242425,True,False
4673,12,33.0,2013,2018,3,0,312.0,True,False
4674,12,33.0,2011,2018,3,0,260.969696969697,True,False
4675,8,33.0,2006,2018,2,0,121.21212121212122,True,False
4676,8,33.0,2012,2018,4,0,374.1515151515151,True,False
4677,12,33.0,2012,2018,2,0,275.75757575757575,True,False
4678,8,33.0,2011,2018,8,0,209.03030303030303,True,False
4679,12,33.0,2011,2018,1,0,272.72727272727275,True,False
4680,12,33.0,2013,2018,2,0,204.54545454545453,True,False
4681,8,33.0,1991,2018,12,0,164.63636363636363,True,False
4682,12,33.0,2012,2018,8,0,297.1515151515151,True,False
4683,12,33.0,2018,2018,4,0,173.45454545454547,True,False
4684,12,33.0,2011,2018,3,0,258.3939393939394,True,False
4685,12,33.0,2011,2018,10,0,219.96969696969697,True,False
4686,12,33.0,2011,2018,1,0,265.1515151515151,True,False
4687,8,33.0,2002,2018,12,0,178.45454545454547,True,False
4688,12,33.0,2012,2018,2,0,296.969696969697,True,False
4689,12,33.0,1990,2018,3,0,136.6060606060606,True,False
4690,8,33.0,2010,2018,3,0,254.0,True,False
4691,12,33.0,2003,2018,11,0,202.03030303030303,True,False
4692,12,33.0,2011,2018,2,0,295.45454545454544,True,False
4693,8,33.0,2011,2018,1,0,166.66666666666666,True,False
4694,12,33.0,1980,2018,2,0,318.1818181818182,True,False
4695,12,33.0,2018,2018,11,0,279.45454545454544,True,False
4696,12,33.0,2010,2018,2,0,245.45454545454547,True,False
4697,8,33.0,1997,2018,4,0,260.06060606060606,True,False
4698,12,33.0,2001,2018,5,0,200.0,True,False
4699,12,33.0,2012,2018,2,0,265.1515151515151,True,False
4700,12,33.0,2011,2018,12,0,287.8787878787879,True,False
4701,12,33.0,2018,2018,11,0,279.45454545454544,True,False
4702,8,33.0,2013,2018,10,0,258.6363636363636,True,False
4703,12,33.0,2012,2018,1,0,296.969696969697,True,False
4704,8,33.0,2010,2018,12,0,156.57575757575756,True,False
4705,12,33.0,2010,2018,9,0,241.36363636363637,True,False
4706,8,33.0,2013,2018,12,0,285.1818181818182,True,False
4707,12,33.0,2011,2018,3,0,252.93939393939394,True,False
4708,8,33.0,2006,2018,3,0,193.87878787878788,True,False
4709,12,33.0,2001,2018,8,0,136.36363636363637,False,True
4710,12,33.0,2018,2018,12,0,151.5151515151515,False,True
4711,8,33.0,2011,2018,12,0,121.21212121212122,False,True
4712,8,33.0,1966,2018,2,0,100.0,False,True
4713,12,33.3,1999,2018,12,0,218.22822822822826,True,False
4714,12,35.0,2014,2018,6,0,128.57142857142858,False,True
4715,8,36.0,2007,2018,8,0,243.63888888888889,True,False
4716,12,36.0,1990,2018,3,0,144.38888888888889,True,False
4717,25,36.3,2002,2018,2,0,151.51515151515153,True,False
4718,12,39.0,2013,2018,7,0,107.6923076923077,False,True
4719,25,39.6,2012,2018,5,0,309.34343434343435,True,False
4720,12,40.0,2009,2018,5,0,231.25,True,False
4721,12,40.0,2004,2018,2,0,293.75,True,False
4722,8,40.0,2011,2018,3,0,150.0,False,True
4723,12,40.0,1988,2018,4,0,150.0,False,True
4724,8,40.0,1991,2018,3,0,75.0,False,True
4725,12,42.0,2014,2018,6,0,273.8095238095238,True,False
4726,8,42.84,1981,2018,1,0,134.2203548085901,True,False
4727,12,44.39,1991,2018,4,0,38.9502140121649,True,False
4728,12,45.0,2012,2018,1,0,261.1111111111111,True,False
4729,12,45.0,2010,2018,8,0,289.3333333333333,True,False
4730,25,45.0,2012,2018,1,0,227.77777777777777,True,False
4731,8,45.0,2010,2018,2,0,294.44444444444446,True,False
4732,8,49.5,1991,2018,4,0,150.44444444444446,True,False
4733,8,49.5,1991,2018,2,0,117.17171717171718,True,False
4734,12,49.59,2007,2018,12,0,100.8267795926598,False,True
4735,8,49.9,1997,2018,2,0,145.29058116232466,True,False
4736,8,50.0,2011,2018,7,0,125.0,True,False
4737,12,50.0,2006,2018,8,0,269.6,True,False
4738,8,50.0,2011,2018,11,0,164.44,True,False
4739,8,50.0,2010,2018,1,0,230.0,True,False
4740,8,50.0,1987,2018,4,0,130.0,False,True
4741,8,50.0,1966,2018,1,0,140.0,False,True
4742,8,51.0,1998,2018,6,0,205.88235294117646,True,False
4743,8,52.0,2009,2018,11,0,170.94230769230768,True,False
4744,12,52.8,2014,2018,5,0,179.92424242424244,True,False
4745,8,52.89,1978,2018,7,0,198.52524106636415,True,False
4746,12,54.3,1991,2018,8,0,91.16022099447514,False,True
4747,12,55.0,2011,2018,12,0,197.98181818181817,True,False
4748,12,55.0,2018,2018,6,0,227.27272727272728,True,False
4749,8,55.0,2011,2018,5,0,218.1818181818182,True,False
4750,12,56.1,2014,2018,2,0,151.5151515151515,False,True
4751,12,56.1,2016,2018,3,0,160.42780748663102,False,True
4752,8,57.77,1972,2018,9,0,77.89510126363164,False,True
4753,12,58.0,2011,2018,7,0,193.9655172413793,True,False
4754,12,58.0,2012,2018,12,0,120.6896551724138,False,True
4755,8,58.3,2002,2018,4,0,102.21269296740995,True,False
4756,8,59.4,1974,2018,10,0,87.13804713804714,True,False
4757,8,60.0,2011,2018,12,0,211.11666666666667,True,False
4758,12,60.0,2016,2018,2,0,233.33333333333334,True,False
4759,8,60.0,2010,2018,11,0,235.18333333333334,True,False
4760,8,60.0,2010,2018,8,0,174.15,True,False
4761,12,60.0,2012,2018,7,0,133.33333333333334,False,True
4762,12,60.0,2013,2018,10,0,150.0,False,True
4763,12,60.0,2018,2018,4,0,166.66666666666666,False,True
4764,12,62.0,2012,2018,8,0,191.90322580645162,True,False
4765,8,64.44,1991,2018,2,0,147.42396027312228,True,False
4766,25,65.0,2012,2018,6,0,153.84615384615384,False,True
4767,8,65.25,1987,2018,4,0,122.60536398467433,False,True
4768,12,66.0,1997,2018,12,0,143.0909090909091,True,False
4769,25,66.0,2012,2018,3,0,151.5151515151515,False,True
4770,12,67.5,1984,2018,3,0,110.35555555555555,True,False
4771,8,75.6,1987,2018,5,0,291.00529100529104,False,True
4772,12,75.71,1954,2018,7,0,132.08294809140142,False,True
4773,12,76.0,2018,2018,5,0,197.3684210526316,True,False
4774,8,80.0,2010,2018,10,0,121.325,True,False
4775,8,80.0,2011,2018,4,0,125.0,False,True
4776,8,82.0,2002,2018,1,0,137.1951219512195,True,False
4777,12,83.0,2015,2018,2,0,144.57831325301206,False,True
4778,12,97.29,2017,2018,10,0,157.80655771405077,True,False
4779,12,100.0,2014,2018,6,0,142.5,True,False
4780,12,103.4,2017,2018,4,0,135.39651837524178,False,True
4781,8,103.63,1992,2018,3,0,73.550130271157,True,False
4782,12,107.79,2018,2018,7,0,155.3947490490769,True,False
4783,12,109.82,2014,2018,7,0,63.74066654525588,True,False
4784,12,109.91,2014,2018,12,0,189.04558274952234,True,False
4785,8,130.26,1990,2018,11,0,69.94472593274989,True,False
4786,12,150.52,2000,2018,2,0,66.43635397289397,False,True
4787,12,151.57,1981,2018,10,0,98.96417496866135,False,True
4788,8,26.21,1997,2018,9,0,383.7848149561236,True,False
4789,12,40.0,2006,2018,2,0,231.25,True,False
4790,12,55.0,2017,2018,11,0,212.12727272727273,True,False
4791,8,66.0,1992,2018,12,0,94.27272727272727,True,False
4792,8,68.76,1990,2018,3,0,129.4066317626527,True,False
4793,12,80.0,2006,2018,7,0,146.875,True,False
4794,12,121.79,1998,2018,8,0,16.421709499958943,False,True
4795,12,14.04,2005,2018,1,0,213.67521367521368,False,True
4796,8,19.0,2010,2018,1,0,289.4736842105263,True,False
4797,12,21.06,2012,2018,6,0,142.5925925925926,True,False
4798,12,21.52,1992,2018,5,0,371.74721189591077,True,False
4799,8,22.0,2008,2018,2,0,488.6363636363636,True,False
4800,8,25.0,2010,2018,9,0,255.28,True,False
4801,8,26.0,2011,2018,2,0,346.15384615384613,True,False
4802,12,26.0,2013,2018,1,0,134.6153846153846,False,True
4803,12,27.0,2007,2018,8,0,490.55555555555554,True,False
4804,12,28.0,2018,2018,12,0,388.89285714285717,True,False
4805,25,30.0,2017,2018,10,0,268.6333333333333,True,False
4806,8,30.0,2011,2018,6,0,258.3333333333333,True,False
4807,8,30.0,2011,2018,1,0,276.6666666666667,True,False
4808,12,30.0,2003,2018,9,0,275.5,True,False
4809,12,30.0,2014,2018,1,0,375.0,True,False
4810,12,30.0,2003,2018,4,0,223.73333333333332,True,False
4811,12,30.0,2018,2018,11,0,183.33333333333334,False,True
4812,12,33.0,2012,2018,5,0,303.030303030303,True,False
4813,12,33.0,2004,2018,8,0,234.75757575757575,True,False
4814,12,33.0,2018,2018,10,0,314.6060606060606,True,False
4815,12,33.0,2017,2018,8,0,342.3030303030303,True,False
4816,12,33.0,2016,2018,7,0,181.8181818181818,False,True
4817,8,33.0,2014,2018,11,0,151.5151515151515,False,True
4818,8,33.0,2014,2018,5,0,121.21212121212122,False,True
4819,8,33.0,2014,2018,3,0,151.5151515151515,False,True
4820,12,35.0,2017,2018,1,0,300.0,True,False
4821,12,35.0,2014,2018,1,0,114.28571428571429,False,True
4822,12,36.0,1999,2018,2,0,69.44444444444444,False,True
4823,12,37.0,2008,2018,2,0,94.5945945945946,False,True
4824,12,38.0,2014,2018,10,0,144.73684210526315,False,True
4825,12,38.06,2014,2018,10,0,168.47083552285864,True,False
4826,12,38.06,2014,2018,10,0,144.5086705202312,False,True
4827,12,40.0,2017,2018,2,0,218.75,True,False
4828,12,40.0,2017,2018,1,0,300.0,True,False
4829,12,40.0,2013,2018,5,0,212.5,True,False
4830,12,40.0,2014,2018,10,0,137.5,False,True
4831,8,41.39,1997,2018,3,0,84.56148828219376,False,True
4832,25,42.0,2015,2018,6,0,202.38095238095238,True,False
4833,12,42.0,2012,2018,11,0,177.23809523809524,True,False
4834,12,42.0,2018,2018,12,0,261.9047619047619,True,False
4835,12,42.2,2003,2018,9,0,106.63507109004739,False,True
4836,12,43.6,2012,2018,2,0,252.29357798165137,True,False
4837,12,44.24,2001,2018,8,0,207.34629294755877,True,False
4838,12,45.0,2018,2018,8,0,216.33333333333334,True,False
4839,12,46.28,2014,2018,2,0,108.038029386344,False,True
4840,8,48.55,1988,2018,8,0,217.11637487126674,True,False
4841,12,49.0,2015,2018,2,0,244.89795918367346,True,False
4842,12,49.5,2012,2018,2,0,191.91919191919192,True,False
4843,12,49.5,2018,2018,12,0,191.91919191919192,False,True
4844,12,49.58,2007,2018,11,0,141.18596208148446,False,True
4845,12,49.59,2017,2018,3,0,258.03589433353494,True,False
4846,8,49.74,1994,2018,8,0,108.5243264977885,True,False
4847,12,50.0,2010,2018,8,0,187.96,True,False
4848,8,50.0,1997,2018,5,0,71.0,True,False
4849,12,50.0,2010,2018,6,0,215.0,True,False
4850,8,50.0,2010,2018,11,0,120.0,False,True
4851,12,50.0,2006,2018,1,0,120.0,False,True
4852,12,50.0,2001,2018,4,0,116.0,False,True
4853,12,50.0,2008,2018,1,0,140.0,False,True
4854,12,52.8,2000,2018,3,0,148.61742424242425,True,False
4855,12,54.34,2017,2018,1,0,156.42252484357746,False,True
4856,12,55.0,2018,2018,9,0,262.03636363636366,True,False
4857,12,55.0,2018,2018,8,0,163.63636363636363,False,True
4858,12,55.71,2010,2018,5,0,107.70059235325795,False,True
4859,12,56.0,2002,2018,5,0,107.14285714285714,True,False
4860,12,56.0,2018,2018,9,0,160.71428571428572,False,True
4861,12,56.19,2005,2018,6,0,195.76437088449902,True,False
4862,12,56.19,2005,2018,3,0,145.2749599572878,True,False
4863,12,57.0,2018,2018,7,0,184.21052631578948,True,False
4864,12,57.0,2018,2018,2,0,228.0701754385965,True,False
4865,12,57.0,2018,2018,2,0,184.21052631578948,True,False
4866,12,58.9,2018,2018,12,0,250.89983022071308,True,False
4867,8,59.5,2007,2018,12,0,158.72268907563026,True,False
4868,12,59.5,2018,2018,6,0,252.10084033613447,False,True
4869,12,59.95,2013,2018,10,0,125.1042535446205,False,True
4870,12,60.0,2013,2018,5,0,133.33333333333334,False,True
4871,8,60.0,1995,2018,7,0,125.0,False,True
4872,12,60.0,2017,2018,2,0,158.33333333333334,False,True
4873,12,60.0,2014,2018,7,0,166.66666666666666,False,True
4874,25,60.0,2013,2018,5,0,83.33333333333333,False,True
4875,8,60.0,1995,2018,1,0,116.66666666666667,False,True
4876,8,60.0,1995,2018,12,0,125.0,False,True
4877,12,62.4,2001,2018,4,0,145.36858974358975,True,False
4878,12,63.83,2014,2018,12,0,217.5936080213066,True,False
4879,8,64.35,1993,2018,11,0,81.14996114996116,True,False
4880,12,65.2,2013,2018,1,0,214.72392638036808,False,True
4881,12,66.0,2005,2018,2,0,166.66666666666666,True,False
4882,12,66.0,2018,2018,8,0,136.36363636363637,False,True
4883,12,78.0,2013,2018,1,0,144.23076923076923,True,False
4884,12,78.72,2003,2018,10,0,138.2367886178862,True,False
4885,25,79.0,2014,2018,6,0,164.55696202531647,False,True
4886,12,80.0,2001,2018,2,0,103.125,True,False
4887,12,82.0,1994,2018,1,0,121.95121951219512,False,True
4888,8,82.3,2010,2018,8,0,121.50668286755771,False,True
4889,12,84.0,2016,2018,12,0,214.28571428571428,False,True
4890,8,84.54,1991,2018,1,0,141.94464158977996,False,True
4891,12,85.77,2017,2018,11,0,268.1590299638568,False,True
4892,12,86.09,2000,2018,7,0,139.38901149959344,False,True
4893,12,86.62,2017,2018,10,0,224.1052874624798,True,False
4894,12,87.76,2001,2018,4,0,130.4580674567001,True,False
4895,12,90.12,2003,2018,1,0,110.96316023080337,False,True
4896,12,90.36,2000,2018,5,0,71.9344842850819,True,False
4897,12,91.26,2004,2018,11,0,122.96734604426912,True,False
4898,12,91.48,2018,2018,8,0,238.25972890249233,True,False
4899,12,94.2,1999,2018,3,0,99.22505307855626,True,False
4900,12,96.09,2002,2018,6,0,130.08637735456344,True,False
4901,12,98.0,2014,2018,8,0,153.0612244897959,False,True
4902,12,98.59,2003,2018,4,0,152.14524799675422,False,True
4903,12,98.59,2003,2018,4,0,152.14524799675422,False,True
4904,12,99.83,2018,2018,9,0,250.4257237303416,False,True
4905,12,103.25,2000,2018,2,0,162.227602905569,True,False
4906,12,106.0,2014,2018,5,0,150.9433962264151,False,True
4907,12,107.78,2018,2018,10,0,163.7316756355539,True,False
4908,12,111.19,1991,2018,3,0,131.0459573702671,True,False
4909,12,111.64,2004,2018,3,0,131.43138659978501,True,False
4910,12,112.39,2018,2018,11,0,266.92766260343444,False,True
4911,12,119.14,2001,2018,12,0,92.32835319791842,False,True
4912,25,123.69,2014,2018,6,0,343.60093782844206,True,False
4913,12,126.8,2012,2018,2,0,55.20504731861199,False,True
4914,25,132.0,2017,2018,10,0,166.66666666666666,False,True
4915,12,133.25,2002,2018,4,0,119.30956848030019,True,False
4916,30,137.24,2018,2018,2,0,218.5951617604197,False,True
4917,12,148.96,2018,2018,2,0,67.13211600429645,True,False
4918,25,149.27,2017,2018,3,0,133.9853955918805,False,True
4919,25,149.36,2015,2018,6,0,53.56186395286556,False,True
4920,8,158.0,1997,2018,3,0,22.151898734177216,False,True
4921,8,17.24,2018,2018,3,0,580.0464037122971,False,True
4922,8,26.45,2018,2018,6,0,274.10207939508507,True,False
4923,12,30.0,1970,2018,10,0,100.0,False,True
4924,8,39.6,2002,2018,11,0,50.505050505050505,False,True
4925,8,40.0,2016,2018,1,0,325.0,True,False
4926,8,50.73,1975,2018,4,0,145.8308693081017,True,False
4927,8,51.09,2016,2018,2,0,122.33313760031317,True,False
4928,8,66.0,2016,2018,8,0,187.07575757575756,True,False
4929,8,66.0,2016,2018,3,0,128.78787878787878,False,True
4930,8,66.12,2007,2018,8,0,135.1935874168179,True,False
4931,8,66.12,2018,2018,2,0,204.1742286751361,True,False
4932,8,70.19,1991,2018,12,0,49.86465308448497,False,True
4933,12,11.57,1996,2018,8,0,157.64909248055315,True,False
4934,12,16.0,2013,2018,2,0,250.0,False,True
4935,12,16.52,2013,2018,2,0,438.86198547215497,True,False
4936,12,18.0,2003,2018,4,0,166.66666666666666,False,True
4937,12,19.0,2015,2018,6,0,471.05263157894734,True,False
4938,12,20.0,2018,2018,2,0,425.0,True,False
4939,8,22.0,2018,2018,3,0,445.72727272727275,True,False
4940,12,22.0,2012,2018,3,0,381.0,True,False
4941,12,22.0,2014,2018,1,0,159.0909090909091,False,True
4942,12,22.57,2013,2018,10,0,319.2733717323881,True,False
4943,12,23.0,2013,2018,10,0,379.7826086956522,True,False
4944,12,23.0,2013,2018,10,0,379.7826086956522,True,False
4945,12,23.0,2015,2018,12,0,202.91304347826087,True,False
4946,12,23.0,2011,2018,8,0,323.7826086956522,True,False
4947,8,23.14,2016,2018,2,0,432.152117545376,True,False
4948,12,24.0,2010,2018,4,0,334.875,True,False
4949,12,24.87,2013,2018,5,0,383.9967832730197,True,False
4950,12,25.0,2012,2018,3,0,284.88,True,False
4951,8,25.0,2003,2018,5,0,352.0,True,False
4952,12,25.0,2013,2018,3,0,327.28,True,False
4953,12,25.0,2014,2018,5,0,308.0,True,False
4954,12,25.0,2012,2018,3,0,219.2,True,False
4955,12,25.0,2013,2018,7,0,220.0,True,False
4956,12,25.0,2013,2018,8,0,152.0,False,True
4957,12,26.0,2009,2018,1,0,269.2307692307692,True,False
4958,8,26.0,2012,2018,4,0,294.11538461538464,True,False
4959,12,26.0,2009,2018,1,0,307.6923076923077,True,False
4960,12,26.4,2012,2018,5,0,295.4545454545455,True,False
4961,12,26.4,2018,2018,7,0,227.27272727272728,False,True
4962,12,26.45,2013,2018,4,0,225.2930056710775,True,False
4963,12,26.45,2016,2018,8,0,318.60113421550096,True,False
4964,12,26.45,2003,2018,4,0,113.42155009451797,False,True
4965,12,28.0,2018,2018,8,0,368.07142857142856,True,False
4966,12,28.0,2004,2018,12,0,189.67857142857142,True,False
4967,8,28.0,1989,2018,1,0,142.85714285714286,True,False
4968,12,29.0,2010,2018,7,0,120.6896551724138,False,True
4969,12,29.7,2016,2018,5,0,311.44781144781143,True,False
4970,12,30.0,2016,2018,7,0,381.6666666666667,True,False
4971,12,30.0,2018,2018,10,0,402.1666666666667,True,False
4972,12,30.0,2018,2018,1,0,366.6666666666667,True,False
4973,12,30.0,2010,2018,7,0,251.66666666666666,True,False
4974,12,30.0,2010,2018,6,0,208.33333333333334,True,False
4975,12,30.0,2015,2018,10,0,241.96666666666667,True,False
4976,12,30.0,2005,2018,8,0,277.9,True,False
4977,12,30.0,2006,2018,3,0,157.83333333333334,True,False
4978,12,30.0,2010,2018,6,0,253.33333333333334,True,False
4979,12,30.0,2017,2018,2,0,441.6666666666667,True,False
4980,12,30.0,2013,2018,8,0,229.93333333333334,True,False
4981,8,30.0,2018,2018,2,0,275.0,True,False
4982,8,30.0,2018,2018,7,0,291.6666666666667,True,False
4983,12,30.0,2010,2018,9,0,245.3,True,False
4984,8,30.0,2018,2018,7,0,275.0,True,False
4985,0,30.0,2018,2018,5,0,308.3333333333333,True,False
4986,12,30.0,2016,2018,1,0,258.3333333333333,True,False
4987,12,30.0,2006,2018,12,0,188.53333333333333,True,False
4988,12,30.0,2017,2018,10,0,276.6666666666667,True,False
4989,12,30.0,2014,2018,6,0,301.6666666666667,True,False
4990,12,30.0,2017,2018,2,0,325.0,True,False
4991,12,30.0,2016,2018,2,0,225.0,True,False
4992,12,30.0,2011,2018,6,0,276.6666666666667,True,False
4993,12,30.0,2015,2018,8,0,304.06666666666666,True,False
4994,12,30.0,2018,2018,9,0,150.0,False,True
4995,12,30.0,2018,2018,2,0,216.66666666666666,False,True
4996,12,30.0,2018,2018,2,0,216.66666666666666,False,True
4997,12,30.0,2002,2018,6,0,166.66666666666666,False,True
4998,8,30.0,1986,2018,5,0,133.33333333333334,False,True
4999,8,30.3,2016,2018,3,0,205.77557755775578,True,False
5000,8,31.8,1989,2018,3,0,146.9496855345912,True,False
5001,8,33.0,2018,2018,6,0,378.7878787878788,True,False
5002,12,33.0,2016,2018,3,0,364.57575757575756,True,False
5003,12,33.0,2018,2018,8,0,173.45454545454547,True,False
5004,12,33.0,2016,2018,9,0,300.3636363636364,True,False
5005,12,33.0,2005,2018,12,0,218.84848484848484,True,False
5006,8,33.0,2018,2018,9,0,289.6666666666667,True,False
5007,12,33.0,2018,2018,9,0,203.21212121212122,True,False
5008,8,33.0,2018,2018,4,0,305.5151515151515,True,False
5009,12,33.0,2017,2018,2,0,272.72727272727275,True,False
5010,12,33.0,2018,2018,2,0,280.3030303030303,True,False
5011,12,33.0,2013,2018,2,0,212.12121212121212,True,False
5012,12,33.0,2005,2018,2,0,287.8787878787879,True,False
5013,12,33.0,2018,2018,7,0,310.6060606060606,True,False
5014,12,33.0,2014,2018,3,0,246.12121212121212,True,False
5015,12,33.0,2012,2018,9,0,269.8787878787879,True,False
5016,12,33.0,2018,2018,4,0,319.72727272727275,True,False
5017,12,33.0,2018,2018,2,0,333.3333333333333,True,False
5018,12,33.0,2017,2018,6,0,356.06060606060606,True,False
5019,8,33.0,2018,2018,2,0,257.57575757575756,True,False
5020,25,33.0,2018,2018,12,0,250.84848484848484,True,False
5021,12,33.0,2018,2018,12,0,284.5151515151515,True,False
5022,12,33.0,2018,2018,7,0,310.6060606060606,True,False
5023,12,33.0,2018,2018,7,0,310.6060606060606,True,False
5024,12,33.0,2018,2018,11,0,264.3030303030303,True,False
5025,12,33.0,2010,2018,7,0,189.3939393939394,True,False
5026,12,33.0,2016,2018,5,0,287.8787878787879,True,False
5027,12,33.0,2011,2018,11,0,252.1818181818182,True,False
5028,12,33.0,2015,2018,10,0,300.3636363636364,True,False
5029,12,33.0,2012,2018,3,0,260.06060606060606,True,False
5030,0,33.0,2018,2018,9,0,314.6060606060606,True,False
5031,12,33.0,2017,2018,11,0,225.57575757575756,True,False
5032,12,33.0,2018,2018,4,0,181.8181818181818,False,True
5033,12,33.0,2018,2018,4,0,181.8181818181818,False,True
5034,12,33.0,2018,2018,10,0,196.96969696969697,False,True
5035,8,33.06,2016,2018,6,0,166.3641863278887,False,True
5036,12,34.0,2018,2018,10,0,186.85294117647058,True,False
5037,8,35.0,2018,2018,12,0,212.68571428571428,True,False
5038,12,35.0,1988,2018,7,0,207.14285714285714,True,False
5039,12,35.0,2013,2018,5,0,185.71428571428572,True,False
5040,8,35.0,2018,2018,7,0,214.28571428571428,True,False
5041,8,35.0,1997,2018,12,0,142.85714285714286,False,True
5042,8,35.0,1997,2018,12,0,142.85714285714286,False,True
5043,8,36.0,2018,2018,12,0,237.66666666666666,True,False
5044,12,36.0,2015,2018,12,0,248.44444444444446,True,False
5045,12,36.0,2018,2018,7,0,250.0,True,False
5046,12,36.0,2018,2018,1,0,305.55555555555554,True,False
5047,12,36.36,2004,2018,6,0,145.76457645764577,True,False
5048,8,36.36,2013,2018,1,0,199.3949394939494,True,False
5049,8,36.4,2018,2018,10,0,253.7087912087912,True,False
5050,12,37.0,2012,2018,2,0,243.24324324324326,True,False
5051,12,37.0,2012,2018,2,0,263.5135135135135,True,False
5052,12,37.24,1997,2018,1,0,114.12459720730396,True,False
5053,12,39.0,2016,2018,2,0,256.4102564102564,True,False
5054,12,39.25,2016,2018,12,0,184.0,True,False
5055,12,39.6,2018,2018,10,0,164.14141414141415,False,True
5056,12,40.0,2018,2018,9,0,261.775,True,False
5057,12,40.0,2012,2018,6,0,337.5,True,False
5058,12,40.0,2016,2018,11,0,248.6,True,False
5059,8,40.0,1996,2018,10,0,108.825,True,False
5060,12,40.0,2017,2018,7,0,237.5,True,False
5061,12,40.0,1989,2018,2,0,125.0,True,False
5062,12,40.0,2018,2018,5,0,237.5,True,False
5063,8,40.0,2018,2018,4,0,283.675,True,False
5064,12,40.0,2016,2018,11,0,258.325,True,False
5065,8,40.0,2016,2018,3,0,155.6,True,False
5066,8,42.4,2008,2018,8,0,196.86320754716982,True,False
5067,8,42.9,2016,2018,9,0,224.05594405594405,True,False
5068,12,42.9,2018,2018,4,0,151.51515151515153,False,True
5069,12,43.0,2017,2018,12,0,142.11627906976744,True,False
5070,8,43.0,2007,2018,10,0,155.95348837209303,True,False
5071,12,45.0,2018,2018,8,0,160.53333333333333,True,False
5072,8,45.0,2018,2018,7,0,277.77777777777777,True,False
5073,12,45.0,2002,2018,12,0,170.37777777777777,True,False
5074,8,45.0,1992,2018,10,0,84.44444444444444,False,True
5075,12,45.8,2002,2018,4,0,192.94759825327512,True,False
5076,12,46.0,2017,2018,5,0,173.91304347826087,True,False
5077,12,46.0,2018,2018,4,0,203.19565217391303,True,False
5078,12,46.0,2005,2018,4,0,154.82608695652175,True,False
5079,8,46.0,2014,2018,8,0,252.65217391304347,True,False
5080,12,46.0,2005,2018,4,0,154.82608695652175,True,False
5081,12,46.0,2017,2018,12,0,130.43478260869566,False,True
5082,12,46.2,2008,2018,9,0,184.6103896103896,True,False
5083,8,47.9,1996,2018,7,0,83.50730688935282,False,True
5084,12,48.0,2015,2018,11,0,141.20833333333334,True,False
5085,8,48.0,1996,2018,6,0,83.33333333333333,False,True
5086,12,48.24,1986,2018,10,0,159.74295190713102,True,False
5087,8,49.05,1989,2018,4,0,101.93679918450562,False,True
5088,8,49.1,1997,2018,11,0,110.42769857433808,True,False
5089,12,49.5,2010,2018,1,0,222.22222222222223,True,False
5090,12,50.0,2018,2018,2,0,260.0,True,False
5091,8,50.0,1986,2018,1,0,130.0,True,False
5092,12,50.0,2002,2018,9,0,167.64,True,False
5093,8,50.0,1996,2018,7,0,165.0,True,False
5094,12,50.0,2013,2018,12,0,176.66,True,False
5095,12,50.0,2014,2018,3,0,189.6,True,False
5096,12,50.0,1992,2018,5,0,105.0,True,False
5097,12,50.0,2002,2018,6,0,185.0,True,False
5098,12,50.0,2012,2018,5,0,220.0,True,False
5099,12,50.0,2018,2018,3,0,255.92,True,False
5100,8,50.0,1993,2018,1,0,150.0,True,False
5101,8,50.0,1997,2018,2,0,195.0,True,False
5102,12,50.0,2018,2018,7,0,320.0,True,False
5103,8,50.0,2011,2018,5,0,265.0,True,False
5104,8,50.0,2011,2018,7,0,185.0,True,False
5105,12,50.0,2018,2018,7,0,240.0,True,False
5106,12,50.0,1991,2018,6,0,120.0,True,False
5107,12,50.0,2011,2018,12,0,176.66,True,False
5108,8,50.0,2018,2018,9,0,160.0,False,True
5109,12,50.0,2013,2018,1,0,160.0,False,True
5110,12,50.0,1988,2018,10,0,160.0,False,True
5111,12,50.0,2013,2018,2,0,180.0,False,True
5112,12,50.0,2005,2018,1,0,116.0,False,True
5113,8,50.58,1980,2018,9,0,69.19731119019376,False,True
5114,8,50.86,1988,2018,11,0,181.32127408572552,True,False
5115,12,51.0,2018,2018,7,0,225.49019607843138,True,False
5116,12,51.0,2018,2018,7,0,225.49019607843138,True,False
5117,8,51.0,1997,2018,1,0,88.23529411764706,False,True
5118,12,52.0,2003,2018,4,0,162.48076923076923,True,False
5119,12,52.0,2013,2018,10,0,183.25,True,False
5120,12,52.0,2011,2018,10,0,183.8846153846154,True,False
5121,12,52.0,2009,2018,3,0,134.6153846153846,False,True
5122,12,52.0,2011,2018,10,0,115.38461538461539,False,True
5123,12,52.38,1996,2018,6,0,171.82130584192439,True,False
5124,12,52.89,2017,2018,7,0,255.24673851389676,True,False
5125,8,53.25,2006,2018,11,0,112.67605633802818,False,True
5126,12,53.62,1997,2018,9,0,121.22342409548676,False,True
5127,12,53.8,2015,2018,11,0,78.49442379182156,True,False
5128,8,54.0,1996,2018,6,0,114.81481481481481,True,False
5129,8,54.51,1997,2018,4,0,118.30856723536967,True,False
5130,8,55.0,1995,2018,5,0,145.45454545454547,True,False
5131,12,55.0,2016,2018,8,0,183.56363636363636,True,False
5132,8,55.0,1987,2018,10,0,100.0,True,False
5133,12,55.0,2018,2018,7,0,213.63636363636363,True,False
5134,8,55.0,2012,2018,10,0,197.96363636363637,True,False
5135,12,55.0,2002,2018,9,0,189.3090909090909,True,False
5136,12,55.0,2018,2018,5,0,268.1818181818182,True,False
5137,12,55.0,2011,2018,12,0,157.5818181818182,True,False
5138,12,55.0,2011,2018,8,0,205.01818181818183,True,False
5139,12,55.0,2012,2018,3,0,145.45454545454547,False,True
5140,12,55.02,1985,2018,12,0,111.06870229007633,True,False
5141,8,55.29,1986,2018,6,0,144.69162597214685,False,True
5142,12,55.6,2004,2018,7,0,134.89208633093526,True,False
5143,0,55.71,2018,2018,4,0,197.4510859809729,False,True
5144,12,55.86,1991,2018,10,0,120.0501253132832,True,False
5145,12,56.0,2005,2018,9,0,179.08928571428572,True,False
5146,12,56.0,2010,2018,3,0,142.85714285714286,False,True
5147,12,56.1,2011,2018,1,0,200.53475935828877,True,False
5148,8,56.1,1986,2018,8,0,142.602495543672,False,True
5149,12,56.19,2005,2018,8,0,106.78056593699947,False,True
5150,8,57.0,2008,2018,7,0,140.35087719298247,False,True
5151,12,57.15,2014,2018,1,0,192.47594050743658,True,False
5152,12,58.0,2018,2018,7,0,176.72413793103448,True,False
5153,8,59.0,2008,2018,3,0,109.30508474576271,True,False
5154,8,59.0,2018,2018,7,0,169.4915254237288,False,True
5155,8,59.0,2008,2018,3,0,84.7457627118644,False,True
5156,8,59.0,2018,2018,7,0,169.4915254237288,False,True
5157,12,59.0,2017,2018,1,0,169.4915254237288,False,True
5158,8,59.4,2018,2018,7,0,168.35016835016836,False,True
5159,8,59.4,2018,2018,9,0,168.35016835016836,False,True
5160,12,59.5,2012,2018,11,0,214.7563025210084,True,False
5161,12,60.0,2017,2018,1,0,300.0,True,False
5162,8,60.0,1989,2018,10,0,123.03333333333333,True,False
5163,12,60.0,2004,2018,11,0,142.6,True,False
5164,8,60.0,1988,2018,12,0,103.7,True,False
5165,12,60.0,2012,2018,6,0,187.5,True,False
5166,12,60.0,2004,2018,3,0,193.2,True,False
5167,8,60.0,1996,2018,4,0,87.06666666666666,True,False
5168,12,60.0,2008,2018,11,0,177.78333333333333,True,False
5169,12,60.0,2013,2018,6,0,183.33333333333334,True,False
5170,12,60.0,2018,2018,9,0,169.6,True,False
5171,8,60.0,2011,2018,1,0,216.66666666666666,True,False
5172,8,60.0,2011,2018,3,0,164.96666666666667,True,False
5173,12,60.0,2006,2018,11,0,189.81666666666666,True,False
5174,8,60.0,2011,2018,8,0,176.63333333333333,True,False
5175,12,60.0,2012,2018,5,0,204.16666666666666,True,False
5176,12,60.0,2018,2018,10,0,222.55,True,False
5177,12,60.0,2012,2018,11,0,156.48333333333332,True,False
5178,12,60.0,2012,2018,3,0,229.25,True,False
5179,12,60.0,2011,2018,2,0,133.33333333333334,False,True
5180,12,60.0,2003,2018,8,0,216.66666666666666,False,True
5181,8,60.0,2015,2018,1,0,133.33333333333334,False,True
5182,12,60.0,2011,2018,4,0,141.66666666666666,False,True
5183,12,60.0,2003,2018,7,0,100.0,False,True
5184,12,60.0,2004,2018,7,0,100.0,False,True
5185,8,60.0,1996,2018,7,0,66.66666666666667,False,True
5186,12,60.0,2018,2018,4,0,166.66666666666666,False,True
5187,12,60.0,2016,2018,12,0,150.0,False,True
5188,12,60.0,2014,2018,6,0,150.0,False,True
5189,8,60.8,1988,2018,6,0,115.13157894736842,True,False
5190,12,60.9,1986,2018,4,0,122.3152709359606,True,False
5191,12,61.73,1984,2018,6,0,133.64652519034505,True,False
5192,12,61.74,2008,2018,5,0,137.674117265954,True,False
5193,12,61.89,2018,2018,7,0,161.57699143641946,False,True
5194,12,62.55,1987,2018,7,0,151.8784972022382,True,False
5195,12,64.0,2004,2018,1,0,125.0,True,False
5196,8,64.55,1994,2018,1,0,112.3160340821069,True,False
5197,25,65.82,1984,2018,4,0,168.97599513825585,True,False
5198,12,66.0,2018,2018,6,0,189.3939393939394,True,False
5199,12,66.0,2016,2018,11,0,167.5151515151515,True,False
5200,12,66.0,2013,2018,1,0,261.3636363636364,True,False
5201,12,66.0,2001,2018,9,0,96.25757575757575,True,False
5202,12,66.0,2017,2018,2,0,215.9090909090909,True,False
5203,12,66.0,2013,2018,4,0,267.469696969697,True,False
5204,12,66.0,2016,2018,12,0,183.5,True,False
5205,8,66.0,2018,2018,6,0,265.1515151515151,True,False
5206,0,66.0,2018,2018,7,0,227.27272727272728,True,False
5207,12,66.0,2005,2018,6,0,166.66666666666666,True,False
5208,8,66.0,2011,2018,2,0,147.72727272727272,True,False
5209,12,66.0,2010,2018,6,0,159.0909090909091,True,False
5210,12,66.0,2010,2018,6,0,159.0909090909091,True,False
5211,0,66.0,2018,2018,6,0,166.66666666666666,False,True
5212,12,66.0,2016,2018,3,0,151.5151515151515,False,True
5213,0,66.0,2018,2018,3,0,166.66666666666666,False,True
5214,12,66.0,2018,2018,3,0,151.5151515151515,False,True
5215,12,66.0,2018,2018,3,0,151.5151515151515,False,True
5216,12,66.0,2012,2018,12,0,136.36363636363637,False,True
5217,12,66.12,2016,2018,6,0,173.92619479733816,True,False
5218,12,66.99,1995,2018,12,0,112.79295417226453,True,False
5219,8,67.79,1988,2018,11,0,127.85071544475585,True,False
5220,12,68.2,2018,2018,3,0,174.45747800586508,True,False
5221,12,68.94,1985,2018,1,0,108.79025239338556,True,False
5222,8,68.99,1997,2018,5,0,130.45368894042616,True,False
5223,8,69.0,1988,2018,4,0,120.97101449275362,True,False
5224,8,69.0,2003,2018,4,0,99.97101449275362,True,False
5225,8,69.28,1986,2018,2,0,147.9503464203233,True,False
5226,12,70.0,2011,2018,11,0,158.72857142857143,True,False
5227,8,70.27,1996,2018,2,0,110.28888572648357,True,False
5228,12,70.44,1986,2018,8,0,157.893242475866,True,False
5229,8,70.47,1988,2018,5,0,134.80913864055626,True,False
5230,12,70.58,1982,2018,11,0,136.96514593369227,True,False
5231,12,70.82,2018,2018,5,0,201.21434622987857,True,False
5232,12,71.1,1995,2018,4,0,104.76793248945148,True,False
5233,8,71.59,1988,2018,10,0,128.25813661125855,True,False
5234,12,71.82,1986,2018,12,0,116.02617655249236,True,False
5235,8,72.0,1986,2018,4,0,123.20833333333333,True,False
5236,8,72.1,1989,2018,5,0,152.56588072122054,True,False
5237,8,72.1,1989,2018,12,0,137.15672676837727,True,False
5238,12,72.73,2004,2018,5,0,140.93221504193593,True,False
5239,8,74.3,1985,2018,3,0,133.21668909825033,True,False
5240,12,74.52,1987,2018,2,0,127.48255501878691,True,False
5241,12,74.52,1989,2018,11,0,123.75201288244767,True,False
5242,8,74.58,2010,2018,9,0,152.61464199517297,True,False
5243,12,75.0,1991,2018,5,0,73.33333333333333,False,True
5244,12,75.16,1991,2018,4,0,66.52474720596062,False,True
5245,12,76.0,2010,2018,3,0,188.77631578947367,True,False
5246,12,77.0,2004,2018,9,0,145.9090909090909,True,False
5247,12,78.84,1992,2018,1,0,101.47133434804667,False,True
5248,12,80.0,2013,2018,12,0,156.95,True,False
5249,8,80.0,2018,2018,9,0,162.5,False,True
5250,12,80.0,2004,2018,4,0,112.5,False,True
5251,12,80.0,2011,2018,4,0,137.5,False,True
5252,12,80.04,1991,2018,1,0,115.5672163918041,True,False
5253,12,80.35,1988,2018,4,0,99.56440572495333,False,True
5254,8,80.39,1987,2018,7,0,74.63614877472322,False,True
5255,8,80.53,1983,2018,11,0,99.3418601763318,False,True
5256,12,81.38,2008,2018,3,0,140.68567215532073,True,False
5257,12,81.48,1991,2018,3,0,121.47766323024054,True,False
5258,12,82.05,1991,2018,9,0,171.34673979280927,True,False
5259,12,82.32,1987,2018,2,0,179.17881438289604,True,False
5260,12,83.0,2016,2018,8,0,190.3132530120482,True,False
5261,8,84.0,2007,2018,9,0,119.04761904761905,False,True
5262,8,84.35,1983,2018,8,0,137.6644931831654,True,False
5263,8,84.45,2006,2018,7,0,124.33392539964476,True,False
5264,8,84.99,1996,2018,12,0,126.81491940228263,True,False
5265,12,85.0,2004,2018,11,0,181.04705882352943,True,False
5266,12,85.33,2010,2018,5,0,178.717918668698,True,False
5267,12,87.94,2005,2018,1,0,181.94223334091427,True,False
5268,12,88.81,1996,2018,4,0,112.59993244004053,False,True
5269,12,89.0,2002,2018,3,0,133.68539325842696,True,False
5270,8,89.46,1997,2018,12,0,80.11401743796111,True,False
5271,8,90.66,2005,2018,9,0,77.2115596735054,False,True
5272,12,91.71,1988,2018,10,0,115.1346636135645,True,False
5273,8,92.0,2016,2018,1,0,163.04347826086956,False,True
5274,12,93.0,2004,2018,3,0,107.52688172043011,False,True
5275,12,93.67,2003,2018,6,0,128.10931995302658,False,True
5276,8,95.0,2016,2018,3,0,162.62105263157895,True,False
5277,8,95.0,2018,2018,8,0,157.89473684210526,False,True
5278,8,95.0,2018,2018,4,0,136.8421052631579,False,True
5279,8,95.0,2018,2018,4,0,136.8421052631579,False,True
5280,12,95.2,1997,2018,8,0,52.52100840336134,False,True
5281,12,95.39,2006,2018,6,0,157.24918754586434,True,False
5282,12,95.39,2006,2018,6,0,157.24918754586434,True,False
5283,12,96.18,2002,2018,6,0,111.76959866916198,True,False
5284,12,99.45,2007,2018,1,0,128.2051282051282,True,False
5285,12,100.0,2017,2018,12,0,140.0,False,True
5286,12,101.48,2002,2018,5,0,118.24990145841545,False,True
5287,12,101.79,2018,2018,12,0,152.82444247961487,True,False
5288,12,102.0,2018,2018,2,0,147.05882352941177,False,True
5289,12,103.9,2004,2018,2,0,117.90182868142443,True,False
5290,12,103.9,2004,2018,7,0,153.99422521655438,True,False
5291,12,104.94,2018,2018,3,0,142.93882218410522,False,True
5292,12,106.56,2003,2018,1,0,112.61261261261261,False,True
5293,12,109.0,2016,2018,9,0,137.61467889908258,False,True
5294,12,109.08,2016,2018,5,0,187.93546021268793,True,False
5295,12,110.0,2017,2018,2,0,163.63636363636363,False,True
5296,12,110.0,2018,2018,7,0,154.54545454545453,False,True
5297,8,110.0,2016,2018,8,0,127.27272727272727,False,True
5298,8,110.26,1996,2018,1,0,36.27788862688191,False,True
5299,8,110.8,2018,2018,8,0,135.37906137184115,False,True
5300,12,112.0,2018,2018,4,0,133.92857142857142,False,True
5301,12,112.86,2012,2018,12,0,115.18695729222046,True,False
5302,12,112.86,2012,2018,12,0,113.21991848307638,True,False
5303,12,114.23,1989,2018,3,0,79.85643000962969,True,False
5304,8,118.44,2018,2018,3,0,164.209726443769,True,False
5305,8,119.1,2018,2018,7,0,60.873215785054576,True,False
5306,12,120.0,2018,2018,3,0,170.40833333333333,True,False
5307,12,127.6,2011,2018,6,0,127.35109717868339,True,False
5308,12,135.0,2018,2018,1,0,155.55555555555554,False,True
5309,12,150.71,2012,2018,6,0,53.712427841549996,True,False
5310,12,162.75,2013,2018,4,0,39.93855606758832,False,True
5311,12,163.5,2018,2018,11,0,123.68195718654434,True,False
5312,8,164.0,1983,2018,3,0,46.01829268292683,True,False
5313,12,187.31,2018,2018,3,0,48.42774010997811,True,False
5314,12,189.2,2018,2018,5,0,95.13742071881607,True,False
5315,8,13.0,2004,2018,10,0,321.2307692307692,True,False
5316,8,20.0,2017,2018,1,0,422.5,True,False
5317,8,20.0,2017,2018,12,0,358.35,True,False
5318,8,21.0,2001,2018,1,0,261.9047619047619,True,False
5319,8,21.0,2018,2018,4,0,238.0952380952381,False,True
5320,8,21.0,2018,2018,5,0,238.0952380952381,False,True
5321,8,23.1,2017,2018,2,0,337.6623376623376,True,False
5322,8,23.1,2017,2018,6,0,337.6623376623376,True,False
5323,8,23.14,2016,2018,12,0,326.53414001728606,True,False
5324,8,24.0,2018,2018,6,0,187.5,False,True
5325,8,24.0,2001,2018,5,0,83.33333333333333,False,True
5326,8,24.27,2001,2018,2,0,164.81252575195714,False,True
5327,8,24.47,2007,2018,2,0,306.4977523498161,True,False
5328,12,25.0,2001,2018,3,0,227.76,True,False
5329,8,25.0,2012,2018,11,0,358.68,True,False
5330,8,25.0,2013,2018,4,0,315.92,True,False
5331,8,25.0,2004,2018,11,0,283.56,True,False
5332,8,25.0,2012,2018,7,0,270.0,True,False
5333,25,25.0,2011,2018,2,0,200.0,True,False
5334,12,25.0,2002,2018,4,0,305.88,True,False
5335,8,25.0,2018,2018,10,0,369.4,True,False
5336,8,25.0,2011,2018,3,0,199.6,True,False
5337,12,25.0,2001,2018,12,0,140.0,False,True
5338,8,25.0,2013,2018,8,0,180.0,False,True
5339,12,25.0,2001,2018,9,0,160.0,False,True
5340,25,26.0,2011,2018,2,0,317.3076923076923,True,False
5341,8,26.0,2006,2018,10,0,308.8076923076923,True,False
5342,8,26.44,2012,2018,1,0,353.63086232980334,True,False
5343,8,26.45,2000,2018,12,0,239.0170132325142,True,False
5344,8,28.52,2005,2018,8,0,105.18934081346424,False,True
5345,12,30.0,2016,2018,12,0,170.36666666666667,True,False
5346,8,30.0,2001,2018,2,0,215.0,True,False
5347,8,30.0,2016,2018,8,0,311.56666666666666,True,False
5348,8,30.0,2008,2018,12,0,174.06666666666666,True,False
5349,8,30.0,2007,2018,6,0,275.0,True,False
5350,8,30.0,2018,2018,7,0,258.3333333333333,True,False
5351,8,30.0,2001,2018,11,0,151.46666666666667,True,False
5352,8,30.0,2001,2018,11,0,151.46666666666667,True,False
5353,8,30.0,2000,2018,3,0,166.6,True,False
5354,12,30.0,2014,2018,4,0,302.73333333333335,True,False
5355,12,30.0,2014,2018,4,0,294.9,True,False
5356,8,30.0,2012,2018,2,0,275.0,True,False
5357,8,30.0,2017,2018,12,0,254.43333333333334,True,False
5358,8,30.0,2004,2018,7,0,285.0,True,False
5359,8,30.0,2005,2018,7,0,316.6666666666667,True,False
5360,12,30.0,2015,2018,2,0,466.6666666666667,True,False
5361,25,30.0,2011,2018,4,0,246.6,True,False
5362,25,30.0,1999,2018,1,0,266.6666666666667,True,False
5363,8,30.0,2004,2018,3,0,157.46666666666667,True,False
5364,8,30.0,2018,2018,9,0,166.66666666666666,False,True
5365,25,30.0,2011,2018,1,0,133.33333333333334,False,True
5366,8,30.0,2018,2018,12,0,166.66666666666666,False,True
5367,8,30.0,2018,2018,2,0,166.66666666666666,False,True
5368,8,30.0,2018,2018,6,0,200.0,False,True
5369,8,32.0,2018,2018,8,0,441.3125,True,False
5370,8,33.0,2011,2018,3,0,259.0,True,False
5371,25,33.0,2011,2018,2,0,295.45454545454544,True,False
5372,8,33.0,2001,2018,6,0,174.24242424242425,True,False
5373,8,33.0,2005,2018,2,0,166.66666666666666,True,False
5374,25,33.0,2016,2018,5,0,272.72727272727275,True,False
5375,25,33.0,2001,2018,1,0,234.84848484848484,True,False
5376,8,33.0,2004,2018,9,0,336.0,True,False
5377,8,33.0,2011,2018,1,0,143.93939393939394,True,False
5378,8,33.0,2007,2018,10,0,288.24242424242425,True,False
5379,8,33.0,2003,2018,1,0,310.6060606060606,True,False
5380,8,33.0,2012,2018,12,0,186.87878787878788,True,False
5381,8,33.0,2009,2018,3,0,283.6666666666667,True,False
5382,8,33.0,2002,2018,1,0,200.0,True,False
5383,8,33.0,2011,2018,5,0,242.42424242424244,True,False
5384,8,33.0,2001,2018,8,0,203.3939393939394,True,False
5385,8,33.0,2012,2018,2,0,251.5151515151515,True,False
5386,8,33.0,2004,2018,1,0,248.4848484848485,True,False
5387,8,33.0,2012,2018,1,0,253.03030303030303,True,False
5388,8,33.0,2006,2018,2,0,259.09090909090907,True,False
5389,8,33.0,2012,2018,12,0,245.78787878787878,True,False
5390,8,33.0,2006,2018,8,0,246.87878787878788,True,False
5391,8,33.0,2016,2018,11,0,262.6363636363636,True,False
5392,25,33.0,2016,2018,12,0,319.8787878787879,True,False
5393,8,33.0,2008,2018,6,0,265.1515151515151,True,False
5394,8,33.0,2008,2018,2,0,136.36363636363637,False,True
5395,8,33.0,2012,2018,12,0,166.66666666666666,False,True
5396,8,35.0,2016,2018,2,0,271.42857142857144,True,False
5397,8,36.0,2018,2018,12,0,197.52777777777777,True,False
5398,8,39.6,2012,2018,1,0,208.33333333333331,True,False
5399,8,39.67,2017,2018,3,0,273.1787244769347,True,False
5400,8,40.0,2008,2018,4,0,258.675,True,False
5401,25,40.0,2004,2018,1,0,356.25,True,False
5402,8,40.0,2016,2018,8,0,150.0,False,True
5403,8,40.0,2018,2018,6,0,187.5,False,True
5404,8,40.0,2012,2018,7,0,50.0,False,True
5405,8,42.8,2003,2018,4,0,137.80373831775702,True,False
5406,8,42.9,2018,2018,6,0,198.13519813519815,True,False
5407,8,42.9,2018,2018,6,0,198.13519813519815,True,False
5408,8,42.9,2018,2018,12,0,174.82517482517483,False,True
5409,8,44.0,2018,2018,5,0,187.5,True,False
5410,8,45.0,2012,2018,12,0,180.24444444444444,True,False
5411,8,45.0,2016,2018,12,0,230.86666666666667,True,False
5412,8,46.71,2012,2018,2,0,126.95354313851423,True,False
5413,12,48.0,2012,2018,12,0,171.29166666666666,True,False
5414,8,50.0,2001,2018,10,0,212.94,True,False
5415,8,50.0,2001,2018,2,0,225.0,True,False
5416,8,50.0,2018,2018,3,0,164.48,True,False
5417,8,50.0,2006,2018,9,0,174.7,True,False
5418,8,50.0,2018,2018,5,0,250.0,True,False
5419,8,50.0,2018,2018,6,0,180.0,False,True
5420,8,52.0,2008,2018,2,0,105.76923076923077,False,True
5421,8,55.0,1999,2018,8,0,128.3090909090909,True,False
5422,25,55.0,1999,2018,11,0,137.38181818181818,True,False
5423,8,58.0,2018,2018,10,0,137.93103448275863,False,True
5424,25,59.5,2016,2018,3,0,248.67226890756302,True,False
5425,12,60.0,2013,2018,3,0,192.85,True,False
5426,8,60.0,2002,2018,2,0,183.33333333333334,True,False
5427,25,60.0,2016,2018,12,0,175.93333333333334,True,False
5428,12,60.0,2011,2018,12,0,198.15,True,False
5429,8,60.0,2018,2018,11,0,166.66666666666666,False,True
5430,8,60.29,2016,2018,10,0,149.27848731132858,False,True
5431,25,62.44,2002,2018,12,0,145.91607943625883,True,False
5432,8,66.0,2018,2018,6,0,136.36363636363637,False,True
5433,8,66.0,2018,2018,6,0,136.36363636363637,False,True
5434,12,70.0,2012,2018,11,0,128.57142857142858,False,True
5435,8,76.0,2016,2018,5,0,171.05263157894737,False,True
5436,8,80.0,2001,2018,8,0,159.4375,True,False
5437,8,95.14,2002,2018,2,0,165.54551187723354,True,False
5438,8,100.0,2018,2018,11,0,172.22,True,False
5439,12,126.18,2014,2018,5,0,61.4201933745443,True,False
5440,12,126.18,2014,2018,7,0,126.80297987002695,True,False
5441,8,135.0,2016,2018,6,0,118.51851851851852,False,True
5442,8,12.0,2019,2020,1,1,766.6666666666666,True,False
5443,8,12.0,2018,2020,2,1,787.5,True,False
5444,12,12.01,2006,2020,2,1,1344.7127393838468,True,False
5445,8,13.2,2016,2020,2,1,666.6666666666667,True,False
5446,12,14.85,2019,2020,2,1,659.9326599326599,True,False
5447,8,15.0,2015,2020,2,1,603.3333333333334,True,False
5448,12,15.0,2010,2020,2,1,700.0,True,False
5449,8,15.0,2016,2020,3,1,700.0,True,False
5450,8,15.0,1987,2020,7,1,423.3333333333333,True,False
5451,8,15.53,2018,2020,2,1,321.9575016097875,False,True
5452,8,16.0,2017,2020,2,1,612.5,True,False
5453,8,16.0,2018,2020,12,1,395.8125,True,False
5454,8,16.0,2018,2020,12,1,395.8125,True,False
5455,8,16.0,2015,2020,1,1,250.0,False,True
5456,8,16.5,1990,2020,2,1,421.2121212121212,True,False
5457,8,16.52,2015,2020,2,1,496.3680387409201,True,False
5458,8,17.0,1987,2020,2,1,455.88235294117646,True,False
5459,12,17.0,2010,2020,2,1,294.11764705882354,True,False
5460,8,17.0,2016,2020,2,1,308.8235294117647,True,False
5461,12,17.0,2019,2020,1,1,426.47058823529414,True,False
5462,8,18.0,2018,2020,8,1,305.55555555555554,False,True
5463,12,18.0,2016,2020,12,1,333.3333333333333,False,True
5464,12,18.0,2019,2020,2,1,277.77777777777777,False,True
5465,8,18.18,2014,2020,12,1,220.02200220022002,False,True
5466,8,18.33,2015,2020,2,1,163.66612111292963,False,True
5467,12,18.4,1989,2020,2,1,312.5,True,False
5468,12,19.8,2011,2020,3,1,464.6464646464646,True,False
5469,8,19.8,2012,2020,12,1,459.5959595959596,True,False
5470,12,19.8,2014,2020,4,1,151.5151515151515,False,True
5471,8,20.0,2015,2020,2,1,452.5,True,False
5472,8,20.0,2016,2020,1,1,452.5,True,False
5473,12,20.0,2014,2020,1,1,525.0,True,False
5474,8,20.0,2015,2020,1,1,325.0,True,False
5475,8,20.0,2008,2020,2,1,315.0,True,False
5476,8,20.0,2017,2020,1,1,515.0,True,False
5477,12,20.0,2019,2020,2,1,525.0,True,False
5478,8,20.0,2015,2020,2,1,287.5,True,False
5479,8,20.0,1997,2020,1,1,352.5,True,False
5480,8,20.0,2019,2020,12,1,410.0,True,False
5481,12,20.0,2015,2020,1,1,325.0,True,False
5482,12,20.0,2006,2020,2,1,162.5,True,False
5483,8,20.0,2015,2020,2,1,325.0,True,False
5484,12,20.0,1989,2020,2,1,287.5,True,False
5485,8,20.0,2016,2020,12,1,410.0,True,False
5486,8,20.0,2018,2020,2,1,390.0,True,False
5487,8,20.0,2018,2020,1,1,515.0,True,False
5488,8,20.0,1989,2020,2,1,292.5,True,False
5489,8,20.0,2015,2020,2,1,477.5,True,False
5490,12,20.0,2010,2020,1,1,280.0,True,False
5491,8,20.0,2016,2020,3,1,390.0,True,False
5492,12,20.0,1986,2020,1,1,330.0,True,False
5493,8,20.0,2015,2020,1,1,312.5,True,False
5494,8,20.0,2019,2020,5,1,312.5,True,False
5495,8,20.0,2020,2020,10,1,452.5,True,False
5496,8,20.0,2019,2020,1,1,250.0,False,True
5497,8,20.0,2019,2020,2,1,250.0,False,True
5498,8,20.0,2016,2020,1,1,225.0,False,True
5499,8,20.0,2014,2020,7,1,200.0,False,True
5500,12,20.0,2017,2020,11,1,250.0,False,True
5501,12,20.0,2015,2020,1,1,150.0,False,True
5502,8,20.0,2015,2020,1,1,225.0,False,True
5503,8,20.0,2019,2020,1,1,250.0,False,True
5504,12,20.1,2014,2020,3,1,388.0597014925373,True,False
5505,12,20.3,2007,2020,3,1,482.7586206896552,True,False
5506,12,20.3,2011,2020,2,1,431.0344827586207,True,False
5507,12,20.3,2011,2020,2,1,394.0886699507389,True,False
5508,12,20.3,2011,2020,12,1,267.6354679802956,True,False
5509,12,20.3,2011,2020,11,1,172.41379310344826,False,True
5510,12,20.3,2011,2020,1,1,221.67487684729062,False,True
5511,12,20.3,2011,2020,2,1,221.67487684729062,False,True
5512,12,20.3,2010,2020,11,1,221.67487684729062,False,True
5513,12,20.3,2010,2020,7,1,221.67487684729062,False,True
5514,12,21.0,2009,2020,3,1,430.95238095238096,True,False
5515,8,21.0,2014,2020,3,1,321.42857142857144,True,False
5516,25,21.0,2016,2020,1,1,378.57142857142856,True,False
5517,8,21.0,2017,2020,2,1,430.95238095238096,True,False
5518,8,21.0,2017,2020,2,1,450.0,True,False
5519,12,21.0,2009,2020,2,1,476.1904761904762,True,False
5520,12,21.0,2009,2020,1,1,490.4761904761905,True,False
5521,12,21.0,2009,2020,1,1,490.4761904761905,True,False
5522,8,21.0,2015,2020,2,1,321.42857142857144,True,False
5523,12,21.0,2010,2020,6,1,523.8095238095239,True,False
5524,8,21.0,2014,2020,4,1,250.0,True,False
5525,8,21.0,2014,2020,1,1,190.47619047619048,False,True
5526,8,21.0,2015,2020,11,1,190.47619047619048,False,True
5527,12,21.1,2018,2020,12,1,213.27014218009478,False,True
5528,8,21.1,2009,2020,12,1,213.27014218009478,False,True
5529,12,21.1,2018,2020,2,1,213.27014218009478,False,True
5530,12,21.1,2018,2020,1,1,213.27014218009478,False,True
5531,8,21.1,2015,2020,2,1,189.57345971563979,False,True
5532,12,21.2,2006,2020,7,1,330.188679245283,True,False
5533,8,21.3,2011,2020,3,1,366.19718309859155,True,False
5534,8,22.0,2014,2020,12,1,401.5,True,False
5535,12,22.3,2008,2020,2,1,461.8834080717489,True,False
5536,12,22.5,2014,2020,2,1,413.3333333333333,True,False
5537,12,23.0,2007,2020,2,1,339.1304347826087,True,False
5538,12,23.0,2007,2020,2,1,393.4782608695652,True,False
5539,8,23.0,2017,2020,1,1,400.0,True,False
5540,8,23.0,2012,2020,12,1,476.82608695652175,True,False
5541,8,23.1,2014,2020,2,1,248.9177489177489,True,False
5542,12,23.1,2007,2020,12,1,440.1298701298701,True,False
5543,12,23.1,2014,2020,12,1,129.87012987012986,False,True
5544,25,23.1,1989,2020,2,1,216.45021645021643,False,True
5545,8,23.14,2014,2020,1,1,248.4874675885912,True,False
5546,12,23.3,2009,2020,2,1,396.9957081545064,True,False
5547,8,24.0,1988,2020,1,1,289.5833333333333,True,False
5548,8,24.5,2017,2020,2,1,204.08163265306123,False,True
5549,8,25.0,1988,2020,12,1,338.68,True,False
5550,8,25.0,2014,2020,2,1,516.0,True,False
5551,8,25.0,2013,2020,9,1,290.0,True,False
5552,12,25.0,1988,2020,12,1,296.0,True,False
5553,12,25.0,2007,2020,4,1,232.0,True,False
5554,12,25.0,2012,2020,12,1,446.68,True,False
5555,8,25.0,2018,2020,2,1,392.0,True,False
5556,12,25.0,2011,2020,1,1,420.0,True,False
5557,12,25.0,2006,2020,12,1,217.32,True,False
5558,12,25.0,2015,2020,2,1,382.0,True,False
5559,8,25.0,2018,2020,2,1,370.0,True,False
5560,12,25.0,2011,2020,1,1,362.0,True,False
5561,12,25.0,2019,2020,1,1,370.0,True,False
5562,8,25.0,2020,2020,1,1,412.0,True,False
5563,12,25.0,2010,2020,12,1,340.0,True,False
5564,8,25.0,2009,2020,12,1,314.68,True,False
5565,12,25.0,2015,2020,1,1,230.0,True,False
5566,25,25.0,1997,2020,12,1,270.68,True,False
5567,8,25.0,1989,2020,2,1,408.0,True,False
5568,12,25.0,2011,2020,3,1,390.0,True,False
5569,12,25.0,2007,2020,4,1,234.0,True,False
5570,12,25.0,2013,2020,1,1,402.0,True,False
5571,12,25.0,2013,2020,2,1,402.0,True,False
5572,8,25.0,1987,2020,2,1,308.0,True,False
5573,8,25.0,2013,2020,8,1,318.0,True,False
5574,12,25.0,2009,2020,1,1,402.0,True,False
5575,8,25.0,2016,2020,2,1,372.0,True,False
5576,12,25.0,2011,2020,2,1,420.0,True,False
5577,8,25.0,2014,2020,12,1,385.32,True,False
5578,8,25.0,1991,2020,12,1,374.68,True,False
5579,8,25.0,2020,2020,1,1,402.0,True,False
5580,8,25.0,2017,2020,1,1,342.0,True,False
5581,8,25.0,1988,2020,1,1,288.0,True,False
5582,8,25.0,2006,2020,2,1,342.0,True,False
5583,12,25.0,2011,2020,2,1,392.0,True,False
5584,12,25.0,2010,2020,5,1,210.0,True,False
5585,12,25.0,2007,2020,2,1,234.0,True,False
5586,12,25.0,2011,2020,7,1,362.0,True,False
5587,12,25.0,2017,2020,1,1,270.0,True,False
5588,12,25.0,2007,2020,3,1,254.0,True,False
5589,12,25.0,2009,2020,11,1,131.08,True,False
5590,12,25.0,2016,2020,2,1,360.0,True,False
5591,12,25.0,2007,2020,6,1,412.0,True,False
5592,12,25.0,2008,2020,12,1,333.32,True,False
5593,8,25.0,2017,2020,2,1,200.0,False,True
5594,12,25.0,2017,2020,6,1,200.0,False,True
5595,12,25.0,2017,2020,1,1,200.0,False,True
5596,12,25.0,2017,2020,1,1,200.0,False,True
5597,8,25.0,1989,2020,1,1,200.0,False,True
5598,12,25.0,2009,2020,12,1,200.0,False,True
5599,12,25.0,2017,2020,11,1,200.0,False,True
5600,12,25.0,2017,2020,2,1,220.0,False,True
5601,12,25.0,2009,2020,1,1,80.0,False,True
5602,12,25.0,2017,2020,1,1,200.0,False,True
5603,12,25.0,2019,2020,2,1,240.0,False,True
5604,12,25.0,2010,2020,1,1,160.0,False,True
5605,8,25.0,1989,2020,2,1,200.0,False,True
5606,12,25.0,2017,2020,12,1,200.0,False,True
5607,12,25.0,2017,2020,1,1,200.0,False,True
5608,8,26.0,1986,2020,10,1,144.23076923076923,True,False
5609,8,26.0,1986,2020,3,1,173.07692307692307,True,False
5610,8,26.0,2015,2020,1,1,367.3076923076923,True,False
5611,8,26.0,2016,2020,7,1,153.84615384615384,True,False
5612,8,26.0,2016,2020,2,1,192.30769230769232,False,True
5613,8,26.0,2016,2020,2,1,192.30769230769232,False,True
5614,8,26.4,1987,2020,2,1,339.01515151515156,True,False
5615,12,26.4,2010,2020,8,1,342.8030303030303,True,False
5616,12,26.45,2014,2020,1,1,151.22873345935727,False,True
5617,12,26.45,2007,2020,1,1,189.0359168241966,False,True
5618,8,26.5,2011,2020,2,1,379.24528301886795,True,False
5619,12,27.0,2019,2020,3,1,335.18518518518516,True,False
5620,12,27.0,1992,2020,12,1,290.1111111111111,True,False
5621,12,27.0,1992,2020,12,1,244.44444444444446,True,False
5622,12,27.0,2011,2020,2,1,362.962962962963,True,False
5623,12,27.0,2019,2020,1,1,185.1851851851852,False,True
5624,12,27.0,2019,2020,1,1,185.1851851851852,False,True
5625,8,28.0,2014,2020,1,1,357.14285714285717,True,False
5626,12,28.0,2006,2020,3,1,348.2142857142857,True,False
5627,12,28.0,2006,2020,1,1,292.85714285714283,True,False
5628,12,28.0,1992,2020,12,1,296.42857142857144,True,False
5629,12,28.3,2011,2020,3,1,363.95759717314485,True,False
5630,8,29.0,2018,2020,3,1,294.82758620689657,True,False
5631,8,29.0,2016,2020,7,1,232.75862068965517,True,False
5632,8,29.0,2020,2020,1,1,355.17241379310343,True,False
5633,8,29.0,2017,2020,8,1,232.75862068965517,True,False
5634,8,29.0,2014,2020,2,1,137.93103448275863,False,True
5635,8,29.0,2014,2020,2,1,137.93103448275863,False,True
5636,8,29.0,2019,2020,5,1,172.41379310344828,False,True
5637,8,29.0,2014,2020,2,1,137.93103448275863,False,True
5638,25,29.0,1989,2020,9,1,206.89655172413794,False,True
5639,8,30.0,2019,2020,12,1,244.43333333333334,True,False
5640,12,30.0,2007,2020,12,1,347.76666666666665,True,False
5641,12,30.0,2010,2020,12,1,338.9,True,False
5642,12,30.0,2009,2020,12,1,244.43333333333334,True,False
5643,8,30.0,2018,2020,8,1,215.0,True,False
5644,8,30.0,2012,2020,1,1,250.0,True,False
5645,12,30.0,2010,2020,2,1,366.6666666666667,True,False
5646,12,30.0,2007,2020,8,1,343.3333333333333,True,False
5647,12,30.0,2014,2020,2,1,191.66666666666666,True,False
5648,12,30.0,2010,2020,2,1,166.66666666666666,True,False
5649,8,30.0,2012,2020,12,1,312.23333333333335,True,False
5650,8,30.0,2016,2020,1,1,301.6666666666667,True,False
5651,12,30.0,2008,2020,12,1,347.76666666666665,True,False
5652,8,30.0,1991,2020,2,1,333.3333333333333,True,False
5653,8,30.0,2019,2020,5,1,350.0,True,False
5654,8,30.0,2019,2020,12,1,288.9,True,False
5655,8,30.0,2019,2020,11,1,236.86666666666667,True,False
5656,8,30.0,2016,2020,1,1,266.6666666666667,True,False
5657,12,30.0,2009,2020,1,1,175.0,True,False
5658,8,30.0,2012,2020,12,1,336.6666666666667,True,False
5659,8,30.0,2012,2020,1,1,301.6666666666667,True,False
5660,12,30.0,2012,2020,12,1,347.76666666666665,True,False
5661,8,30.0,2012,2020,1,1,166.66666666666666,False,True
5662,12,30.0,2006,2020,10,1,166.66666666666666,False,True
5663,12,30.0,2017,2020,1,1,166.66666666666666,False,True
5664,8,30.0,2013,2020,1,1,166.66666666666666,False,True
5665,12,30.0,2010,2020,2,1,166.66666666666666,False,True
5666,12,30.1,2007,2020,2,1,300.6644518272425,True,False
5667,12,33.0,2010,2020,2,1,274.24242424242425,True,False
5668,12,33.0,2008,2020,2,1,242.42424242424244,True,False
5669,12,33.0,2008,2020,5,1,318.1818181818182,True,False
5670,12,33.0,2009,2020,1,1,174.24242424242425,True,False
5671,8,33.0,2014,2020,2,1,121.21212121212122,False,True
5672,12,33.0,2010,2020,12,1,136.36363636363637,False,True
5673,8,33.0,2019,2020,12,1,151.5151515151515,False,True
5674,8,33.0,2019,2020,12,1,151.5151515151515,False,True
5675,12,36.3,1996,2020,11,1,395.1239669421488,True,False
5676,12,39.6,2011,2020,1,1,265.1515151515151,True,False
5677,12,45.0,2008,2020,2,1,284.44444444444446,True,False
5678,8,45.27,2006,2020,12,1,151.68986083499004,True,False
5679,12,50.0,2007,2020,1,1,345.0,True,False
5680,12,50.0,2010,2020,2,1,310.0,True,False
5681,12,50.0,2007,2020,12,1,330.0,True,False
5682,8,55.0,2018,2020,1,1,287.27272727272725,True,False
5683,12,65.0,2008,2020,1,1,246.92307692307693,True,False
5684,8,65.0,2013,2020,12,1,123.07692307692308,False,True
5685,12,66.16,2009,2020,2,1,68.01692865779928,True,False
5686,8,66.16,2019,2020,12,1,156.18198307134222,True,False
5687,12,84.0,2006,2020,12,1,148.8095238095238,True,False
5688,12,92.56,2008,2020,1,1,201.49092480553153,True,False
5689,12,103.37,2020,2020,11,1,191.21602012189223,True,False
5690,12,106.37,2008,2020,7,1,136.31663062893674,True,False
5691,0,107.58,2020,2020,2,1,144.07882506042014,False,True
5692,8,108.56,1989,2020,8,1,92.11495946941783,False,True
5693,8,30.0,1982,2020,10,1,260.0,True,False
5694,12,30.0,2018,2020,2,1,200.0,False,True
5695,8,34.05,1971,2020,10,1,293.68575624082234,False,True
5696,8,40.0,2020,2020,7,1,268.75,True,False
5697,8,40.0,2020,2020,6,1,125.0,False,True
5698,8,50.0,1982,2020,4,1,206.0,True,False
5699,8,55.62,2019,2020,6,1,247.21323265012586,True,False
5700,8,18.0,2011,2020,3,1,502.77777777777777,True,False
5701,25,28.0,2012,2020,6,1,178.57142857142858,False,True
5702,8,30.0,2014,2020,4,1,273.3333333333333,True,False
5703,8,33.0,2012,2020,1,1,296.969696969697,True,False
5704,8,33.0,2008,2020,5,1,236.36363636363637,True,False
5705,8,33.0,2015,2020,1,1,333.3333333333333,True,False
5706,8,40.0,2015,2020,9,1,125.0,False,True
5707,12,55.0,2015,2020,7,1,145.45454545454547,False,True
5708,12,58.0,2010,2020,8,1,137.93103448275863,False,True
5709,12,58.5,2010,2020,12,1,199.43589743589743,True,False
5710,8,69.44,1988,2020,3,1,94.32603686635944,True,False
5711,8,96.2,1967,2020,3,1,127.33887733887734,True,False
5712,8,100.5,1968,2020,1,1,104.4776119402985,True,False
5713,8,102.0,2014,2020,2,1,137.2549019607843,True,False
5714,12,93.0,2019,2020,6,1,107.52688172043011,False,True
5715,8,65.55,2017,2020,5,1,183.0663615560641,False,True
5716,25,83.63,2016,2020,1,1,62.597154131292605,True,False
5717,25,125.83,2019,2020,4,1,121.19526345068743,True,False
5718,12,26.4,2010,2020,12,1,263.9015151515152,True,False
5719,12,164.0,2000,2020,5,1,48.78048780487805,True,False
5720,8,15.0,1978,2020,3,1,253.33333333333334,True,False
5721,12,28.83,2008,2020,2,1,244.53694068678462,True,False
5722,8,58.58,2000,2020,9,1,153.63605326049847,False,True
5723,8,81.98,2000,2020,11,1,121.98097096852891,False,True
5724,8,81.98,2000,2020,12,1,121.98097096852891,False,True
5725,8,30.1,2010,2020,2,1,232.5581395348837,True,False
5726,8,93.06,1997,2020,5,1,48.355899419729205,True,False
5727,8,93.06,1997,2020,6,1,21.49151085321298,False,True
5728,8,10.0,1963,2020,12,1,276.7,True,False
5729,8,17.09,1963,2020,12,1,161.90754827384436,True,False
5730,25,26.0,2018,2020,2,1,365.38461538461536,True,False
5731,8,26.45,1954,2020,12,1,151.22873345935727,False,True
5732,8,30.0,2010,2020,1,1,226.66666666666666,True,False
5733,12,32.0,2018,2020,5,1,156.25,False,True
5734,12,32.16,2011,2020,2,1,124.37810945273633,False,True
5735,8,33.0,2008,2020,9,1,363.6363636363636,True,False
5736,12,33.05,1994,2020,1,1,122.54160363086234,True,False
5737,12,33.06,2018,2020,6,1,294.9183303085299,True,False
5738,12,35.0,2018,2020,5,1,157.14285714285714,False,True
5739,12,50.0,2017,2020,6,1,250.0,True,False
5740,12,50.0,2011,2020,10,1,175.0,True,False
5741,8,56.17,1995,2020,10,1,71.21239095602634,False,True
5742,8,57.24,2002,2020,4,1,78.61635220125785,True,False
5743,8,57.46,1958,2020,10,1,87.0170553428472,False,True
5744,8,59.4,1979,2020,2,1,134.68013468013467,True,False
5745,8,60.1,1988,2020,2,1,128.1198003327787,True,False
5746,12,62.0,1994,2020,7,1,40.32258064516129,False,True
5747,12,65.0,2017,2020,5,1,184.6153846153846,True,False
5748,12,66.0,2011,2020,7,1,60.60606060606061,False,True
5749,12,66.0,2011,2020,6,1,75.75757575757575,False,True
5750,8,76.31,1988,2020,5,1,85.17887563884156,True,False
5751,8,79.2,1979,2020,2,1,63.13131313131313,False,True
5752,12,84.0,2019,2020,11,1,154.76190476190476,False,True
5753,12,84.0,2019,2020,11,1,154.76190476190476,False,True
5754,12,95.0,2018,2020,8,1,163.1578947368421,True,False
5755,12,116.0,1963,2020,4,1,43.10344827586207,False,True
5756,8,157.0,1979,2020,1,1,39.80891719745223,True,False
5757,8,95.34,2002,2020,3,1,83.91021606880638,False,True
5758,8,93.15,2012,2020,4,1,32.2061191626409,False,True
5759,8,89.96,2017,2020,12,1,66.69630947087595,False,True
5760,8,126.95,1994,2020,6,1,47.262701851122486,False,True
5761,8,136.11,2006,2020,5,1,73.46998751010211,False,True
5762,8,66.0,1938,2020,2,1,77.27272727272727,True,False
5763,8,26.44,2018,2020,4,1,189.10741301059,False,True
5764,8,30.94,2013,2020,7,1,332.9023917259211,True,False
5765,8,30.94,2013,2020,7,1,339.36651583710403,True,False
5766,8,34.0,2018,2020,5,1,308.8235294117647,True,False
5767,8,40.0,2020,2020,3,1,262.5,True,False
5768,8,40.0,2020,2020,3,1,226.25,True,False
5769,8,50.0,2018,2020,12,1,250.0,True,False
5770,8,56.24,2018,2020,4,1,168.9189189189189,True,False
5771,8,56.24,2018,2020,1,1,213.37126600284495,True,False
5772,8,73.78,1990,2020,9,1,111.81892111683383,True,False
5773,8,74.88,2020,2020,2,1,133.54700854700855,False,True
5774,8,74.88,2020,2020,2,1,133.54700854700855,False,True
5775,8,80.13,2018,2020,3,1,124.79720454261825,False,True
5776,8,80.13,2018,2020,3,1,124.79720454261825,False,True
5777,12,29.7,2011,2020,2,1,252.52525252525254,True,False
5778,12,45.0,2011,2020,8,1,144.44444444444446,False,True
5779,12,45.0,2011,2020,8,1,144.44444444444446,False,True
5780,12,26.44,1974,2020,2,1,236.38426626323752,True,False
5781,12,33.0,2010,2020,7,1,218.1818181818182,True,False
5782,12,49.5,2010,2020,12,1,210.76767676767676,True,False
5783,8,18.0,1963,2020,5,1,111.11111111111111,False,True
5784,12,19.83,2008,2020,3,1,388.3005547150782,True,False
5785,12,19.83,2011,2020,3,1,365.6076651538074,True,False
5786,12,23.0,2001,2020,2,1,276.0869565217391,True,False
5787,8,23.0,2007,2020,3,1,282.60869565217394,True,False
5788,8,25.0,2011,2020,10,1,308.0,True,False
5789,8,25.0,2011,2020,10,1,308.0,True,False
5790,12,26.4,2009,2020,1,1,295.4545454545455,True,False
5791,12,26.45,1960,2020,11,1,18.90359168241966,False,True
5792,12,28.0,2007,2020,7,1,257.14285714285717,True,False
5793,8,30.0,2010,2020,3,1,241.66666666666666,True,False
5794,8,30.0,2012,2020,1,1,256.6666666666667,True,False
5795,8,30.0,2008,2020,7,1,273.3333333333333,True,False
5796,8,30.0,2017,2020,1,1,241.66666666666666,True,False
5797,12,30.0,2015,2020,12,1,390.0,True,False
5798,8,30.0,2008,2020,3,1,241.66666666666666,True,False
5799,8,30.0,2016,2020,2,1,150.0,False,True
5800,8,30.0,2017,2020,6,1,200.0,False,True
5801,12,33.0,2012,2020,9,1,236.36363636363637,True,False
5802,12,33.0,2011,2020,2,1,227.27272727272728,True,False
5803,12,33.0,1983,2020,4,1,228.1818181818182,True,False
5804,12,33.0,2009,2020,1,1,259.09090909090907,True,False
5805,12,33.0,1990,2020,1,1,268.1818181818182,True,False
5806,8,33.0,2016,2020,12,1,181.8181818181818,False,True
5807,8,33.0,2012,2020,3,1,136.36363636363637,False,True
5808,8,33.0,2016,2020,3,1,121.21212121212122,False,True
5809,8,33.0,2016,2020,3,1,121.21212121212122,False,True
5810,12,33.0,2016,2020,10,1,151.5151515151515,False,True
5811,8,35.0,2017,2020,2,1,335.7142857142857,True,False
5812,8,35.0,2011,2020,12,1,209.5142857142857,True,False
5813,12,36.0,2016,2020,3,1,326.3888888888889,True,False
5814,12,36.0,2016,2020,5,1,111.11111111111111,False,True
5815,12,36.3,2016,2020,9,1,268.59504132231405,True,False
5816,8,40.0,2003,2020,7,1,213.75,True,False
5817,12,40.0,2015,2020,3,1,262.5,True,False
5818,12,40.0,2016,2020,7,1,250.0,True,False
5819,8,40.0,2016,2020,8,1,125.0,False,True
5820,8,42.9,1992,2020,2,1,93.24009324009324,False,True
5821,12,44.41,1988,2020,7,1,168.88088268408018,True,False
5822,12,45.0,2007,2020,5,1,240.0,True,False
5823,8,45.0,2011,2020,8,1,327.77777777777777,True,False
5824,8,45.0,2011,2020,10,1,277.77777777777777,True,False
5825,12,45.0,2017,2020,12,1,214.82222222222222,True,False
5826,12,45.0,2003,2020,8,1,233.33333333333334,True,False
5827,8,45.0,2016,2020,2,1,122.22222222222223,False,True
5828,12,45.3,2012,2020,1,1,176.60044150110377,True,False
5829,12,47.9,2005,2020,3,1,104.38413361169103,False,True
5830,12,48.6,2012,2020,2,1,201.6460905349794,True,False
5831,25,50.0,2000,2020,3,1,260.0,True,False
5832,12,50.0,2011,2020,11,1,252.72,True,False
5833,8,50.0,2010,2020,5,1,120.0,False,True
5834,12,50.0,1992,2020,5,1,120.0,False,True
5835,12,53.12,2009,2020,2,1,155.30873493975903,True,False
5836,12,55.0,2016,2020,5,1,168.1818181818182,True,False
5837,8,55.0,2017,2020,7,1,154.54545454545453,False,True
5838,25,55.0,2012,2020,4,1,127.27272727272727,False,True
5839,8,57.85,2007,2020,1,1,155.57476231633535,True,False
5840,8,58.0,2016,2020,3,1,137.93103448275863,False,True
5841,8,58.0,2012,2020,2,1,137.93103448275863,False,True
5842,8,60.0,1988,2020,12,1,105.55,True,False
5843,8,60.0,2016,2020,7,1,150.0,True,False
5844,8,60.0,2016,2020,7,1,150.0,True,False
5845,8,60.0,2005,2020,12,1,130.55,True,False
5846,8,61.96,2017,2020,1,1,169.46417043253712,True,False
5847,8,64.68,1987,2020,7,1,61.84291898577612,False,True
5848,12,66.0,2019,2020,4,1,242.42424242424244,True,False
5849,12,66.0,2019,2020,3,1,280.3030303030303,True,False
5850,8,66.4,1990,2020,9,1,75.3012048192771,False,True
5851,12,66.78,2019,2020,1,1,239.5926924228811,True,False
5852,12,70.0,2003,2020,12,1,159.52857142857144,True,False
5853,12,70.0,2003,2020,4,1,100.0,False,True
5854,12,70.0,2003,2020,5,1,100.0,False,True
5855,12,71.0,2011,2020,7,1,140.8450704225352,True,False
5856,25,72.0,2000,2020,4,1,180.55555555555554,True,False
5857,25,72.0,2000,2020,4,1,180.55555555555554,True,False
5858,8,74.22,2006,2020,12,1,143.72136890326058,True,False
5859,12,75.0,2017,2020,1,1,210.0,True,False
5860,12,82.0,1997,2020,4,1,88.41463414634147,True,False
5861,12,82.0,1989,2020,5,1,42.68292682926829,True,False
5862,8,83.38,2017,2020,10,1,179.8992564164068,False,True
5863,12,84.99,1981,2020,10,1,205.9065772443817,True,False
5864,12,85.0,2003,2020,4,1,94.11764705882354,False,True
5865,12,87.22,2017,2020,8,1,154.7810135290071,True,False
5866,8,90.51,1981,2020,11,1,121.53353220638603,False,True
5867,8,91.5,1981,2020,11,1,99.98907103825137,True,False
5868,8,100.0,1993,2020,2,1,80.0,True,False
5869,12,105.8,1997,2020,10,1,101.60680529300568,True,False
5870,12,125.61,2011,2020,9,1,143.30069262001433,True,False
5871,8,25.0,2011,2020,7,1,218.0,True,False
5872,8,43.32,1997,2020,5,1,167.35918744228994,True,False
5873,8,43.32,1997,2020,5,1,167.35918744228994,True,False
5874,8,67.25,1993,2020,8,1,118.95910780669145,True,False
5875,8,75.55,2011,2020,2,1,92.65387160820649,False,True
5876,8,75.71,2011,2020,1,1,52.83317923656057,False,True
5877,8,90.21,1996,2020,9,1,72.05409599822636,True,False
5878,8,108.41,1993,2020,8,1,76.0999907757587,True,False
5879,8,141.51,2011,2020,4,1,49.11313688078582,True,False
5880,8,13.22,2011,2020,1,1,226.928895612708,False,True
5881,8,16.5,2004,2020,4,1,363.6363636363636,True,False
5882,8,17.8,2008,2020,2,1,466.29213483146066,True,False
5883,8,18.0,2016,2020,3,1,516.6666666666666,True,False
5884,8,18.0,2016,2020,3,1,502.77777777777777,True,False
5885,8,19.83,1991,2020,3,1,115.98587997982855,False,True
5886,8,20.0,2014,2020,4,1,297.5,True,False
5887,8,20.0,2017,2020,5,1,387.5,True,False
5888,8,20.0,2015,2020,5,1,260.0,True,False
5889,8,21.0,2017,2020,8,1,426.1904761904762,True,False
5890,12,21.83,2010,2020,2,1,320.659642693541,True,False
5891,8,23.0,2013,2020,1,1,330.4347826086956,True,False
5892,12,23.0,2014,2020,11,1,173.91304347826087,False,True
5893,8,23.1,2017,2020,5,1,324.67532467532465,True,False
5894,8,24.0,2016,2020,1,1,145.83333333333334,False,True
5895,8,25.0,2019,2020,4,1,312.0,True,False
5896,8,25.0,2015,2020,1,1,318.0,True,False
5897,8,25.0,2019,2020,4,1,338.0,True,False
5898,8,25.0,2019,2020,6,1,332.0,True,False
5899,8,25.0,2015,2020,10,1,258.0,True,False
5900,8,25.0,2019,2020,2,1,358.0,True,False
5901,12,25.0,2014,2020,1,1,328.0,True,False
5902,12,25.0,2016,2020,7,1,340.0,True,False
5903,12,25.0,2015,2020,8,1,302.0,True,False
5904,8,25.0,2014,2020,5,1,250.0,True,False
5905,8,25.0,2016,2020,5,1,230.0,True,False
5906,12,25.0,2014,2020,6,1,354.0,True,False
5907,8,25.0,2011,2020,3,1,308.0,True,False
5908,8,25.0,2015,2020,12,1,328.0,True,False
5909,12,25.0,2010,2020,3,1,312.0,True,False
5910,12,25.0,2016,2020,1,1,120.0,False,True
5911,12,26.0,2011,2020,3,1,355.7692307692308,True,False
5912,8,26.0,2008,2020,1,1,173.07692307692307,False,True
5913,12,26.4,2010,2020,2,1,274.6212121212121,True,False
5914,8,26.4,2012,2020,7,1,151.51515151515153,False,True
5915,12,27.0,2018,2020,6,1,388.8888888888889,True,False
5916,8,27.0,2003,2020,12,1,201.22222222222223,True,False
5917,12,28.0,2011,2020,7,1,258.92857142857144,True,False
5918,8,28.0,2015,2020,5,1,305.35714285714283,True,False
5919,8,29.0,2008,2020,8,1,344.82758620689657,True,False
5920,8,29.0,2019,2020,10,1,224.13793103448276,False,True
5921,8,29.7,2019,2020,2,1,326.5993265993266,True,False
5922,12,30.0,2017,2020,6,1,260.0,True,False
5923,8,30.0,2004,2020,4,1,170.0,True,False
5924,8,30.0,2017,2020,10,1,306.6666666666667,True,False
5925,12,30.0,2002,2020,12,1,211.1,True,False
5926,8,30.0,2008,2020,4,1,276.6666666666667,True,False
5927,12,30.0,2004,2020,1,1,185.0,True,False
5928,8,30.0,2014,2020,2,1,241.66666666666666,True,False
5929,12,30.0,2017,2020,5,1,256.6666666666667,True,False
5930,12,30.0,2016,2020,2,1,276.6666666666667,True,False
5931,8,30.0,2005,2020,4,1,208.33333333333334,True,False
5932,12,30.0,2007,2020,6,1,298.3333333333333,True,False
5933,8,30.0,2011,2020,6,1,260.0,True,False
5934,8,30.0,2010,2020,2,1,256.6666666666667,True,False
5935,8,30.0,2019,2020,3,1,283.3333333333333,True,False
5936,8,30.0,2015,2020,4,1,233.33333333333334,True,False
5937,12,30.0,2017,2020,10,1,350.0,True,False
5938,8,30.0,1992,2020,1,1,166.66666666666666,False,True
5939,8,30.0,2009,2020,1,1,200.0,False,True
5940,8,30.0,2010,2020,8,1,166.66666666666666,False,True
5941,12,30.0,2015,2020,9,1,150.0,False,True
5942,12,30.0,2016,2020,2,1,133.33333333333334,False,True
5943,8,30.0,2010,2020,10,1,133.33333333333334,False,True
5944,8,30.0,2011,2020,10,1,150.0,False,True
5945,12,30.0,2015,2020,5,1,133.33333333333334,False,True
5946,8,30.0,2012,2020,10,1,166.66666666666666,False,True
5947,12,30.22,2019,2020,5,1,56.25413633355394,False,True
5948,8,30.44,2011,2020,12,1,229.96057818659656,True,False
5949,12,33.0,2014,2020,2,1,266.6666666666667,True,False
5950,12,33.0,2004,2020,2,1,198.4848484848485,True,False
5951,8,33.0,2017,2020,11,1,318.57575757575756,True,False
5952,8,33.0,2019,2020,7,1,257.57575757575756,True,False
5953,8,33.0,2015,2020,8,1,325.75757575757575,True,False
5954,12,33.0,2017,2020,2,1,340.90909090909093,True,False
5955,12,33.0,2015,2020,8,1,227.27272727272728,True,False
5956,8,33.0,2017,2020,9,1,256.06060606060606,True,False
5957,8,33.0,2015,2020,8,1,274.24242424242425,True,False
5958,12,33.0,2014,2020,3,1,227.27272727272728,True,False
5959,8,33.0,2003,2020,3,1,195.45454545454547,True,False
5960,8,33.0,2019,2020,10,1,371.2121212121212,True,False
5961,8,33.0,2007,2020,11,1,122.81818181818181,True,False
5962,8,33.0,2013,2020,1,1,250.0,True,False
5963,8,33.0,2011,2020,8,1,189.3939393939394,True,False
5964,12,33.0,2018,2020,10,1,227.27272727272728,True,False
5965,8,33.0,2011,2020,4,1,198.4848484848485,True,False
5966,8,33.0,2018,2020,10,1,386.3636363636364,True,False
5967,12,33.0,2009,2020,4,1,230.3030303030303,True,False
5968,8,33.0,2012,2020,6,1,280.3030303030303,True,False
5969,8,33.0,2019,2020,9,1,280.3030303030303,True,False
5970,8,33.0,2017,2020,3,1,280.3030303030303,True,False
5971,12,33.0,2006,2020,11,1,238.1818181818182,True,False
5972,8,33.0,2019,2020,11,1,339.7878787878788,True,False
5973,8,33.0,1970,2020,9,1,165.15151515151516,True,False
5974,8,33.0,2008,2020,11,1,279.8787878787879,True,False
5975,8,33.0,2019,2020,7,1,181.8181818181818,True,False
5976,8,33.0,2011,2020,12,1,212.12121212121212,True,False
5977,8,33.0,2017,2020,12,1,291.90909090909093,True,False
5978,12,33.0,2017,2020,1,1,272.72727272727275,True,False
5979,8,33.0,2018,2020,7,1,318.1818181818182,True,False
5980,8,33.0,2017,2020,12,1,318.1818181818182,True,False
5981,8,33.0,2012,2020,5,1,204.54545454545453,True,False
5982,12,33.0,2012,2020,7,1,318.1818181818182,True,False
5983,8,33.0,2013,2020,12,1,329.3030303030303,True,False
5984,12,33.0,2007,2020,4,1,106.06060606060606,False,True
5985,8,33.0,2015,2020,6,1,151.5151515151515,False,True
5986,8,33.0,2019,2020,12,1,196.96969696969697,False,True
5987,8,33.0,2015,2020,7,1,121.21212121212122,False,True
5988,8,33.0,2010,2020,5,1,121.21212121212122,False,True
5989,12,33.0,2012,2020,5,1,136.36363636363637,False,True
5990,25,33.0,2015,2020,12,1,136.36363636363637,False,True
5991,8,33.05,2018,2020,3,1,272.31467473524964,True,False
5992,8,33.11,2015,2020,10,1,240.1087284808215,True,False
5993,12,33.3,2016,2020,12,1,114.11411411411413,True,False
5994,8,34.63,1989,2020,2,1,57.75339301183944,False,True
5995,8,35.0,2017,2020,3,1,285.7142857142857,True,False
5996,12,35.0,2003,2020,9,1,264.2857142857143,True,False
5997,8,35.0,2017,2020,12,1,333.34285714285716,True,False
5998,8,35.0,2017,2020,4,1,220.0,True,False
5999,8,35.0,2017,2020,4,1,315.7142857142857,True,False
6000,8,35.0,2015,2020,1,1,142.85714285714286,False,True
6001,8,36.0,2013,2020,2,1,320.8333333333333,True,False
6002,8,36.0,2017,2020,10,1,291.6666666666667,True,False
6003,8,36.0,2010,2020,4,1,138.88888888888889,False,True
6004,8,36.3,2019,2020,10,1,165.28925619834712,False,True
6005,8,37.0,2012,2020,7,1,135.13513513513513,False,True
6006,12,37.74,2018,2020,7,1,198.7281399046105,True,False
6007,12,37.79,1980,2020,1,1,165.38766869542206,True,False
6008,12,38.0,2016,2020,6,1,197.3684210526316,True,False
6009,8,39.0,1992,2020,6,1,153.84615384615384,True,False
6010,8,39.0,2018,2020,5,1,280.7692307692308,True,False
6011,8,39.0,2012,2020,11,1,168.02564102564102,True,False
6012,8,39.22,2017,2020,4,1,152.9831718510964,False,True
6013,12,39.6,2016,2020,6,1,252.5252525252525,True,False
6014,25,39.6,2015,2020,12,1,126.26262626262626,False,True
6015,12,39.66,2019,2020,2,1,138.67876954109934,False,True
6016,12,39.89,2003,2020,10,1,169.21534219102531,True,False
6017,12,39.89,2003,2020,10,1,169.21534219102531,True,False
6018,12,39.89,2003,2020,9,1,156.68087239909752,True,False
6019,8,40.0,2016,2020,6,1,293.75,True,False
6020,8,40.0,2008,2020,3,1,243.75,True,False
6021,8,40.0,2018,2020,5,1,268.75,True,False
6022,8,40.0,2016,2020,3,1,280.0,True,False
6023,8,40.0,2018,2020,11,1,209.575,True,False
6024,8,40.0,2018,2020,4,1,237.5,True,False
6025,8,40.0,2015,2020,6,1,125.0,False,True
6026,8,40.0,1979,2020,9,1,175.0,False,True
6027,8,40.0,2019,2020,7,1,162.5,False,True
6028,12,40.0,2014,2020,8,1,175.0,False,True
6029,8,40.0,2017,2020,2,1,125.0,False,True
6030,8,40.0,2017,2020,1,1,75.0,False,True
6031,8,40.26,2019,2020,4,1,136.6120218579235,False,True
6032,8,40.26,2019,2020,3,1,173.86984600099356,False,True
6033,8,42.97,2004,2020,3,1,198.97602978822434,True,False
6034,8,42.98,1986,2020,8,1,98.88320148906469,True,False
6035,8,44.0,1992,2020,12,1,143.9318181818182,True,False
6036,8,45.0,2006,2020,3,1,266.6666666666667,True,False
6037,12,45.0,2008,2020,6,1,161.11111111111111,True,False
6038,12,45.0,2006,2020,8,1,261.1111111111111,True,False
6039,8,45.0,2015,2020,1,1,256.6666666666667,True,False
6040,8,45.0,2001,2020,11,1,181.33333333333334,True,False
6041,8,45.0,2009,2020,3,1,233.33333333333334,True,False
6042,12,45.0,2009,2020,8,1,250.0,True,False
6043,8,45.15,2008,2020,10,1,99.66777408637874,False,True
6044,12,45.23,2019,2020,2,1,110.54609772275039,False,True
6045,8,46.02,2020,2020,11,1,173.83746197305518,False,True
6046,8,46.61,2011,2020,2,1,160.90967603518558,False,True
6047,8,47.87,2012,2020,4,1,114.8945059536244,False,True
6048,25,48.0,2015,2020,8,1,192.70833333333334,True,False
6049,8,49.0,2007,2020,2,1,147.9591836734694,True,False
6050,8,49.0,2010,2020,10,1,122.44897959183673,False,True
6051,12,49.5,1988,2020,8,1,155.55555555555554,True,False
6052,12,49.5,2003,2020,11,1,101.01010101010101,False,True
6053,12,49.5,2003,2020,11,1,101.01010101010101,False,True
6054,12,49.5,2017,2020,4,1,161.6161616161616,False,True
6055,12,49.5,2017,2020,6,1,161.6161616161616,False,True
6056,8,49.58,2019,2020,1,1,161.35538523598225,False,True
6057,8,49.95,2010,2020,9,1,155.15515515515514,True,False
6058,8,50.0,2007,2020,11,1,219.36,True,False
6059,8,50.0,2010,2020,2,1,185.0,True,False
6060,8,50.0,2015,2020,2,1,170.0,True,False
6061,8,50.0,2004,2020,10,1,170.0,True,False
6062,12,50.0,2013,2020,1,1,185.0,True,False
6063,8,50.0,2017,2020,10,1,215.0,True,False
6064,8,50.0,2002,2020,10,1,210.0,True,False
6065,12,50.0,2011,2020,2,1,165.0,True,False
6066,8,50.0,2018,2020,7,1,250.0,True,False
6067,8,50.0,2015,2020,4,1,110.0,True,False
6068,12,50.0,2011,2020,5,1,205.0,True,False
6069,12,50.0,2015,2020,10,1,206.0,True,False
6070,12,50.0,2016,2020,3,1,185.0,True,False
6071,12,50.0,2017,2020,12,1,160.0,False,True
6072,8,50.0,2016,2020,4,1,170.0,False,True
6073,8,50.0,2007,2020,4,1,110.0,False,True
6074,12,50.0,2016,2020,9,1,140.0,False,True
6075,12,50.0,2016,2020,9,1,140.0,False,True
6076,12,50.86,2011,2020,10,1,157.294534014943,False,True
6077,8,51.0,2011,2020,3,1,156.86274509803923,False,True
6078,12,51.14,1978,2020,8,1,117.32499022291748,False,True
6079,12,51.14,1978,2020,8,1,117.32499022291748,False,True
6080,12,51.45,2013,2020,7,1,87.28862973760933,True,False
6081,8,52.0,2004,2020,6,1,76.92307692307692,False,True
6082,8,52.9,2014,2020,6,1,218.33648393194707,True,False
6083,12,53.0,1996,2020,5,1,155.66037735849056,True,False
6084,8,53.0,2008,2020,1,1,132.0754716981132,False,True
6085,8,53.0,2009,2020,9,1,150.9433962264151,False,True
6086,8,53.0,2009,2020,9,1,132.0754716981132,False,True
6087,12,54.0,2010,2020,5,1,166.66666666666666,False,True
6088,12,54.0,2019,2020,7,1,129.62962962962962,False,True
6089,12,54.3,2003,2020,5,1,92.08103130755065,False,True
6090,12,55.0,2002,2020,9,1,169.0909090909091,True,False
6091,12,55.0,2019,2020,11,1,212.38181818181818,True,False
6092,8,55.0,2018,2020,3,1,209.0909090909091,True,False
6093,8,55.0,2018,2020,2,1,234.54545454545453,True,False
6094,8,55.0,2010,2020,10,1,177.27272727272728,True,False
6095,12,55.0,2019,2020,2,1,200.0,True,False
6096,12,55.0,2017,2020,1,1,281.8181818181818,True,False
6097,8,55.0,2007,2020,12,1,203.03636363636363,True,False
6098,12,55.0,2017,2020,9,1,322.72727272727275,True,False
6099,8,55.0,2004,2020,4,1,168.1818181818182,True,False
6100,8,55.0,2011,2020,6,1,109.0909090909091,False,True
6101,8,55.0,2020,2020,11,1,145.45454545454547,False,True
6102,8,55.0,2015,2020,6,1,118.18181818181819,False,True
6103,8,55.0,2011,2020,1,1,154.54545454545453,False,True
6104,8,55.0,2007,2020,1,1,109.0909090909091,False,True
6105,12,55.43,2004,2020,11,1,87.84051957423777,True,False
6106,12,55.45,2014,2020,5,1,180.34265103697024,True,False
6107,12,56.0,2017,2020,3,1,196.42857142857142,True,False
6108,12,56.0,2003,2020,10,1,120.53571428571429,True,False
6109,8,56.0,1988,2020,7,1,151.78571428571428,True,False
6110,8,56.0,2011,2020,4,1,174.10714285714286,True,False
6111,12,56.0,2017,2020,10,1,160.71428571428572,False,True
6112,12,56.1,1994,2020,7,1,178.25311942959001,True,False
6113,8,56.1,2007,2020,6,1,106.95187165775401,False,True
6114,8,56.1,2013,2020,12,1,124.77718360071302,False,True
6115,8,56.2,2004,2020,8,1,177.9359430604982,True,False
6116,8,56.26,2016,2020,11,1,159.97156061144685,False,True
6117,8,56.44,2017,2020,10,1,68.95818568391212,True,False
6118,12,57.0,1991,2020,1,1,158.7719298245614,True,False
6119,12,57.0,2010,2020,6,1,157.89473684210526,False,True
6120,8,57.08,2017,2020,6,1,148.9138051857043,False,True
6121,8,57.23,2017,2020,4,1,110.85095229774595,True,False
6122,8,57.7,2011,2020,4,1,190.64124783362217,True,False
6123,8,57.8,2018,2020,9,1,155.70934256055364,False,True
6124,8,58.0,2008,2020,8,1,120.6896551724138,False,True
6125,8,58.6,2005,2020,9,1,119.45392491467577,False,True
6126,12,58.8,2015,2020,2,1,136.0544217687075,False,True
6127,8,58.84,2011,2020,11,1,205.74439157036028,True,False
6128,8,59.0,2016,2020,7,1,194.91525423728814,True,False
6129,12,59.0,2016,2020,10,1,174.57627118644066,True,False
6130,12,59.0,2016,2020,8,1,118.64406779661017,False,True
6131,8,59.0,2008,2020,11,1,101.69491525423729,False,True
6132,8,59.0,2011,2020,2,1,127.11864406779661,False,True
6133,12,59.14,2016,2020,6,1,202.90835306053432,True,False
6134,8,59.26,2011,2020,5,1,101.24873439082012,False,True
6135,8,59.4,2014,2020,10,1,164.14141414141415,True,False
6136,8,59.4,2014,2020,3,1,159.93265993265993,True,False
6137,12,59.4,2019,2020,12,1,126.26262626262627,False,True
6138,12,59.4,2004,2020,8,1,101.01010101010101,False,True
6139,12,59.5,1994,2020,1,1,113.4453781512605,True,False
6140,12,59.91,2008,2020,3,1,125.18778167250878,False,True
6141,12,60.0,2017,2020,10,1,225.0,True,False
6142,12,60.0,2016,2020,6,1,137.5,True,False
6143,12,60.0,2017,2020,12,1,261.1166666666667,True,False
6144,12,60.0,2017,2020,12,1,261.1166666666667,True,False
6145,12,60.0,2016,2020,1,1,245.83333333333334,True,False
6146,8,60.0,1979,2020,3,1,85.0,True,False
6147,8,60.0,2011,2020,3,1,120.83333333333333,True,False
6148,8,60.0,2013,2020,1,1,195.83333333333334,True,False
6149,12,60.0,2008,2020,5,1,116.66666666666667,False,True
6150,12,60.0,2008,2020,5,1,116.66666666666667,False,True
6151,8,60.0,2018,2020,9,1,136.66666666666666,False,True
6152,8,60.0,2018,2020,8,1,150.0,False,True
6153,8,60.0,2018,2020,7,1,150.0,False,True
6154,8,60.0,2006,2020,2,1,100.0,False,True
6155,8,60.0,1977,2020,11,1,116.66666666666667,False,True
6156,8,60.0,2018,2020,10,1,130.0,False,True
6157,8,60.0,2019,2020,1,1,116.66666666666667,False,True
6158,8,60.0,2019,2020,1,1,116.66666666666667,False,True
6159,8,60.0,2019,2020,1,1,116.66666666666667,False,True
6160,8,60.0,1977,2020,11,1,116.66666666666667,False,True
6161,12,61.6,1995,2020,12,1,224.5616883116883,True,False
6162,8,61.72,2010,2020,9,1,121.51652624756967,True,False
6163,8,62.0,2016,2020,4,1,169.3548387096774,True,False
6164,8,62.0,2018,2020,5,1,112.90322580645162,False,True
6165,8,63.26,2004,2020,7,1,94.84666455896301,False,True
6166,8,64.0,1979,2020,2,1,140.625,False,True
6167,12,64.3,1999,2020,4,1,132.19284603421463,True,False
6168,8,65.0,2005,2020,3,1,146.15384615384616,True,False
6169,8,65.0,1979,2020,6,1,138.46153846153845,True,False
6170,8,65.0,2015,2020,1,1,107.6923076923077,False,True
6171,8,65.0,2018,2020,6,1,107.6923076923077,False,True
6172,12,66.0,2013,2020,11,1,142.96969696969697,True,False
6173,8,66.0,2009,2020,4,1,132.57575757575756,True,False
6174,12,66.0,1979,2020,10,1,189.3939393939394,True,False
6175,8,66.0,2007,2020,12,1,90.9090909090909,False,True
6176,12,66.0,2007,2020,12,1,90.9090909090909,False,True
6177,8,66.11,1985,2020,3,1,192.86038420813796,True,False
6178,12,66.29,1988,2020,7,1,109.36792879770704,True,False
6179,8,67.0,2011,2020,10,1,126.86567164179104,True,False
6180,8,68.0,1998,2020,6,1,136.02941176470588,True,False
6181,8,68.0,2006,2020,4,1,117.6470588235294,False,True
6182,8,68.0,2006,2020,4,1,117.6470588235294,False,True
6183,8,68.22,1977,2020,1,1,139.25535033714453,True,False
6184,8,68.22,1977,2020,1,1,139.25535033714453,True,False
6185,12,69.42,2004,2020,5,1,100.83549409392106,False,True
6186,8,69.73,2019,2020,1,1,71.70514842965724,False,True
6187,12,69.73,2019,2020,9,1,100.38720780152015,False,True
6188,8,70.2,1990,2020,8,1,142.45014245014244,False,True
6189,8,71.0,1992,2020,6,1,73.94366197183099,True,False
6190,8,72.6,2006,2020,3,1,110.19283746556475,False,True
6191,8,72.6,2006,2020,3,1,110.19283746556475,False,True
6192,8,72.72,2019,2020,2,1,82.50825082508251,True,False
6193,8,73.8,2005,2020,11,1,108.40108401084011,False,True
6194,8,74.19,1995,2020,5,1,165.11659253268635,True,False
6195,8,74.88,2011,2020,2,1,104.16666666666667,True,False
6196,8,75.36,2011,2020,11,1,128.18471337579618,True,False
6197,8,75.52,1986,2020,11,1,158.89830508474577,False,True
6198,12,76.26,2019,2020,7,1,131.13034356150013,True,False
6199,8,78.33,2009,2020,1,1,150.0063832503511,True,False
6200,8,78.68,1975,2020,1,1,69.90340620233859,True,False
6201,12,78.8,2015,2020,2,1,190.35532994923858,True,False
6202,8,79.0,1988,2020,3,1,132.91139240506328,True,False
6203,8,79.3,1979,2020,1,1,116.64564943253468,True,False
6204,8,79.52,1992,2020,12,1,129.94215291750504,True,False
6205,8,80.3,2018,2020,3,1,161.89290161892902,False,True
6206,8,80.3,2018,2020,3,1,136.986301369863,False,True
6207,8,80.3,2018,2020,3,1,136.986301369863,False,True
6208,8,80.3,2018,2020,2,1,149.43960149439602,False,True
6209,8,80.3,2018,2020,3,1,124.53300124533001,False,True
6210,8,80.59,1986,2020,10,1,102.99044546469784,False,True
6211,8,80.75,2017,2020,4,1,93.51083591331269,True,False
6212,8,80.94,2009,2020,1,1,114.28218433407463,True,False
6213,8,81.71,1992,2020,1,1,85.66882878472647,False,True
6214,12,82.0,2004,2020,4,1,97.5609756097561,False,True
6215,8,82.31,1979,2020,11,1,93.47588385372373,True,False
6216,12,83.0,2004,2020,5,1,132.53012048192772,True,False
6217,8,83.15,2008,2020,5,1,144.3174984966927,True,False
6218,8,83.26,2008,2020,12,1,108.0951237088638,False,True
6219,8,83.54,2011,2020,6,1,167.5843907110366,False,True
6220,8,84.0,1997,2020,9,1,113.0952380952381,True,False
6221,8,84.0,2015,2020,10,1,119.04761904761905,False,True
6222,8,84.0,2018,2020,10,1,142.85714285714286,False,True
6223,12,84.78,2016,2020,4,1,179.8773295588582,True,False
6224,8,84.84,2020,2020,10,1,153.22960867515323,False,True
6225,8,87.26,2004,2020,7,1,114.60004584001832,False,True
6226,12,89.04,1994,2020,3,1,120.73225516621743,True,False
6227,12,89.04,1994,2020,3,1,190.92542677448336,True,False
6228,8,90.0,2009,2020,7,1,125.0,True,False
6229,8,91.32,2011,2020,12,1,171.56154183092423,True,False
6230,12,94.05,2002,2020,9,1,124.93354598617756,True,False
6231,8,96.69,2008,2020,7,1,173.23404695418347,True,False
6232,8,97.9,2013,2020,10,1,122.57405515832481,True,False
6233,8,98.34,2013,2020,11,1,115.75147447630668,True,False
6234,12,99.9,2015,2020,1,1,130.1301301301301,True,False
6235,8,100.0,2018,2020,1,1,180.0,True,False
6236,8,100.06,2018,2020,10,1,129.92204677193683,False,True
6237,8,101.64,2019,2020,3,1,177.0956316410862,True,False
6238,12,103.5,1981,2020,2,1,106.28019323671498,True,False
6239,8,105.88,2015,2020,9,1,94.44654325651682,False,True
6240,8,106.95,2006,2020,5,1,133.23983169705468,True,False
6241,8,106.95,2006,2020,5,1,133.23983169705468,True,False
6242,8,111.93,2009,2020,11,1,92.76333422674885,True,False
6243,12,112.0,2016,2020,9,1,89.28571428571429,False,True
6244,12,112.0,2016,2020,9,1,89.28571428571429,False,True
6245,8,117.23,2014,2020,12,1,93.83263669709119,False,True
6246,12,132.0,2003,2020,9,1,47.34848484848485,True,False
6247,12,132.91,2012,2020,9,1,56.850500338574975,True,False
6248,8,149.87,1984,2020,10,1,46.707146193367585,True,False
6249,8,151.42,2012,2020,10,1,68.02271826707172,True,False
6250,12,18.0,2018,2020,3,1,525.0,True,False
6251,12,19.0,2012,2020,3,1,423.6842105263158,True,False
6252,12,19.4,2015,2020,2,1,301.54639175257734,True,False
6253,12,19.8,2003,2020,1,1,277.77777777777777,True,False
6254,12,19.83,2019,2020,2,1,466.46495209278874,True,False
6255,12,19.83,1991,2020,2,1,466.46495209278874,True,False
6256,25,19.83,2014,2020,4,1,388.3005547150782,True,False
6257,12,19.83,2001,2020,1,1,355.5219364599093,True,False
6258,12,19.83,2018,2020,3,1,365.6076651538074,True,False
6259,12,20.0,2001,2020,12,1,271.65,True,False
6260,8,20.0,1987,2020,2,1,452.5,True,False
6261,12,23.0,2002,2020,3,1,21.73913043478261,False,True
6262,12,23.1,2018,2020,8,1,354.97835497835496,True,False
6263,12,24.0,2016,2020,3,1,375.0,True,False
6264,25,25.0,2001,2020,4,1,248.0,True,False
6265,8,25.0,2009,2020,3,1,312.0,True,False
6266,12,25.0,2016,2020,3,1,390.0,True,False
6267,12,25.55,2008,2020,1,1,256.3600782778865,True,False
6268,8,26.4,2008,2020,12,1,151.51515151515153,True,False
6269,12,28.0,2017,2020,12,1,303.57142857142856,True,False
6270,8,28.0,2016,2020,10,1,375.0,True,False
6271,12,28.0,2018,2020,2,1,314.2857142857143,True,False
6272,8,28.23,2018,2020,2,1,354.23308537017357,True,False
6273,12,28.37,2011,2020,2,1,140.99400775467043,False,True
6274,12,28.37,2011,2020,1,1,140.99400775467043,False,True
6275,12,30.0,2012,2020,8,1,208.33333333333334,True,False
6276,12,30.0,2008,2020,10,1,173.33333333333334,True,False
6277,12,30.0,2018,2020,5,1,308.3333333333333,True,False
6278,12,30.0,2010,2020,1,1,256.6666666666667,True,False
6279,25,30.0,2001,2020,1,1,276.6666666666667,True,False
6280,8,30.0,2016,2020,6,1,300.0,True,False
6281,25,30.0,2012,2020,1,1,240.0,True,False
6282,12,30.0,2010,2020,2,1,283.3333333333333,True,False
6283,12,30.0,2010,2020,8,1,256.6666666666667,True,False
6284,12,30.0,2013,2020,4,1,273.3333333333333,True,False
6285,12,30.3,2011,2020,9,1,189.76897689768975,True,False
6286,8,31.0,2009,2020,11,1,230.25806451612902,True,False
6287,12,31.0,2015,2020,8,1,161.29032258064515,False,True
6288,8,32.28,1985,2020,1,1,164.18835192069392,True,False
6289,12,33.0,2017,2020,9,1,236.36363636363637,True,False
6290,25,33.0,2012,2020,8,1,272.72727272727275,True,False
6291,12,33.0,2018,2020,12,1,297.969696969697,True,False
6292,12,33.0,2011,2020,6,1,157.57575757575756,True,False
6293,8,33.0,2016,2020,6,1,280.3030303030303,True,False
6294,8,33.0,2014,2020,5,1,189.3939393939394,True,False
6295,8,33.0,2014,2020,5,1,189.3939393939394,True,False
6296,12,33.0,2017,2020,8,1,310.6060606060606,True,False
6297,25,33.0,2009,2020,7,1,157.57575757575756,True,False
6298,12,33.0,2010,2020,2,1,266.6666666666667,True,False
6299,12,33.0,2018,2020,3,1,265.1515151515151,True,False
6300,12,33.0,2010,2020,1,1,257.57575757575756,True,False
6301,12,33.0,2017,2020,2,1,257.57575757575756,True,False
6302,8,33.0,2008,2020,2,1,280.3030303030303,True,False
6303,8,33.0,2018,2020,7,1,227.27272727272728,True,False
6304,12,33.0,2012,2020,12,1,275.75757575757575,True,False
6305,12,33.0,2016,2020,3,1,287.8787878787879,True,False
6306,12,33.0,2015,2020,2,1,303.030303030303,True,False
6307,12,33.0,2011,2020,10,1,198.4848484848485,True,False
6308,12,33.0,2018,2020,4,1,256.06060606060606,True,False
6309,12,33.0,2005,2020,3,1,310.6060606060606,True,False
6310,8,33.0,2006,2020,10,1,136.36363636363637,False,True
6311,8,33.0,2016,2020,1,1,136.36363636363637,False,True
6312,8,33.0,2006,2020,9,1,136.36363636363637,False,True
6313,12,33.0,2017,2020,9,1,181.8181818181818,False,True
6314,8,33.0,2018,2020,3,1,166.66666666666666,False,True
6315,8,33.1,2008,2020,10,1,181.26888217522657,True,False
6316,8,33.1,2008,2020,4,1,158.61027190332325,True,False
6317,8,33.38,2006,2020,2,1,134.81126423007788,False,True
6318,8,33.38,2006,2020,1,1,119.83223487118033,False,True
6319,8,33.38,2006,2020,8,1,134.81126423007788,False,True
6320,8,34.54,2018,2020,10,1,254.77707006369428,True,False
6321,8,35.0,2006,2020,3,1,257.14285714285717,False,True
6322,12,36.0,2010,2020,5,1,236.11111111111111,True,False
6323,12,36.3,2017,2020,12,1,174.46280991735537,True,False
6324,8,37.0,2013,2020,6,1,155.40540540540542,True,False
6325,8,37.25,2014,2020,12,1,285.4496644295302,True,False
6326,12,38.7,2011,2020,7,1,258.39793281653743,True,False
6327,12,38.7,2012,2020,4,1,213.1782945736434,True,False
6328,12,39.6,2010,2020,12,1,163.3080808080808,True,False
6329,12,40.0,1985,2020,7,1,250.0,True,False
6330,12,40.0,2017,2020,4,1,218.75,True,False
6331,12,40.0,2013,2020,12,1,240.825,True,False
6332,12,42.46,2016,2020,4,1,200.18841262364577,True,False
6333,12,42.97,2010,2020,5,1,255.99255294391438,True,False
6334,12,42.97,2016,2020,5,1,314.1726786129858,True,False
6335,12,45.36,1991,2020,2,1,33.06878306878307,False,True
6336,8,45.8,2008,2020,3,1,152.83842794759826,False,True
6337,12,46.28,2010,2020,2,1,221.47796024200517,True,False
6338,12,46.28,2011,2020,4,1,183.66464995678479,True,False
6339,12,47.27,1979,2020,8,1,163.9517664480643,True,False
6340,12,48.0,2012,2020,4,1,171.875,True,False
6341,12,48.23,2012,2020,1,1,124.40389798880366,False,True
6342,12,48.6,2011,2020,9,1,174.89711934156378,True,False
6343,12,48.6,2011,2020,9,1,174.89711934156378,True,False
6344,12,48.66,1977,2020,1,1,82.20304151253598,False,True
6345,12,49.0,2011,2020,7,1,213.26530612244898,True,False
6346,25,49.5,1989,2020,2,1,242.42424242424244,True,False
6347,12,49.5,2017,2020,6,1,222.22222222222223,True,False
6348,8,49.57,2018,2020,2,1,206.77829332257414,True,False
6349,8,50.0,2008,2020,4,1,145.0,True,False
6350,12,50.0,2017,2020,8,1,185.0,True,False
6351,12,50.0,2012,2020,12,1,222.66,True,False
6352,12,50.0,2010,2020,2,1,225.0,True,False
6353,12,50.0,2007,2020,6,1,135.0,True,False
6354,12,50.0,2011,2020,2,1,160.0,False,True
6355,8,50.0,2016,2020,7,1,180.0,False,True
6356,12,51.16,2017,2020,2,1,151.48553557466772,True,False
6357,12,51.16,2017,2020,2,1,151.48553557466772,True,False
6358,12,52.0,2013,2020,8,1,115.38461538461539,False,True
6359,8,52.0,2006,2020,1,1,115.38461538461539,False,True
6360,8,52.8,2018,2020,5,1,179.92424242424244,True,False
6361,8,52.94,1993,2020,8,1,94.44654325651682,False,True
6362,12,53.0,1994,2020,1,1,80.18867924528301,True,False
6363,12,54.0,2012,2020,12,1,111.11111111111111,False,True
6364,12,54.45,2008,2020,5,1,128.5583103764922,False,True
6365,12,54.68,2010,2020,7,1,192.0263350402341,True,False
6366,12,55.0,2013,2020,1,1,181.8181818181818,True,False
6367,8,55.0,2019,2020,1,1,281.8181818181818,True,False
6368,12,55.0,1974,2020,5,1,227.27272727272728,True,False
6369,8,55.36,2011,2020,11,1,193.51517341040463,True,False
6370,12,56.1,2016,2020,1,1,240.6417112299465,True,False
6371,12,56.2,2003,2020,6,1,204.62633451957294,True,False
6372,8,56.82,2018,2020,3,1,145.19535374868005,True,False
6373,8,57.25,2014,2020,12,1,163.02183406113537,True,False
6374,8,58.0,2016,2020,2,1,146.55172413793105,False,True
6375,12,58.51,1988,2020,1,1,94.00102546573235,True,False
6376,12,59.0,2004,2020,11,1,180.67796610169492,True,False
6377,12,59.0,2004,2020,1,1,186.4406779661017,True,False
6378,12,59.0,2016,2020,12,1,214.6949152542373,True,False
6379,12,59.0,2016,2020,12,1,169.4915254237288,False,True
6380,8,59.5,2016,2020,6,1,134.45378151260505,False,True
6381,8,59.76,2018,2020,4,1,150.60240963855424,False,True
6382,12,60.0,2012,2020,12,1,147.21666666666667,True,False
6383,12,60.0,1996,2020,10,1,183.33333333333334,True,False
6384,12,60.0,2003,2020,10,1,83.33333333333333,False,True
6385,12,60.0,2003,2020,4,1,83.33333333333333,False,True
6386,12,63.42,1996,2020,4,1,130.08514664143803,True,False
6387,12,64.35,2013,2020,12,1,158.50815850815852,True,False
6388,8,64.62,1996,2020,10,1,112.19436706901887,True,False
6389,12,66.0,2012,2020,10,1,128.78787878787878,True,False
6390,25,66.0,1986,2020,1,1,159.0909090909091,True,False
6391,12,66.0,2006,2020,7,1,102.27272727272727,True,False
6392,12,66.0,2011,2020,6,1,151.5151515151515,True,False
6393,8,66.0,2005,2020,4,1,166.66666666666666,False,True
6394,12,66.0,1994,2020,11,1,45.45454545454545,False,True
6395,8,67.72,1996,2020,6,1,73.83343177790904,True,False
6396,8,69.31,1996,2020,2,1,133.45837541480304,True,False
6397,8,69.4,1996,2020,8,1,111.671469740634,True,False
6398,12,70.0,2013,2020,12,1,197.61428571428573,True,False
6399,8,70.76,2018,2020,8,1,169.58733747880157,False,True
6400,12,70.98,1995,2020,4,1,73.26007326007326,False,True
6401,8,76.09,1991,2020,9,1,124.19503219871204,True,False
6402,8,77.82,1978,2020,6,1,128.5016705217168,False,True
6403,12,79.33,2018,2020,1,1,179.62939619311737,True,False
6404,12,79.33,2018,2020,12,1,210.0970629018026,True,False
6405,8,83.26,2018,2020,11,1,144.1268316118184,False,True
6406,8,85.0,2005,2020,4,1,170.58823529411765,True,False
6407,12,90.4,1994,2020,9,1,74.66814159292035,True,False
6408,8,93.84,1992,2020,8,1,85.25149190110827,True,False
6409,12,95.8,1987,2020,6,1,135.69937369519835,False,True
6410,12,95.8,1987,2020,6,1,135.69937369519835,False,True
6411,8,96.35,2011,2020,4,1,181.62947586922678,True,False
6412,8,96.8,1991,2020,9,1,77.47933884297521,True,False
6413,8,96.8,1991,2020,3,1,98.14049586776859,True,False
6414,12,98.33,2012,2020,2,1,122.03803518763348,False,True
6415,8,99.0,2017,2020,1,1,179.2929292929293,True,False
6416,12,100.0,2017,2020,9,1,205.0,True,False
6417,12,100.0,1987,2020,10,1,92.5,True,False
6418,25,113.43,2001,2020,3,1,123.42413823503482,True,False
6419,25,119.8,1990,2020,1,1,116.86143572621036,True,False
6420,8,152.94,1996,2020,8,1,20.596312279325225,False,True
6421,8,156.68,2014,2020,1,1,84.5672708705642,True,False
6422,8,18.8,2018,2020,1,1,239.36170212765956,False,True
6423,12,23.0,2012,2020,7,1,152.17391304347825,False,True
6424,8,24.6,2018,2020,3,1,162.60162601626016,False,True
6425,8,25.0,2019,2020,9,1,370.0,True,False
6426,8,25.0,2011,2020,10,1,310.0,True,False
6427,12,25.0,2012,2020,3,1,160.0,False,True
6428,12,25.96,2018,2020,12,1,130.97072419106317,True,False
6429,8,26.0,2010,2020,6,1,115.38461538461539,False,True
6430,12,26.05,2012,2020,5,1,299.4241842610365,True,False
6431,8,26.4,2010,2020,8,1,132.5757575757576,False,True
6432,12,27.0,2015,2020,4,1,231.4814814814815,True,False
6433,8,27.5,2018,2020,1,1,145.45454545454547,False,True
6434,8,27.5,2018,2020,1,1,145.45454545454547,False,True
6435,12,28.0,2012,2020,10,1,169.64285714285714,True,False
6436,12,29.75,2012,2020,2,1,253.78151260504202,True,False
6437,12,29.75,2015,2020,2,1,168.0672268907563,False,True
6438,8,30.0,2019,2020,2,1,208.33333333333334,True,False
6439,8,30.0,2009,2020,10,1,183.33333333333334,True,False
6440,8,30.0,2011,2020,6,1,218.33333333333334,True,False
6441,8,30.0,2011,2020,6,1,183.33333333333334,True,False
6442,12,30.0,2011,2020,9,1,158.33333333333334,True,False
6443,12,30.0,2019,2020,9,1,350.0,True,False
6444,8,30.0,1978,2020,5,1,300.0,True,False
6445,8,30.0,2010,2020,11,1,262.76666666666665,True,False
6446,8,30.0,2017,2020,1,1,281.6666666666667,True,False
6447,8,30.0,2018,2020,12,1,150.0,False,True
6448,8,30.0,2018,2020,12,1,150.0,False,True
6449,12,30.0,2012,2020,12,1,116.66666666666667,False,True
6450,8,30.0,2015,2020,11,1,116.66666666666667,False,True
6451,8,33.0,2009,2020,2,1,151.5151515151515,True,False
6452,12,33.0,2011,2020,2,1,181.8181818181818,True,False
6453,12,33.0,2017,2020,3,1,295.45454545454544,True,False
6454,12,33.0,2018,2020,4,1,356.06060606060606,True,False
6455,8,33.0,2017,2020,2,1,198.4848484848485,True,False
6456,12,33.0,2015,2020,11,1,277.24242424242425,True,False
6457,12,33.0,2015,2020,11,1,277.24242424242425,True,False
6458,12,33.0,2017,2020,3,1,204.54545454545453,True,False
6459,8,33.0,2017,2020,11,1,198.57575757575756,True,False
6460,12,33.0,1975,2020,10,1,213.63636363636363,True,False
6461,8,33.0,2018,2020,7,1,136.36363636363637,False,True
6462,12,33.0,2012,2020,5,1,151.5151515151515,False,True
6463,8,33.0,2014,2020,10,1,121.21212121212122,False,True
6464,8,33.0,2013,2020,8,1,151.5151515151515,False,True
6465,12,33.0,2013,2020,4,1,151.5151515151515,False,True
6466,8,33.0,2018,2020,7,1,130.3030303030303,False,True
6467,8,33.0,2015,2020,12,1,136.36363636363637,False,True
6468,12,34.33,1980,2020,8,1,269.4436353043985,True,False
6469,12,34.33,1980,2020,3,1,269.4436353043985,True,False
6470,8,35.0,2018,2020,1,1,255.71428571428572,True,False
6471,12,35.0,2011,2020,9,1,228.57142857142858,True,False
6472,8,35.0,2019,2020,1,1,330.0,True,False
6473,12,35.0,2018,2020,8,1,305.7142857142857,True,False
6474,8,35.0,2016,2020,2,1,208.57142857142858,False,True
6475,12,36.0,2011,2020,5,1,138.88888888888889,False,True
6476,8,36.69,2018,2020,8,1,163.5322976287817,False,True
6477,12,37.8,2020,2020,9,1,158.73015873015873,False,True
6478,12,40.0,2018,2020,9,1,231.25,True,False
6479,12,40.0,2012,2020,1,1,162.5,True,False
6480,8,40.0,2018,2020,1,1,257.5,True,False
6481,8,40.0,2019,2020,8,1,237.5,True,False
6482,8,40.0,2011,2020,12,1,250.0,True,False
6483,12,40.0,2019,2020,1,1,275.0,True,False
6484,12,40.0,2019,2020,1,1,293.75,True,False
6485,8,40.0,2016,2020,5,1,225.0,False,True
6486,8,40.0,2016,2020,8,1,150.0,False,True
6487,8,40.0,2016,2020,11,1,150.0,False,True
6488,8,40.0,2019,2020,3,1,137.5,False,True
6489,8,40.68,2019,2020,11,1,224.58210422812192,True,False
6490,8,41.31,1995,2020,8,1,188.8162672476398,True,False
6491,8,41.42,1979,2020,2,1,175.03621438918395,True,False
6492,12,42.0,2017,2020,4,1,178.57142857142858,True,False
6493,8,42.9,1978,2020,3,1,139.86013986013987,True,False
6494,8,42.9,2013,2020,12,1,240.86247086247087,True,False
6495,8,44.99,1979,2020,6,1,183.37408312958433,True,False
6496,8,45.0,2010,2020,4,1,233.33333333333334,True,False
6497,12,45.0,2004,2020,3,1,233.33333333333334,True,False
6498,12,45.0,2016,2020,7,1,187.77777777777777,True,False
6499,12,45.0,2019,2020,2,1,262.22222222222223,True,False
6500,12,45.19,2012,2020,3,1,232.35229032971898,True,False
6501,12,46.0,2012,2020,1,1,222.82608695652175,True,False
6502,12,46.08,2012,2020,12,1,188.0859375,True,False
6503,8,46.62,2015,2020,2,1,160.87516087516087,False,True
6504,8,47.0,2013,2020,1,1,234.04255319148936,True,False
6505,12,48.18,2007,2020,8,1,145.28850145288501,False,True
6506,12,49.0,2004,2020,4,1,168.3673469387755,True,False
6507,12,49.14,2020,2020,9,1,228.93772893772893,True,False
6508,12,49.14,2020,2020,9,1,162.8001628001628,False,True
6509,12,49.14,2020,2020,9,1,162.8001628001628,False,True
6510,12,49.58,2012,2020,9,1,215.81282775312627,True,False
6511,12,49.58,2013,2020,6,1,191.60951996772894,True,False
6512,8,49.58,1999,2020,2,1,146.22831787010892,True,False
6513,12,50.0,2004,2020,6,1,181.0,True,False
6514,12,50.0,2012,2020,12,1,220.0,True,False
6515,12,50.0,2018,2020,5,1,290.0,True,False
6516,12,50.0,2018,2020,8,1,260.0,True,False
6517,12,50.0,2012,2020,9,1,235.0,True,False
6518,12,50.0,2004,2020,3,1,190.0,True,False
6519,12,50.0,2018,2020,3,1,145.0,True,False
6520,12,50.0,2004,2020,11,1,193.2,True,False
6521,12,50.0,2012,2020,10,1,165.0,True,False
6522,8,50.0,2018,2020,1,1,120.0,False,True
6523,8,50.0,2013,2020,7,1,130.0,False,True
6524,12,50.0,2017,2020,12,1,120.0,False,True
6525,12,50.0,2020,2020,9,1,110.0,False,True
6526,8,50.0,2018,2020,11,1,100.0,False,True
6527,12,50.06,2011,2020,4,1,194.76628046344385,True,False
6528,12,50.06,2011,2020,3,1,149.82021574111067,False,True
6529,12,50.09,1992,2020,1,1,29.94609702535436,False,True
6530,8,52.0,2015,2020,6,1,153.84615384615384,False,True
6531,12,52.22,2019,2020,3,1,239.37188816545387,True,False
6532,12,54.45,2018,2020,4,1,224.97704315886133,True,False
6533,8,55.0,2019,2020,3,1,236.36363636363637,True,False
6534,12,55.0,2004,2020,2,1,224.54545454545453,True,False
6535,8,55.0,2017,2020,9,1,177.27272727272728,True,False
6536,12,55.0,2018,2020,11,1,234.03636363636363,True,False
6537,12,55.0,2004,2020,6,1,118.18181818181819,False,True
6538,8,55.0,2011,2020,1,1,145.45454545454547,False,True
6539,12,56.0,2018,2020,10,1,160.71428571428572,False,True
6540,12,56.0,2020,2020,10,1,89.28571428571429,False,True
6541,8,56.1,2018,2020,7,1,160.42780748663102,False,True
6542,12,56.53,1978,2020,1,1,159.20750044224306,True,False
6543,8,56.89,1998,2020,9,1,114.25558094568466,False,True
6544,12,58.0,2016,2020,2,1,206.89655172413794,True,False
6545,12,59.55,2020,2020,9,1,151.13350125944586,False,True
6546,12,59.55,2020,2020,9,1,151.13350125944586,False,True
6547,12,60.0,2018,2020,10,1,200.0,True,False
6548,12,60.0,2019,2020,1,1,162.5,True,False
6549,8,60.0,2018,2020,11,1,189.71666666666667,True,False
6550,12,60.0,2011,2020,10,1,116.66666666666667,False,True
6551,8,60.0,1975,2020,11,1,141.66666666666666,False,True
6552,12,60.0,2020,2020,9,1,150.0,False,True
6553,8,64.83,1987,2020,10,1,142.68085762764153,True,False
6554,25,65.0,2016,2020,4,1,196.15384615384616,True,False
6555,12,65.0,2013,2020,10,1,184.6153846153846,True,False
6556,12,65.49,2018,2020,4,1,156.51244464803787,True,False
6557,8,66.0,1992,2020,10,1,45.45454545454545,False,True
6558,8,66.0,1992,2020,9,1,45.45454545454545,False,True
6559,8,66.0,1992,2020,9,1,45.45454545454545,False,True
6560,8,66.0,1996,2020,6,1,113.63636363636364,False,True
6561,12,72.8,1994,2020,12,1,91.57967032967034,True,False
6562,12,75.5,2012,2020,1,1,129.13907284768212,True,False
6563,12,75.9,1988,2020,11,1,46.113306982872196,False,True
6564,8,76.38,2018,2020,10,1,170.20162346163917,False,True
6565,8,76.38,2018,2020,10,1,170.20162346163917,False,True
6566,25,77.99,1981,2020,2,1,118.6049493524811,True,False
6567,8,79.57,1978,2020,4,1,87.97285409073773,False,True
6568,12,79.58,2018,2020,12,1,196.87107313395325,True,False
6569,8,80.0,2012,2020,3,1,93.75,True,False
6570,12,80.0,2014,2020,8,1,171.875,True,False
6571,8,80.0,1992,2020,6,1,125.0,True,False
6572,12,83.22,2018,2020,12,1,132.17976447969238,False,True
6573,12,83.7,2014,2020,6,1,152.32974910394265,True,False
6574,12,92.72,1978,2020,5,1,94.37014667817084,True,False
6575,8,99.14,1987,2020,12,1,58.83598950978414,True,False
6576,12,100.33,2013,2020,3,1,179.40795375261638,True,False
6577,12,110.0,2017,2020,3,1,175.0,True,False
6578,8,121.26,2019,2020,5,1,140.19462312386608,True,False
6579,12,132.37,1997,2020,8,1,88.76633678325905,True,False
6580,12,137.7,2012,2020,4,1,108.93246187363836,True,False
6581,8,167.6,1978,2020,9,1,86.51551312649165,True,False
6582,8,28.0,2011,2020,3,1,275.0,True,False
6583,12,30.0,2009,2020,8,1,253.33333333333334,True,False
6584,12,13.0,2012,2020,3,1,850.0,True,False
6585,8,15.34,1987,2020,6,1,456.3233376792699,True,False
6586,12,16.52,2018,2020,12,1,544.7941888619855,True,False
6587,12,19.83,1994,2020,5,1,50.42864346949067,False,True
6588,12,19.83,2016,2020,2,1,252.14321734745337,False,True
6589,12,20.0,2001,2020,4,1,317.5,True,False
6590,12,20.0,2016,2020,1,1,412.5,True,False
6591,12,20.0,2018,2020,2,1,452.5,True,False
6592,8,20.0,1997,2020,2,1,425.0,True,False
6593,12,20.0,2011,2020,2,1,225.0,False,True
6594,12,23.14,2016,2020,7,1,445.1166810717372,True,False
6595,8,23.14,1997,2020,6,1,993.9498703543647,True,False
6596,12,23.14,2014,2020,1,1,388.93690579083835,True,False
6597,8,24.0,2001,2020,12,1,248.625,True,False
6598,8,24.5,2015,2020,12,1,353.7551020408163,True,False
6599,12,25.0,2001,2020,11,1,228.68,True,False
6600,12,25.0,2007,2020,2,1,362.0,True,False
6601,12,25.0,2001,2020,2,1,312.0,True,False
6602,8,25.0,2020,2020,8,1,350.0,True,False
6603,8,25.0,2010,2020,10,1,140.0,False,True
6604,12,25.97,2011,2020,11,1,211.7828263380824,False,True
6605,12,26.44,2010,2020,2,1,170.19667170953102,True,False
6606,12,27.0,2013,2020,2,1,351.85185185185185,True,False
6607,12,27.0,2018,2020,3,1,335.18518518518516,True,False
6608,12,28.0,2001,2020,4,1,226.78571428571428,True,False
6609,8,28.0,2007,2020,11,1,355.25,True,False
6610,12,28.0,2018,2020,12,1,344.0357142857143,True,False
6611,12,29.5,2013,2020,4,1,338.9830508474576,True,False
6612,8,29.75,2011,2020,2,1,260.5042016806723,True,False
6613,8,30.0,2010,2020,2,1,343.3333333333333,True,False
6614,12,30.0,2018,2020,2,1,433.3333333333333,True,False
6615,8,30.0,2010,2020,2,1,313.3333333333333,True,False
6616,12,30.0,2016,2020,8,1,333.3333333333333,True,False
6617,8,30.0,2017,2020,7,1,350.0,True,False
6618,12,30.0,2006,2020,6,1,241.66666666666666,True,False
6619,12,30.0,2012,2020,4,1,225.0,True,False
6620,8,30.0,2014,2020,9,1,260.0,True,False
6621,12,30.0,2008,2020,2,1,233.33333333333334,True,False
6622,8,30.0,1988,2020,3,1,66.66666666666667,False,True
6623,12,30.0,2003,2020,12,1,200.0,False,True
6624,8,30.0,2010,2020,1,1,133.33333333333334,False,True
6625,12,32.05,2006,2020,1,1,241.8096723868955,True,False
6626,12,32.05,2006,2020,1,1,288.6115444617785,True,False
6627,12,33.0,2018,2020,8,1,312.1212121212121,True,False
6628,12,33.0,2011,2020,6,1,268.1818181818182,True,False
6629,8,33.0,2010,2020,2,1,280.3030303030303,True,False
6630,12,33.0,2011,2020,1,1,257.57575757575756,True,False
6631,12,33.0,2014,2020,9,1,227.27272727272728,True,False
6632,8,33.0,2008,2020,10,1,309.09090909090907,True,False
6633,12,33.0,2016,2020,12,1,287.8787878787879,True,False
6634,8,33.0,2011,2020,12,1,257.57575757575756,True,False
6635,12,33.0,2010,2020,2,1,295.45454545454544,True,False
6636,8,33.0,2014,2020,2,1,174.24242424242425,True,False
6637,12,33.0,1996,2020,2,1,181.8181818181818,True,False
6638,12,33.0,2003,2020,11,1,185.03030303030303,True,False
6639,12,33.0,2010,2020,2,1,295.45454545454544,True,False
6640,8,33.0,2017,2020,5,1,343.93939393939394,True,False
6641,12,33.0,2017,2020,5,1,166.66666666666666,True,False
6642,12,33.0,2019,2020,8,1,287.8787878787879,True,False
6643,8,33.0,2011,2020,5,1,269.6969696969697,True,False
6644,12,33.0,2011,2020,2,1,272.72727272727275,True,False
6645,12,33.0,2012,2020,3,1,266.6666666666667,True,False
6646,12,33.0,2014,2020,9,1,121.21212121212122,False,True
6647,12,33.0,2001,2020,1,1,75.75757575757575,False,True
6648,12,33.0,2007,2020,8,1,136.36363636363637,False,True
6649,12,33.0,2010,2020,5,1,121.21212121212122,False,True
6650,8,33.0,2011,2020,5,1,151.5151515151515,False,True
6651,8,33.1,1992,2020,9,1,75.52870090634441,False,True
6652,12,33.25,2001,2020,12,1,130.31578947368422,True,False
6653,12,35.0,2001,2020,1,1,100.0,False,True
6654,12,35.11,2001,2020,11,1,216.94673882084876,True,False
6655,12,35.77,2001,2020,12,1,115.54375174727424,True,False
6656,12,36.0,2006,2020,9,1,236.11111111111111,True,False
6657,12,36.0,2018,2020,2,1,329.1666666666667,True,False
6658,12,36.0,2006,2020,3,1,243.05555555555554,True,False
6659,8,36.4,2011,2020,6,1,103.02197802197803,True,False
6660,12,38.23,2014,2020,7,1,222.3384776353649,True,False
6661,12,39.0,2019,2020,12,1,295.71794871794873,True,False
6662,12,39.0,1991,2020,11,1,153.84615384615384,False,True
6663,12,39.3,2008,2020,1,1,254.4529262086514,True,False
6664,8,39.84,1994,2020,8,1,188.25301204819274,True,False
6665,12,40.0,2011,2020,2,1,262.5,True,False
6666,8,40.0,2010,2020,4,1,250.0,True,False
6667,12,40.0,2012,2020,8,1,262.5,True,False
6668,8,40.0,2010,2020,1,1,262.5,True,False
6669,12,40.0,2010,2020,7,1,312.5,True,False
6670,12,40.0,2015,2020,2,1,275.0,True,False
6671,12,42.9,1994,2020,5,1,104.8951048951049,True,False
6672,12,42.97,2011,2020,9,1,244.3565278101001,True,False
6673,25,42.97,2015,2020,8,1,279.2646032115429,True,False
6674,25,42.97,1997,2020,5,1,127.99627647195719,False,True
6675,12,42.98,2003,2020,2,1,168.6831084225221,True,False
6676,8,43.0,1999,2020,8,1,127.90697674418605,True,False
6677,8,44.0,2001,2020,7,1,160.22727272727272,True,False
6678,12,45.0,2014,2020,2,1,222.22222222222223,True,False
6679,12,45.0,1983,2020,2,1,105.55555555555556,True,False
6680,12,46.28,2006,2020,3,1,151.25324114088158,True,False
6681,8,47.0,1991,2020,10,1,111.70212765957447,True,False
6682,8,48.0,2003,2020,1,1,218.75,True,False
6683,8,48.0,2003,2020,1,1,177.08333333333334,True,False
6684,8,48.49,2010,2020,3,1,144.35966178593523,False,True
6685,12,49.0,2004,2020,7,1,214.28571428571428,True,False
6686,8,49.56,1982,2020,1,1,110.97659402744148,False,True
6687,8,49.58,1996,2020,11,1,101.91609519967729,True,False
6688,8,49.59,1996,2020,11,1,101.895543456342,True,False
6689,12,50.0,2017,2020,4,1,275.0,True,False
6690,12,50.0,2004,2020,7,1,190.0,True,False
6691,12,50.0,2017,2020,8,1,275.0,True,False
6692,12,50.0,2006,2020,5,1,195.0,True,False
6693,8,50.0,2011,2020,6,1,205.0,True,False
6694,12,50.0,2005,2020,10,1,245.0,True,False
6695,12,50.0,1995,2020,1,1,80.0,False,True
6696,12,50.84,2013,2020,2,1,77.97010228166798,True,False
6697,12,51.36,1993,2020,3,1,116.82242990654206,True,False
6698,12,51.5,1994,2020,4,1,111.6504854368932,True,False
6699,12,51.8,2011,2020,4,1,135.13513513513513,True,False
6700,12,52.0,1995,2020,11,1,96.15384615384616,False,True
6701,12,52.16,1994,2020,3,1,258.819018404908,True,False
6702,12,53.0,2004,2020,10,1,150.9433962264151,False,True
6703,12,55.0,2018,2020,11,1,211.21818181818182,True,False
6704,8,55.0,1986,2020,10,1,181.8181818181818,True,False
6705,12,55.0,2011,2020,8,1,154.54545454545453,True,False
6706,25,55.0,2017,2020,10,1,181.8181818181818,False,True
6707,25,55.14,2018,2020,10,1,79.61552412042074,True,False
6708,8,56.0,1996,2020,4,1,102.67857142857143,True,False
6709,12,56.0,1993,2020,4,1,138.39285714285714,True,False
6710,8,58.0,2017,2020,8,1,181.0344827586207,True,False
6711,8,58.0,2014,2020,8,1,146.55172413793105,False,True
6712,8,58.0,1997,2020,4,1,86.20689655172414,False,True
6713,12,58.95,1994,2020,7,1,101.78117048346056,True,False
6714,12,59.0,2012,2020,10,1,228.8135593220339,True,False
6715,8,59.0,2014,2020,10,1,135.59322033898306,False,True
6716,12,59.5,2006,2020,7,1,142.85714285714286,True,False
6717,12,60.0,2018,2020,12,1,285.55,True,False
6718,12,60.0,2011,2020,3,1,215.0,True,False
6719,12,60.0,2019,2020,11,1,198.93333333333334,True,False
6720,8,60.0,1998,2020,4,1,92.5,True,False
6721,8,60.0,2018,2020,8,1,150.0,False,True
6722,12,60.0,2011,2020,3,1,125.0,False,True
6723,8,60.0,2018,2020,6,1,150.0,False,True
6724,25,60.0,2017,2020,8,1,150.0,False,True
6725,8,63.1,1989,2020,9,1,103.01109350237718,True,False
6726,8,63.18,1997,2020,8,1,126.62234884457106,True,False
6727,8,65.0,1996,2020,9,1,76.92307692307692,False,True
6728,8,65.53,1991,2020,10,1,129.71158248130627,False,True
6729,12,65.76,1986,2020,10,1,76.03406326034063,False,True
6730,12,66.0,1995,2020,4,1,121.21212121212122,True,False
6731,12,66.0,2018,2020,7,1,208.33333333333334,True,False
6732,8,66.0,2011,2020,2,1,140.15151515151516,True,False
6733,12,66.0,2018,2020,7,1,246.21212121212122,True,False
6734,12,66.0,2004,2020,3,1,90.9090909090909,False,True
6735,8,66.6,1988,2020,3,1,120.12012012012013,False,True
6736,25,66.93,1997,2020,6,1,183.0270431794412,True,False
6737,12,67.0,1985,2020,4,1,134.32835820895522,True,False
6738,12,67.68,2012,2020,1,1,121.89716312056737,True,False
6739,8,67.99,1987,2020,2,1,169.14252095896455,True,False
6740,8,68.64,1993,2020,7,1,83.04195804195804,False,True
6741,8,69.12,1989,2020,5,1,115.74074074074073,False,True
6742,12,70.0,1995,2020,3,1,121.42857142857143,True,False
6743,12,70.0,1995,2020,3,1,121.42857142857143,True,False
6744,8,70.0,2003,2020,11,1,100.0,False,True
6745,8,71.16,1987,2020,8,1,133.5019673974143,True,False
6746,8,71.67,1988,2020,10,1,104.64629552113855,True,False
6747,12,72.62,2011,2020,8,1,148.03084549710823,True,False
6748,8,72.69,1980,2020,6,1,161.64534323840968,True,False
6749,12,72.72,2012,2020,9,1,171.89218921892189,True,False
6750,12,73.6,1991,2020,9,1,135.8695652173913,False,True
6751,12,79.34,1995,2020,11,1,81.92588858079152,False,True
6752,8,80.0,2009,2020,6,1,187.5,True,False
6753,8,80.0,2007,2020,6,1,150.0,True,False
6754,12,80.0,2015,2020,12,1,204.1625,True,False
6755,12,80.04,1984,2020,2,1,131.18440779610194,True,False
6756,12,81.06,1995,2020,2,1,98.69232667160128,True,False
6757,12,81.81,1995,2020,2,1,122.2344456667889,False,True
6758,12,81.81,1995,2020,2,1,122.2344456667889,False,True
6759,8,81.99,1991,2020,3,1,106.72033174777413,True,False
6760,12,82.5,2015,2020,3,1,133.33333333333334,False,True
6761,8,82.53,1994,2020,12,1,133.28486610929357,False,True
6762,8,82.56,2019,2020,4,1,95.00968992248062,True,False
6763,8,82.56,2019,2020,4,1,83.50290697674419,True,False
6764,12,82.69,2018,2020,4,1,94.65473455073165,True,False
6765,12,82.69,2018,2020,4,1,94.65473455073165,True,False
6766,12,84.0,2001,2020,5,1,157.73809523809524,True,False
6767,8,84.0,2001,2020,6,1,133.92857142857142,True,False
6768,12,84.75,1985,2020,3,1,88.49557522123894,True,False
6769,12,85.02,2015,2020,2,1,120.5598682662903,True,False
6770,12,87.62,1994,2020,11,1,136.82949098379365,True,False
6771,12,90.09,1996,2020,3,1,102.67510267510266,True,False
6772,12,90.09,1996,2020,1,1,94.35009435009435,False,True
6773,8,91.53,1995,2020,7,1,120.17917622637387,True,False
6774,12,93.7,1985,2020,6,1,21.34471718249733,False,True
6775,12,96.25,1997,2020,6,1,59.74025974025974,True,False
6776,12,99.17,1987,2020,11,1,69.40607038418877,True,False
6777,12,100.09,2006,2020,9,1,114.89659306624038,True,False
6778,25,104.18,1997,2020,1,1,134.38279900172776,True,False
6779,8,104.69,1997,2020,6,1,100.29611233164582,True,False
6780,12,105.0,2011,2020,10,1,161.9047619047619,True,False
6781,12,110.5,1996,2020,8,1,147.05882352941177,True,False
6782,12,112.11,2001,2020,7,1,71.35848720007137,False,True
6783,12,115.5,2007,2020,10,1,86.58008658008659,False,True
6784,12,119.54,2017,2020,12,1,66.92320562154927,False,True
6785,8,141.71,1986,2020,5,1,70.56665020111495,True,False
6786,12,175.5,1994,2020,12,1,77.87464387464388,True,False
6787,8,198.0,1997,2020,2,1,55.55555555555556,True,False
6788,12,198.6,1993,2020,1,1,42.54783484390735,True,False
6789,12,248.0,2008,2020,4,1,30.241935483870968,False,True
6790,8,26.45,1970,2020,5,1,160.68052930056712,True,False
6791,8,30.0,2017,2020,8,1,225.0,True,False
6792,8,33.0,2017,2020,10,1,181.8181818181818,False,True
6793,8,35.12,2017,2020,5,1,156.60592255125286,False,True
6794,8,35.12,2017,2020,5,1,156.60592255125286,False,True
6795,8,39.0,1993,2020,5,1,128.2051282051282,False,True
6796,8,40.26,2019,2020,9,1,124.19274714356682,False,True
6797,8,45.72,2018,2020,1,1,174.97812773403325,False,True
6798,8,48.4,2018,2020,6,1,185.95041322314052,False,True
6799,8,52.38,2018,2020,12,1,190.91256204658265,False,True
6800,8,52.38,2018,2020,12,1,190.91256204658265,False,True
6801,8,70.49,1998,2020,11,1,70.93204709887928,False,True
6802,8,102.03,2007,2020,4,1,102.91090855630696,True,False
6803,8,109.08,2018,2020,4,1,100.84341767510084,False,True
6804,12,109.27,1996,2020,7,1,36.60657087947287,False,True
6805,8,130.8,2019,2020,9,1,53.51681957186544,False,True
6806,8,170.04,2003,2020,6,1,69.10138790872736,True,False
6807,8,170.84,2003,2020,9,1,49.75415593537813,True,False
6808,8,211.56,2018,2020,12,1,25.997352996785782,False,True
6809,8,33.0,1994,2020,6,1,83.33333333333333,True,False
6810,8,66.0,1994,2020,5,1,87.12121212121212,True,False
6811,8,16.52,2000,2020,3,1,314.76997578692493,True,False
6812,12,18.0,2011,2020,6,1,222.22222222222223,False,True
6813,8,20.55,2011,2020,5,1,194.64720194647202,False,True
6814,8,24.0,2010,2020,1,1,281.25,True,False
6815,12,25.55,2011,2020,9,1,156.55577299412914,False,True
6816,8,27.0,2009,2020,8,1,314.81481481481484,True,False
6817,8,30.0,2010,2020,1,1,225.0,True,False
6818,12,30.0,2011,2020,11,1,272.0,True,False
6819,8,30.0,1986,2020,10,1,308.3333333333333,True,False
6820,8,30.0,2018,2020,2,1,285.0,True,False
6821,8,30.0,2012,2020,11,1,265.3333333333333,True,False
6822,8,30.0,2012,2020,12,1,256.6666666666667,True,False
6823,12,30.0,2011,2020,2,1,133.33333333333334,False,True
6824,12,33.0,2017,2020,2,1,189.3939393939394,True,False
6825,12,33.0,2017,2020,9,1,151.5151515151515,False,True
6826,12,33.0,2009,2020,9,1,136.36363636363637,False,True
6827,8,35.0,1985,2020,12,1,90.48571428571428,True,False
6828,12,35.0,2017,2020,12,1,299.0571428571429,True,False
6829,8,35.8,2019,2020,9,1,103.35195530726257,True,False
6830,12,40.0,2017,2020,4,1,268.75,True,False
6831,12,42.5,2011,2020,1,1,176.47058823529412,False,True
6832,0,43.0,2019,2020,2,1,186.04651162790697,True,False
6833,12,50.0,2008,2020,7,1,210.0,True,False
6834,12,50.0,2005,2020,6,1,190.0,True,False
6835,8,50.0,2010,2020,12,1,219.34,True,False
6836,8,50.0,1986,2020,9,1,180.0,True,False
6837,8,53.6,2017,2020,9,1,125.93283582089552,True,False
6838,8,56.0,2017,2020,7,1,165.17857142857142,True,False
6839,12,60.0,2008,2020,7,1,195.83333333333334,True,False
6840,8,60.0,2018,2020,2,1,208.33333333333334,True,False
6841,12,60.0,2017,2020,9,1,133.33333333333334,False,True
6842,12,60.0,2017,2020,9,1,133.33333333333334,False,True
6843,12,60.0,2017,2020,9,1,116.66666666666667,False,True
6844,12,60.0,2017,2020,9,1,116.66666666666667,False,True
6845,8,66.01,1987,2020,9,1,121.19375852143614,False,True
6846,8,67.0,1990,2020,10,1,82.08955223880596,True,False
6847,8,67.75,1989,2020,11,1,78.67158671586716,True,False
6848,8,71.41,1988,2020,10,1,100.82621481585213,True,False
6849,8,73.09,1986,2020,4,1,136.81762210972772,False,True
6850,8,73.52,1988,2020,5,1,98.61262241566921,True,False
6851,8,73.52,1988,2020,5,1,98.61262241566921,True,False
6852,8,74.36,1993,2020,3,1,40.34427111350188,False,True
6853,8,75.24,1985,2020,3,1,53.163211057947905,False,True
6854,12,75.87,1983,2020,1,1,171.3457229471464,False,True
6855,8,76.98,1983,2020,2,1,194.85580670303975,False,True
6856,8,77.72,1990,2020,10,1,116.44364384971693,True,False
6857,8,80.1,1996,2020,10,1,106.11735330836456,True,False
6858,8,80.1,1996,2020,10,1,106.11735330836456,True,False
6859,8,82.1,1985,2020,5,1,109.62241169305726,False,True
6860,8,83.0,1989,2020,3,1,102.40963855421687,True,False
6861,8,83.0,1989,2020,2,1,72.28915662650603,False,True
6862,8,93.91,1985,2020,12,1,31.945479714620383,False,True
6863,8,97.82,1987,2020,8,1,189.12287875690043,True,False
6864,8,107.04,1993,2020,8,1,105.10089686098654,True,False
6865,8,141.57,2000,2020,5,1,70.63643427279791,False,True
6866,8,15.0,1972,2020,8,1,166.66666666666666,False,True
6867,12,16.5,2009,2020,8,1,181.8181818181818,False,True
6868,12,20.0,2016,2020,1,1,362.5,True,False
6869,12,20.55,2003,2020,5,1,355.23114355231144,True,False
6870,12,21.74,2015,2020,2,1,390.984360625575,True,False
6871,8,23.0,2000,2020,6,1,254.34782608695653,True,False
6872,8,23.0,2000,2020,6,1,254.34782608695653,True,False
6873,8,23.14,2017,2020,3,1,308.9887640449438,True,False
6874,8,24.5,2006,2020,4,1,183.6734693877551,False,True
6875,8,25.12,2010,2020,12,1,116.87898089171973,True,False
6876,8,26.68,2003,2020,3,1,97.4512743628186,True,False
6877,12,28.0,2011,2020,8,1,278.57142857142856,True,False
6878,8,28.0,2012,2020,1,1,323.2142857142857,True,False
6879,12,28.0,2018,2020,3,1,142.85714285714286,False,True
6880,12,28.0,2017,2020,11,1,107.14285714285714,False,True
6881,12,29.7,2012,2020,2,1,202.02020202020202,True,False
6882,8,30.0,2001,2020,5,1,185.0,True,False
6883,12,30.0,2002,2020,2,1,220.0,True,False
6884,8,30.0,2018,2020,11,1,270.56666666666666,True,False
6885,8,30.0,1980,2020,12,1,116.66666666666667,False,True
6886,8,33.0,2018,2020,6,1,287.8787878787879,True,False
6887,12,33.0,2018,2020,11,1,323.030303030303,True,False
6888,8,33.0,2004,2020,11,1,196.45454545454547,True,False
6889,8,33.0,2016,2020,1,1,312.1212121212121,True,False
6890,8,33.0,2012,2020,9,1,233.33333333333334,True,False
6891,8,33.0,2013,2020,5,1,312.1212121212121,True,False
6892,12,33.0,2014,2020,1,1,287.8787878787879,True,False
6893,8,33.0,2006,2020,7,1,196.96969696969697,True,False
6894,12,33.0,2002,2020,4,1,192.42424242424244,True,False
6895,8,33.0,2009,2020,2,1,198.4848484848485,True,False
6896,12,33.0,2009,2020,11,1,251.96969696969697,True,False
6897,8,33.0,2009,2020,3,1,136.36363636363637,False,True
6898,8,33.0,2014,2020,6,1,151.5151515151515,False,True
6899,12,33.0,2017,2020,8,1,151.5151515151515,False,True
6900,12,33.05,2013,2020,4,1,257.18608169440245,True,False
6901,8,33.52,2008,2020,12,1,182.9653937947494,True,False
6902,12,34.82,1963,2020,9,1,113.44055140723722,True,False
6903,12,35.25,2018,2020,7,1,283.68794326241135,True,False
6904,8,36.0,2016,2020,12,1,304.6388888888889,True,False
6905,8,36.0,2016,2020,2,1,236.11111111111111,True,False
6906,8,38.88,1975,2020,10,1,257.20164609053495,False,True
6907,8,39.6,2003,2020,2,1,202.02020202020202,True,False
6908,8,40.0,1974,2020,1,1,150.0,True,False
6909,8,40.5,2008,2020,2,1,240.74074074074073,True,False
6910,8,41.77,1975,2020,9,1,239.40627244433801,False,True
6911,8,42.97,2003,2020,7,1,209.4484524086572,True,False
6912,12,42.99,2015,2020,4,1,273.3193765992091,True,False
6913,8,45.0,2007,2020,11,1,164.06666666666666,True,False
6914,12,45.45,1979,2020,12,1,72.6072607260726,False,True
6915,12,46.28,2005,2020,12,1,183.66464995678479,True,False
6916,8,47.25,2008,2020,6,1,50.6031746031746,True,False
6917,8,48.2,1979,2020,6,1,124.48132780082987,False,True
6918,12,49.0,2008,2020,11,1,188.48979591836735,True,False
6919,8,49.48,1992,2020,7,1,70.73565076798707,False,True
6920,12,50.0,2015,2020,5,1,260.0,True,False
6921,8,50.0,2017,2020,10,1,205.0,True,False
6922,12,50.0,2006,2020,5,1,110.0,False,True
6923,12,50.0,1992,2020,8,1,60.0,False,True
6924,12,50.0,2008,2020,12,1,120.0,False,True
6925,12,52.8,2012,2020,12,1,151.51515151515153,False,True
6926,12,53.0,2008,2020,4,1,109.43396226415095,False,True
6927,12,54.41,2005,2020,11,1,156.22128285241683,False,True
6928,8,54.54,2016,2020,8,1,229.1895856252292,True,False
6929,8,54.6,2017,2020,7,1,164.83516483516482,False,True
6930,8,55.0,2017,2020,6,1,213.63636363636363,True,False
6931,8,55.0,2015,2020,12,1,212.12727272727273,True,False
6932,8,57.78,1977,2020,5,1,190.3772931810315,False,True
6933,12,58.0,2015,2020,6,1,267.2413793103448,True,False
6934,8,58.0,2017,2020,3,1,155.17241379310346,False,True
6935,8,58.0,2005,2020,2,1,137.93103448275863,False,True
6936,30,58.15,2008,2020,8,1,202.06362854686157,True,False
6937,12,58.5,2011,2020,9,1,145.2991452991453,False,True
6938,8,60.0,2010,2020,1,1,175.0,True,False
6939,8,60.0,2008,2020,10,1,100.0,False,True
6940,8,61.95,2008,2020,11,1,137.20742534301857,False,True
6941,8,66.0,2018,2020,5,1,75.75757575757575,False,True
6942,8,66.06,1986,2020,10,1,90.82652134423252,True,False
6943,8,73.06,1970,2020,5,1,116.34273200109499,True,False
6944,12,76.26,2017,2020,12,1,111.4607920272751,False,True
6945,8,80.0,1980,2020,9,1,162.5,False,True
6946,12,80.05,2016,2020,4,1,115.5527795128045,True,False
6947,8,82.65,2012,2020,11,1,266.70296430732003,True,False
6948,12,83.0,1994,2020,6,1,96.3855421686747,True,False
6949,25,84.36,1986,2020,7,1,213.37126600284495,True,False
6950,12,85.88,2005,2020,9,1,151.37401024685607,True,False
6951,8,89.52,1992,2020,2,1,122.87756925826632,True,False
6952,8,89.52,1992,2020,4,1,67.02412868632707,False,True
6953,12,92.0,1971,2020,3,1,92.3913043478261,True,False
6954,12,98.94,2012,2020,7,1,70.74994946432182,False,True
6955,8,110.0,2008,2020,12,1,166.66363636363636,True,False
6956,8,126.13,2009,2020,4,1,87.2116070720685,False,True
6957,12,132.7,1988,2020,5,1,15.071590052750567,False,True
6958,8,99.0,2007,2020,6,1,121.21212121212122,True,False
6959,8,66.12,1950,2020,9,1,78.64488808227465,True,False
6960,8,26.3,2009,2020,1,1,133.07984790874525,False,True
6961,8,26.45,1980,2020,7,1,113.42155009451797,True,False
6962,8,33.45,1974,2020,10,1,254.11061285500745,True,False
6963,12,36.36,1959,2020,7,1,220.02200220022002,True,False
6964,8,49.26,1971,2020,3,1,60.90133982947625,False,True
6965,8,49.39,2001,2020,3,1,111.35857461024499,False,True
6966,8,49.39,2001,2020,3,1,111.35857461024499,False,True
6967,8,49.5,1954,2020,5,1,180.8080808080808,True,False
6968,8,50.0,2018,2020,8,1,140.0,False,True
6969,8,74.05,1971,2020,10,1,114.78730587440918,True,False
6970,8,83.08,1973,2020,12,1,48.146364949446316,False,True
6971,8,84.26,1980,2020,2,1,142.41633040588653,False,True
6972,8,93.2,1988,2020,2,1,75.10729613733905,True,False
6973,8,93.2,1988,2020,4,1,42.918454935622314,False,True
6974,12,110.0,2012,2020,6,1,152.27272727272728,True,False
6975,8,146.27,2018,2020,1,1,63.23921515006494,True,False
6976,8,146.27,2018,2020,5,1,63.23921515006494,True,False
6977,12,178.05,2012,2020,2,1,39.31479921370401,False,True
6978,12,178.05,2012,2020,2,1,44.931199101376016,False,True
6979,8,96.56,1996,2020,3,1,62.13753106876553,False,True
6980,12,20.0,2017,2020,6,1,452.5,True,False
6981,12,26.0,2014,2020,2,1,300.0,True,False
6982,12,27.77,2016,2020,4,1,189.05293482175009,True,False
6983,25,33.0,2016,2020,5,1,227.27272727272728,True,False
6984,25,33.0,2016,2020,2,1,212.12121212121212,True,False
6985,12,33.0,2017,2020,11,1,254.03030303030303,True,False
6986,12,33.0,2014,2020,2,1,106.06060606060606,False,True
6987,25,37.0,2016,2020,7,1,270.27027027027026,True,False
6988,12,38.0,2014,2020,1,1,131.57894736842104,False,True
6989,12,48.0,2019,2020,3,1,145.83333333333334,False,True
6990,12,50.0,2020,2020,6,1,210.0,True,False
6991,12,50.0,2020,2020,6,1,100.0,False,True
6992,12,60.0,2019,2020,10,1,133.33333333333334,False,True
6993,8,125.3,1940,2020,6,1,31.92338387869114,False,True
6994,8,25.0,1969,2020,7,1,292.0,True,False
6995,12,25.0,2004,2020,6,1,340.0,True,False
6996,8,25.0,2014,2020,10,1,300.0,True,False
6997,12,28.0,2005,2020,5,1,251.78571428571428,True,False
6998,8,28.0,2016,2020,3,1,285.7142857142857,True,False
6999,8,28.0,1968,2020,7,1,187.5,True,False
7000,8,29.0,2004,2020,12,1,356.3103448275862,True,False
7001,8,30.0,2001,2020,1,1,195.0,True,False
7002,12,30.0,2013,2020,1,1,285.0,True,False
7003,8,30.0,2004,2020,2,1,333.3333333333333,True,False
7004,8,30.0,2002,2020,4,1,170.0,True,False
7005,12,33.0,2004,2020,8,1,215.15151515151516,True,False
7006,12,33.0,2004,2020,5,1,181.8181818181818,True,False
7007,12,49.58,1966,2020,6,1,90.76240419524002,False,True
7008,8,59.8,2003,2020,9,1,158.8628762541806,True,False
7009,8,59.8,2003,2020,9,1,158.8628762541806,True,False
7010,8,82.0,2017,2020,1,1,158.53658536585365,False,True
7011,12,85.0,2004,2020,7,1,147.05882352941177,True,False
7012,12,85.0,2004,2020,7,1,147.05882352941177,True,False
7013,12,122.98,2005,2020,11,1,65.05122784192551,False,True
7014,12,22.41,2012,2020,2,1,156.18027666220436,False,True
7015,12,30.0,2012,2020,2,1,133.33333333333334,False,True
7016,12,33.0,2015,2020,7,1,174.24242424242425,True,False
7017,8,48.84,2010,2020,5,1,163.8001638001638,True,False
7018,12,50.0,2012,2020,4,1,140.0,False,True
7019,12,55.0,2016,2020,5,1,145.45454545454547,False,True
7020,12,56.0,2016,2020,5,1,142.85714285714286,False,True
7021,12,72.11,2015,2020,6,1,124.80931909582583,False,True
7022,12,74.0,2015,2020,5,1,141.8918918918919,True,False
7023,8,75.39,2017,2020,4,1,155.8562143520361,True,False
7024,8,84.6,1984,2020,2,1,38.41607565011821,True,False
7025,12,90.0,2016,2020,1,1,111.11111111111111,False,True
7026,12,94.48,1988,2020,12,1,72.68204911092295,True,False
7027,12,193.75,2012,2020,3,1,38.70967741935484,True,False
7028,8,33.0,2014,2020,5,1,204.54545454545453,True,False
7029,8,82.5,1980,2020,8,1,64.24242424242425,True,False
7030,25,17.5,2018,2020,6,1,571.4285714285714,True,False
7031,12,18.0,2017,2020,5,1,430.55555555555554,True,False
7032,25,21.0,2016,2020,12,1,531.7619047619048,True,False
7033,25,23.1,2013,2020,8,1,329.004329004329,True,False
7034,12,24.28,2019,2020,6,1,432.45469522240523,True,False
7035,12,25.0,2015,2020,2,1,190.0,True,False
7036,12,25.0,2018,2020,5,1,320.0,True,False
7037,25,26.0,2016,2020,4,1,259.61538461538464,True,False
7038,12,26.0,2011,2020,3,1,115.38461538461539,False,True
7039,8,27.0,2014,2020,6,1,370.3703703703704,True,False
7040,12,27.0,2018,2020,3,1,333.3333333333333,True,False
7041,12,29.7,2016,2020,12,1,322.1212121212121,True,False
7042,12,29.7,2016,2020,5,1,311.44781144781143,True,False
7043,12,29.7,2016,2020,3,1,168.35016835016836,False,True
7044,25,30.0,2011,2020,2,1,308.3333333333333,True,False
7045,12,30.0,2018,2020,3,1,375.0,True,False
7046,25,30.0,2016,2020,12,1,222.23333333333332,True,False
7047,12,30.0,2012,2020,6,1,266.6666666666667,True,False
7048,12,30.0,2014,2020,8,1,301.6666666666667,True,False
7049,12,30.0,2015,2020,6,1,260.0,True,False
7050,25,30.0,2016,2020,1,1,305.0,True,False
7051,12,30.0,2016,2020,1,1,308.3333333333333,True,False
7052,25,30.0,2016,2020,12,1,327.76666666666665,True,False
7053,12,30.0,2003,2020,4,1,206.66666666666666,True,False
7054,12,30.0,2016,2020,12,1,272.23333333333335,True,False
7055,8,30.0,2014,2020,4,1,260.0,True,False
7056,8,30.0,2014,2020,7,1,133.33333333333334,False,True
7057,8,30.0,2014,2020,8,1,133.33333333333334,False,True
7058,12,30.86,2015,2020,3,1,301.3609850939728,True,False
7059,12,32.32,2017,2020,7,1,139.23267326732673,False,True
7060,12,33.0,2016,2020,7,1,318.1818181818182,True,False
7061,12,33.0,2018,2020,12,1,281.8181818181818,True,False
7062,12,33.0,2016,2020,2,1,312.1212121212121,True,False
7063,12,33.0,2016,2020,11,1,270.4848484848485,True,False
7064,12,33.0,2016,2020,7,1,310.6060606060606,True,False
7065,12,33.0,2018,2020,7,1,257.57575757575756,True,False
7066,12,33.0,2016,2020,1,1,280.3030303030303,True,False
7067,12,33.0,2014,2020,8,1,212.12121212121212,True,False
7068,25,33.0,2019,2020,3,1,310.6060606060606,True,False
7069,12,33.0,2017,2020,6,1,310.6060606060606,True,False
7070,12,33.0,2016,2020,2,1,257.57575757575756,True,False
7071,12,33.0,2015,2020,4,1,136.36363636363637,False,True
7072,12,33.0,2015,2020,4,1,136.36363636363637,False,True
7073,12,36.0,2017,2020,7,1,347.22222222222223,True,False
7074,8,36.0,2012,2020,7,1,181.94444444444446,True,False
7075,12,36.0,2016,2020,8,1,256.94444444444446,True,False
7076,12,36.0,2016,2020,5,1,256.94444444444446,True,False
7077,25,36.0,2019,2020,12,1,347.22222222222223,True,False
7078,25,36.3,2013,2020,7,1,123.96694214876034,False,True
7079,12,38.0,2016,2020,6,1,276.3157894736842,True,False
7080,12,39.0,2018,2020,11,1,307.4102564102564,True,False
7081,12,39.6,2019,2020,8,1,151.5151515151515,False,True
7082,12,40.0,2016,2020,6,1,187.5,True,False
7083,25,40.0,2016,2020,8,1,268.75,True,False
7084,12,40.0,2013,2020,4,1,237.5,True,False
7085,25,40.0,2017,2020,3,1,281.25,True,False
7086,25,40.0,2012,2020,2,1,125.0,False,True
7087,12,40.0,2016,2020,6,1,125.0,False,True
7088,25,42.0,2018,2020,4,1,309.5238095238095,True,False
7089,25,43.46,2018,2020,9,1,149.5628163828808,False,True
7090,12,45.0,2014,2020,4,1,161.11111111111111,True,False
7091,12,45.0,2017,2020,2,1,322.22222222222223,True,False
7092,12,45.0,2017,2020,11,1,155.55555555555554,False,True
7093,12,45.0,2017,2020,11,1,155.55555555555554,False,True
7094,12,46.0,2021,2020,12,1,253.6304347826087,True,False
7095,12,49.59,2017,2020,4,1,191.57088122605361,True,False
7096,12,50.0,2016,2020,3,1,265.0,True,False
7097,25,50.0,2017,2020,9,1,235.0,True,False
7098,12,50.0,2012,2020,1,1,190.0,True,False
7099,12,50.0,2010,2020,12,1,100.0,False,True
7100,12,50.0,2011,2020,11,1,150.0,False,True
7101,25,50.0,2011,2020,4,1,140.0,False,True
7102,25,50.0,2012,2020,10,1,140.0,False,True
7103,8,52.24,2013,2020,8,1,210.56661562021438,True,False
7104,12,54.0,2011,2020,1,1,129.62962962962962,False,True
7105,12,55.0,2013,2020,11,1,127.27272727272727,False,True
7106,12,56.0,2012,2020,1,1,165.17857142857142,True,False
7107,12,56.0,2014,2020,1,1,165.17857142857142,True,False
7108,12,56.0,2014,2020,4,1,142.85714285714286,False,True
7109,25,56.0,2012,2020,1,1,125.0,False,True
7110,25,56.1,2013,2020,8,1,106.95187165775401,False,True
7111,12,56.4,2014,2020,8,1,159.5744680851064,False,True
7112,25,57.0,2016,2020,8,1,324.56140350877195,True,False
7113,25,57.0,2016,2020,10,1,157.89473684210526,False,True
7114,12,57.21,2019,2020,1,1,148.5754238769446,False,True
7115,12,58.0,2016,2020,2,1,181.0344827586207,True,False
7116,12,58.0,2016,2020,10,1,211.20689655172413,True,False
7117,12,58.0,2016,2020,11,1,137.93103448275863,False,True
7118,12,58.0,2015,2020,7,1,146.55172413793105,False,True
7119,12,58.0,2014,2020,1,1,137.93103448275863,False,True
7120,12,58.32,2018,2020,3,1,102.88065843621399,False,True
7121,12,58.53,2016,2020,7,1,252.0075175123868,True,False
7122,25,59.0,2018,2020,11,1,207.0,True,False
7123,12,59.0,2011,2020,5,1,144.0677966101695,True,False
7124,12,59.0,2012,2020,3,1,165.25423728813558,True,False
7125,12,59.0,2018,2020,2,1,190.67796610169492,True,False
7126,12,59.0,2013,2020,1,1,122.88135593220339,True,False
7127,12,59.0,2016,2020,1,1,156.77966101694915,True,False
7128,12,59.0,2017,2020,9,1,186.4406779661017,True,False
7129,12,59.0,2016,2020,7,1,186.4406779661017,True,False
7130,12,59.0,2020,2020,12,1,302.2542372881356,True,False
7131,25,59.0,2016,2020,3,1,216.10169491525423,True,False
7132,12,59.0,2014,2020,12,1,118.64406779661017,False,True
7133,12,59.0,2016,2020,7,1,186.4406779661017,False,True
7134,25,59.2,2018,2020,8,1,231.4189189189189,True,False
7135,12,59.4,2011,2020,3,1,134.68013468013467,False,True
7136,12,59.4,2014,2020,12,1,117.84511784511785,False,True
7137,12,59.4,2016,2020,7,1,143.0976430976431,False,True
7138,12,59.5,2017,2020,3,1,218.48739495798318,True,False
7139,25,59.52,2019,2020,2,1,256.21639784946234,True,False
7140,12,60.0,2016,2020,3,1,220.83333333333334,True,False
7141,12,60.0,2016,2020,11,1,208.15,True,False
7142,12,60.0,2012,2020,1,1,112.5,True,False
7143,12,60.0,2015,2020,2,1,225.0,True,False
7144,12,60.0,2018,2020,11,1,206.38333333333333,True,False
7145,12,60.0,2018,2020,12,1,216.66666666666666,True,False
7146,25,60.0,2015,2020,8,1,204.16666666666666,True,False
7147,12,60.0,2012,2020,1,1,137.5,True,False
7148,12,60.0,2016,2020,5,1,200.0,True,False
7149,25,60.0,2016,2020,12,1,252.78333333333333,True,False
7150,12,60.0,2018,2020,9,1,220.83333333333334,True,False
7151,12,60.0,2016,2020,6,1,216.66666666666666,True,False
7152,12,60.0,2011,2020,3,1,145.83333333333334,True,False
7153,12,60.0,2017,2020,11,1,257.45,True,False
7154,12,60.0,2016,2020,8,1,212.5,True,False
7155,25,60.0,2012,2020,2,1,116.66666666666667,False,True
7156,12,60.0,2014,2020,2,1,133.33333333333334,False,True
7157,12,60.0,2016,2020,11,1,141.66666666666666,False,True
7158,12,60.0,2017,2020,12,1,150.0,False,True
7159,12,60.0,2017,2020,12,1,150.0,False,True
7160,25,60.0,2016,2020,11,1,116.66666666666667,False,True
7161,12,60.0,2013,2020,9,1,150.0,False,True
7162,12,60.0,2016,2020,1,1,108.33333333333333,False,True
7163,12,60.0,2014,2020,3,1,133.33333333333334,False,True
7164,12,60.0,2016,2020,1,1,133.33333333333334,False,True
7165,12,60.0,2017,2020,4,1,183.33333333333334,False,True
7166,25,60.0,2018,2020,10,1,166.66666666666666,False,True
7167,12,60.0,2018,2020,12,1,166.66666666666666,False,True
7168,8,60.0,2014,2020,8,1,116.66666666666667,False,True
7169,12,60.0,2011,2020,8,1,133.33333333333334,False,True
7170,25,60.0,2015,2020,8,1,116.66666666666667,False,True
7171,25,60.0,2011,2020,10,1,116.66666666666667,False,True
7172,12,60.03,2003,2020,9,1,154.08962185573878,True,False
7173,12,60.22,2019,2020,12,1,132.8462304882099,False,True
7174,12,62.0,2018,2020,4,1,189.51612903225808,True,False
7175,12,62.0,2016,2020,11,1,170.20967741935485,True,False
7176,25,62.0,2016,2020,6,1,241.93548387096774,True,False
7177,12,62.0,2015,2020,12,1,145.16129032258064,False,True
7178,8,62.0,2011,2020,3,1,96.7741935483871,False,True
7179,12,62.7,2016,2020,4,1,143.54066985645932,False,True
7180,25,63.0,2015,2020,5,1,190.47619047619048,True,False
7181,12,63.0,2010,2020,4,1,115.07936507936508,True,False
7182,25,63.0,2016,2020,3,1,246.03174603174602,True,False
7183,25,63.0,2012,2020,8,1,126.98412698412699,True,False
7184,25,63.0,2011,2020,9,1,134.9206349206349,False,True
7185,12,65.0,2018,2020,12,1,215.3846153846154,True,False
7186,25,65.0,2016,2020,2,1,223.07692307692307,True,False
7187,25,65.0,2011,2020,2,1,123.07692307692308,False,True
7188,12,66.0,2013,2020,2,1,178.03030303030303,True,False
7189,12,66.0,2013,2020,12,1,196.96969696969697,True,False
7190,12,66.0,2013,2020,12,1,191.92424242424244,True,False
7191,25,66.0,2013,2020,2,1,121.21212121212122,False,True
7192,12,66.0,2016,2020,6,1,136.36363636363637,False,True
7193,8,67.27,2012,2020,4,1,178.38561022744167,True,False
7194,12,67.41,2018,2020,10,1,185.43242842308263,True,False
7195,12,67.8,2014,2020,6,1,136.4306784660767,True,False
7196,12,68.0,2018,2020,1,1,183.8235294117647,True,False
7197,12,68.0,2017,2020,10,1,139.7058823529412,False,True
7198,12,68.79,2019,2020,10,1,203.51795319087074,True,False
7199,25,70.0,2017,2020,1,1,178.57142857142858,True,False
7200,12,70.0,2016,2020,1,1,185.71428571428572,True,False
7201,12,70.0,2012,2020,6,1,135.71428571428572,True,False
7202,12,70.0,2017,2020,8,1,128.57142857142858,False,True
7203,12,72.26,2014,2020,12,1,96.87240520343204,False,True
7204,12,72.26,2014,2020,11,1,110.71132023249376,False,True
7205,12,73.15,2013,2020,5,1,109.36431989063567,False,True
7206,12,73.15,2013,2020,5,1,109.36431989063567,False,True
7207,12,74.0,2016,2020,8,1,195.94594594594594,False,True
7208,12,75.0,2016,2020,12,1,166.66666666666666,True,False
7209,12,78.0,2014,2020,1,1,115.38461538461539,False,True
7210,25,78.0,2012,2020,10,1,153.84615384615384,False,True
7211,12,78.25,2011,2020,7,1,102.23642172523962,False,True
7212,12,78.25,2011,2020,6,1,102.23642172523962,False,True
7213,25,78.55,2016,2020,11,1,163.33545512412476,True,False
7214,25,80.0,2012,2020,2,1,125.0,False,True
7215,12,80.0,2014,2020,2,1,112.5,False,True
7216,12,80.88,2011,2020,2,1,105.09396636993077,False,True
7217,25,82.0,2012,2020,7,1,137.1951219512195,True,False
7218,12,82.5,2012,2020,7,1,175.75757575757575,True,False
7219,12,83.0,2014,2020,10,1,120.48192771084338,False,True
7220,8,83.25,2017,2020,4,1,177.17717717717719,True,False
7221,12,84.0,2017,2020,1,1,193.45238095238096,True,False
7222,12,84.0,2016,2020,7,1,258.92857142857144,True,False
7223,12,84.0,2014,2020,4,1,142.85714285714286,False,True
7224,25,85.0,2011,2020,7,1,117.6470588235294,False,True
7225,25,85.0,2011,2020,6,1,117.6470588235294,False,True
7226,8,85.96,2010,2020,7,1,116.33317822242904,True,False
7227,25,90.0,2016,2020,10,1,200.0,True,False
7228,12,91.14,2012,2020,1,1,117.95040596883915,True,False
7229,12,100.0,2016,2020,2,1,175.0,True,False
7230,12,100.0,2016,2020,10,1,192.5,True,False
7231,12,105.0,2014,2020,2,1,142.85714285714286,True,False
7232,12,105.79,2006,2020,8,1,115.79544380376217,True,False
7233,12,106.5,2013,2020,3,1,93.89671361502347,False,True
7234,25,110.0,2011,2020,8,1,122.72727272727273,True,False
7235,25,112.2,2018,2020,4,1,115.8645276292335,False,True
7236,25,114.2,2017,2020,9,1,126.97022767075306,True,False
7237,12,115.0,2017,2020,11,1,165.59130434782608,True,False
7238,25,115.0,2016,2020,2,1,130.43478260869566,True,False
7239,12,120.0,2017,2020,5,1,122.91666666666667,True,False
7240,12,125.0,2017,2020,2,1,148.0,True,False
7241,12,125.0,2018,2020,2,1,196.0,True,False
7242,25,130.0,2014,2020,5,1,150.0,True,False
7243,25,130.0,2014,2020,11,1,152.86153846153846,True,False
7244,25,130.0,2016,2020,8,1,138.46153846153845,False,True
7245,12,132.0,2014,2020,1,1,113.63636363636364,False,True
7246,8,132.0,2018,2020,9,1,121.21212121212122,False,True
7247,12,133.67,2012,2020,11,1,132.11640607466148,True,False
7248,12,138.0,2016,2020,12,1,200.4855072463768,True,False
7249,12,147.72,2012,2020,4,1,135.3912808015164,False,True
7250,12,159.24,2014,2020,5,1,62.79829188646068,False,True
7251,12,44.6,2018,2020,10,1,224.2152466367713,False,True
7252,12,49.0,2017,2020,12,1,255.10204081632654,True,False
7253,25,50.0,2016,2020,7,1,235.0,True,False
7254,12,55.4,2016,2020,9,1,216.60649819494586,True,False
7255,12,60.0,2018,2020,9,1,216.66666666666666,True,False
7256,8,63.45,2018,2020,1,1,260.04728132387703,True,False
7257,12,66.0,2017,2020,10,1,200.75757575757575,True,False
7258,30,73.0,2016,2020,3,1,164.3835616438356,True,False
7259,30,79.0,2018,2020,11,1,179.91139240506328,True,False
7260,12,79.24,2017,2020,7,1,189.2983341746593,False,True
7261,12,80.0,2019,2020,4,1,162.5,False,True
7262,12,82.34,2017,2020,1,1,157.88195287830945,False,True
7263,12,83.28,2016,2020,1,1,204.1306436119116,True,False
7264,30,99.0,2016,2020,3,1,141.41414141414143,False,True
7265,30,100.0,2016,2020,7,1,145.0,True,False
7266,12,100.83,2017,2020,1,1,173.55945651095905,True,False
7267,12,105.26,2016,2020,4,1,185.25555766673,True,False
7268,12,105.88,2016,2020,6,1,151.1144692104269,False,True
7269,12,113.69,2017,2020,3,1,158.32527047233705,False,True
7270,12,115.56,2018,2020,8,1,151.43648321218416,False,True
7271,12,118.16,2019,2020,2,1,143.87271496276236,False,True
7272,12,119.92,2016,2020,8,1,150.10006671114076,False,True
7273,12,120.0,2017,2020,7,1,143.75,True,False
7274,12,129.9,2017,2020,3,1,148.19091608929946,True,False
7275,30,130.21,2016,2020,11,1,124.5142462176484,True,False
7276,12,161.8,2018,2020,3,1,86.5265760197775,True,False
7277,12,175.23,2016,2020,3,1,62.77463904582549,True,False
7278,12,175.23,2016,2020,7,1,75.6149061233807,True,False
7279,12,175.23,2016,2020,11,1,71.27204245848314,True,False
7280,12,15.0,1954,2020,8,1,250.0,True,False
7281,8,15.0,2014,2020,3,1,133.33333333333334,False,True
7282,8,18.0,2016,2020,5,1,427.77777777777777,True,False
7283,12,19.4,1988,2020,6,1,414.94845360824746,True,False
7284,8,19.83,2007,2020,12,1,346.29349470499244,True,False
7285,8,20.0,2014,2020,2,1,372.5,True,False
7286,8,20.0,2011,2020,7,1,200.0,False,True
7287,12,20.09,2014,2020,2,1,223.99203583872574,False,True
7288,12,20.09,2014,2020,5,1,223.99203583872574,False,True
7289,12,21.26,2016,2020,7,1,188.1467544684854,False,True
7290,12,22.14,2017,2020,1,1,316.1698283649503,True,False
7291,12,23.0,2014,2020,5,1,302.17391304347825,True,False
7292,8,23.0,2018,2020,1,1,478.2608695652174,True,False
7293,12,23.1,2015,2020,10,1,290.04329004329,True,False
7294,12,23.1,2015,2020,12,1,354.97835497835496,True,False
7295,25,23.1,1998,2020,8,1,337.6623376623376,True,False
7296,12,23.1,2017,2020,12,1,366.5367965367965,True,False
7297,8,23.14,2007,2020,1,1,278.7381158167675,True,False
7298,12,23.14,2011,2020,1,1,129.64563526361277,False,True
7299,12,23.46,2012,2020,1,1,407.07587382779195,True,False
7300,12,24.0,2016,2020,1,1,343.75,True,False
7301,12,24.0,2016,2020,1,1,322.9166666666667,True,False
7302,12,24.0,1989,2020,4,1,254.16666666666666,True,False
7303,12,24.0,2013,2020,1,1,125.0,False,True
7304,8,25.0,2013,2020,12,1,364.0,True,False
7305,12,25.0,2007,2020,12,1,226.68,True,False
7306,12,25.0,1989,2020,2,1,258.0,True,False
7307,8,25.0,2012,2020,11,1,318.4,True,False
7308,12,25.0,2012,2020,12,1,332.0,True,False
7309,12,25.0,2015,2020,8,1,288.0,True,False
7310,12,25.0,2014,2020,1,1,312.0,True,False
7311,8,25.0,1994,2020,12,1,278.68,True,False
7312,12,25.0,2007,2020,2,1,352.0,True,False
7313,12,25.0,2011,2020,12,1,180.0,False,True
7314,8,25.41,2013,2020,2,1,275.4820936639118,True,False
7315,8,26.0,2016,2020,11,1,153.84615384615384,False,True
7316,12,26.4,2013,2020,1,1,284.0909090909091,True,False
7317,12,26.4,2001,2020,12,1,170.45454545454547,False,True
7318,12,26.45,2002,2020,2,1,228.7334593572779,True,False
7319,8,26.96,2015,2020,11,1,282.0474777448071,True,False
7320,12,27.0,2004,2020,8,1,275.9259259259259,True,False
7321,12,27.52,2012,2020,1,1,336.11918604651163,True,False
7322,25,28.0,2012,2020,4,1,321.42857142857144,True,False
7323,8,28.0,2015,2020,1,1,285.7142857142857,True,False
7324,12,28.0,2013,2020,4,1,289.2857142857143,True,False
7325,12,28.0,2011,2020,3,1,232.14285714285714,True,False
7326,12,28.0,2003,2020,2,1,232.14285714285714,True,False
7327,12,28.0,2013,2020,2,1,323.2142857142857,True,False
7328,12,28.0,2004,2020,1,1,303.57142857142856,True,False
7329,12,28.0,2004,2020,1,1,300.0,True,False
7330,8,28.0,2011,2020,1,1,178.57142857142858,False,True
7331,8,29.25,2002,2020,2,1,153.84615384615384,False,True
7332,8,29.25,2002,2020,1,1,153.84615384615384,False,True
7333,12,30.0,2014,2020,12,1,327.76666666666665,True,False
7334,12,30.0,2006,2020,1,1,256.6666666666667,True,False
7335,12,30.0,2016,2020,6,1,298.3333333333333,True,False
7336,8,30.0,2014,2020,11,1,299.3666666666667,True,False
7337,8,30.0,2011,2020,5,1,281.6666666666667,True,False
7338,12,30.0,2015,2020,2,1,268.3333333333333,True,False
7339,8,30.0,2007,2020,3,1,175.0,True,False
7340,12,30.0,2018,2020,1,1,366.6666666666667,True,False
7341,8,30.0,2013,2020,9,1,216.66666666666666,True,False
7342,12,30.0,2012,2020,3,1,150.0,False,True
7343,8,30.0,2007,2020,3,1,100.0,False,True
7344,12,30.0,2011,2020,6,1,150.0,False,True
7345,8,30.0,2007,2020,7,1,100.0,False,True
7346,12,30.0,2011,2020,7,1,150.0,False,True
7347,8,30.0,2007,2020,3,1,100.0,False,True
7348,8,30.05,2002,2020,11,1,133.11148086522462,False,True
7349,8,30.05,2002,2020,10,1,133.11148086522462,False,True
7350,8,30.05,2002,2020,2,1,149.7504159733777,False,True
7351,8,30.05,2002,2020,4,1,149.7504159733777,False,True
7352,8,30.3,2002,2020,11,1,262.7062706270627,True,False
7353,12,30.42,2001,2020,2,1,205.456936226167,True,False
7354,12,32.1,2013,2020,10,1,303.7383177570093,True,False
7355,8,33.0,2012,2020,6,1,196.96969696969697,True,False
7356,12,33.0,2003,2020,7,1,242.42424242424244,True,False
7357,12,33.0,2014,2020,2,1,280.3030303030303,True,False
7358,12,33.0,2016,2020,1,1,189.3939393939394,True,False
7359,12,33.0,2011,2020,1,1,272.72727272727275,True,False
7360,12,33.0,2012,2020,12,1,297.969696969697,True,False
7361,8,33.0,2013,2020,2,1,280.3030303030303,True,False
7362,8,33.0,2018,2020,3,1,333.3333333333333,True,False
7363,8,33.0,2012,2020,2,1,272.72727272727275,True,False
7364,8,33.0,2013,2020,11,1,277.8787878787879,True,False
7365,12,33.0,2003,2020,2,1,196.96969696969697,True,False
7366,8,33.0,2016,2020,9,1,259.09090909090907,True,False
7367,8,33.0,2013,2020,2,1,257.57575757575756,True,False
7368,8,33.0,2014,2020,3,1,280.3030303030303,True,False
7369,8,33.0,2014,2020,3,1,272.72727272727275,True,False
7370,8,33.0,2014,2020,3,1,272.72727272727275,True,False
7371,12,33.0,2016,2020,6,1,280.3030303030303,True,False
7372,12,33.0,2014,2020,2,1,265.1515151515151,True,False
7373,8,33.0,2007,2020,12,1,230.8181818181818,True,False
7374,12,33.0,2013,2020,8,1,236.36363636363637,True,False
7375,25,33.0,1998,2020,8,1,259.09090909090907,True,False
7376,12,33.0,2010,2020,10,1,318.1818181818182,True,False
7377,12,33.0,2011,2020,7,1,212.12121212121212,True,False
7378,12,33.0,2016,2020,8,1,295.45454545454544,True,False
7379,12,33.0,2011,2020,3,1,271.2121212121212,True,False
7380,8,33.0,2014,2020,11,1,363.6363636363636,False,True
7381,8,33.0,2014,2020,11,1,363.6363636363636,False,True
7382,12,33.0,2003,2020,12,1,151.5151515151515,False,True
7383,8,33.0,2012,2020,12,1,181.8181818181818,False,True
7384,8,33.0,2011,2020,1,1,121.21212121212122,False,True
7385,8,33.0,2011,2020,12,1,136.36363636363637,False,True
7386,12,33.0,2002,2020,12,1,121.21212121212122,False,True
7387,12,33.05,1999,2020,9,1,113.46444780635402,True,False
7388,8,33.48,2007,2020,12,1,287.7240143369176,True,False
7389,12,34.0,2010,2020,2,1,241.1764705882353,True,False
7390,12,34.19,2003,2020,1,1,116.99327288680901,False,True
7391,8,35.0,2002,2020,1,1,128.57142857142858,False,True
7392,8,36.0,2007,2020,2,1,236.11111111111111,True,False
7393,12,38.0,2009,2020,10,1,205.26315789473685,True,False
7394,12,38.0,2009,2020,10,1,236.8421052631579,True,False
7395,12,39.08,2001,2020,2,1,102.3541453428864,False,True
7396,12,39.6,2011,2020,1,1,151.5151515151515,False,True
7397,8,40.0,2011,2020,11,1,202.65,True,False
7398,12,40.0,2019,2020,4,1,212.5,True,False
7399,8,40.0,1997,2020,9,1,75.0,False,True
7400,8,44.0,1996,2020,6,1,181.8181818181818,True,False
7401,12,45.0,2010,2020,1,1,261.1111111111111,True,False
7402,12,45.0,2010,2020,1,1,261.1111111111111,True,False
7403,8,45.0,2015,2020,8,1,267.77777777777777,True,False
7404,8,45.0,2011,2020,1,1,272.22222222222223,True,False
7405,12,45.0,2010,2020,2,1,288.8888888888889,True,False
7406,12,45.0,2012,2020,3,1,288.8888888888889,True,False
7407,12,45.0,1999,2020,1,1,144.44444444444446,False,True
7408,12,45.39,1982,2020,5,1,143.20334875523244,True,False
7409,8,47.94,2003,2020,12,1,114.72674176053401,False,True
7410,12,48.4,2013,2020,4,1,149.79338842975207,True,False
7411,12,49.0,2007,2020,1,1,153.0612244897959,False,True
7412,8,49.2,1995,2020,9,1,81.30081300813008,True,False
7413,8,49.5,2011,2020,5,1,101.01010101010101,False,True
7414,8,49.5,2011,2020,7,1,101.01010101010101,False,True
7415,8,50.0,2011,2020,12,1,169.34,True,False
7416,25,50.0,2011,2020,7,1,200.0,True,False
7417,12,50.0,2011,2020,1,1,190.0,True,False
7418,12,50.0,2012,2020,8,1,185.0,True,False
7419,12,50.0,1999,2020,11,1,155.54,True,False
7420,12,50.0,2014,2020,3,1,190.0,True,False
7421,12,50.0,2012,2020,7,1,160.0,False,True
7422,25,53.04,2002,2020,11,1,133.74811463046757,True,False
7423,12,55.0,2018,2020,12,1,175.76363636363635,True,False
7424,8,55.0,1988,2020,1,1,109.0909090909091,False,True
7425,12,56.1,2016,2020,4,1,187.1657754010695,True,False
7426,12,56.25,2014,2020,5,1,164.44444444444446,True,False
7427,12,56.25,2014,2020,12,1,141.63555555555556,True,False
7428,25,58.0,2012,2020,7,1,211.20689655172413,True,False
7429,8,58.0,2011,2020,12,1,168.9655172413793,True,False
7430,8,58.0,2011,2020,8,1,129.31034482758622,False,True
7431,12,58.0,2012,2020,7,1,137.93103448275863,False,True
7432,25,58.56,2012,2020,6,1,204.91803278688525,True,False
7433,12,59.0,2018,2020,7,1,169.4915254237288,False,True
7434,12,60.0,2018,2020,4,1,204.16666666666666,True,False
7435,12,60.0,2012,2020,3,1,233.33333333333334,True,False
7436,12,60.0,1954,2020,1,1,166.66666666666666,False,True
7437,12,61.2,1990,2020,8,1,163.3986928104575,False,True
7438,12,61.2,1990,2020,8,1,163.3986928104575,False,True
7439,12,61.54,1997,2020,12,1,108.33604159896002,True,False
7440,8,64.15,1987,2020,5,1,140.29618082618862,False,True
7441,12,66.0,1997,2020,2,1,151.5151515151515,True,False
7442,8,66.0,2011,2020,8,1,128.78787878787878,False,True
7443,25,66.0,2012,2020,6,1,136.36363636363637,False,True
7444,12,66.0,2013,2020,12,1,166.66666666666666,False,True
7445,8,66.0,2011,2020,12,1,128.78787878787878,False,True
7446,8,66.47,1994,2020,12,1,112.83285692793741,True,False
7447,12,69.0,2007,2020,6,1,101.44927536231884,False,True
7448,12,70.0,2016,2020,7,1,142.85714285714286,False,True
7449,12,74.3,2011,2020,10,1,151.41318977119786,True,False
7450,12,74.3,2011,2020,10,1,107.67160161507402,False,True
7451,8,75.5,1966,2020,3,1,92.71523178807946,False,True
7452,12,78.0,1988,2020,11,1,193.66666666666666,True,False
7453,8,85.0,2012,2020,2,1,147.05882352941177,True,False
7454,12,89.0,1991,2020,6,1,123.59550561797752,False,True
7455,8,99.0,2012,2020,5,1,131.31313131313132,True,False
7456,12,112.56,1981,2020,9,1,23.98720682302772,False,True
7457,8,138.81,2014,2020,5,1,144.08183848425907,False,True
7458,8,143.28,2014,2020,5,1,139.58682300390842,False,True
7459,12,36.0,2006,2020,4,1,258.3333333333333,True,False
7460,12,49.58,1997,2020,1,1,186.56716417910448,True,False
7461,8,80.0,1997,2020,5,1,75.0,False,True
7462,8,82.94,2017,2020,5,1,144.68290330359295,False,True
7463,12,102.41,2017,2020,7,1,78.79113367835173,True,False
7464,12,21.5,2017,2020,1,1,279.06976744186045,False,True
7465,30,24.0,2017,2020,6,1,345.8333333333333,True,False
7466,12,25.0,2007,2020,9,1,370.0,True,False
7467,8,25.0,2001,2020,7,1,328.0,True,False
7468,12,25.0,2002,2020,3,1,242.0,True,False
7469,8,25.22,2008,2020,5,1,327.12133227597144,True,False
7470,12,26.0,2018,2020,8,1,326.9230769230769,True,False
7471,8,26.0,2019,2020,2,1,192.30769230769232,False,True
7472,12,26.4,2010,2020,1,1,295.4545454545455,True,False
7473,12,26.97,2020,2020,9,1,174.26770485724882,True,False
7474,8,28.0,2011,2020,12,1,160.71428571428572,False,True
7475,12,29.75,1991,2020,3,1,117.6470588235294,True,False
7476,8,30.0,2001,2020,3,1,243.33333333333334,True,False
7477,12,30.0,2004,2020,6,1,241.66666666666666,True,False
7478,12,30.0,2004,2020,10,1,215.0,True,False
7479,12,30.0,2004,2020,4,1,141.66666666666666,True,False
7480,8,30.0,2010,2020,8,1,225.0,True,False
7481,12,30.0,2014,2020,3,1,233.33333333333334,True,False
7482,12,30.0,2014,2020,4,1,275.0,True,False
7483,12,30.0,2013,2020,2,1,100.0,False,True
7484,8,30.0,2011,2020,11,1,133.33333333333334,False,True
7485,12,31.62,2008,2020,2,1,292.53636938646423,True,False
7486,12,32.0,2014,2020,4,1,343.75,True,False
7487,12,33.0,2017,2020,1,1,204.54545454545453,True,False
7488,12,33.0,2005,2020,12,1,346.45454545454544,True,False
7489,12,33.0,2003,2020,8,1,192.42424242424244,True,False
7490,8,33.0,2007,2020,5,1,236.36363636363637,True,False
7491,12,33.0,2014,2020,5,1,280.3030303030303,True,False
7492,12,33.0,2007,2020,7,1,121.21212121212122,False,True
7493,8,33.0,2019,2020,1,1,212.12121212121212,False,True
7494,12,33.0,2008,2020,8,1,106.06060606060606,False,True
7495,12,33.06,2010,2020,5,1,279.79431336963097,True,False
7496,12,35.0,2015,2020,2,1,264.2857142857143,True,False
7497,12,37.21,2014,2020,4,1,315.7753292125773,True,False
7498,12,37.37,2020,2020,10,1,125.76933369012578,True,False
7499,8,38.0,2010,2020,6,1,138.1578947368421,True,False
7500,25,39.78,2019,2020,2,1,201.10608345902463,False,True
7501,12,40.0,2018,2020,1,1,281.25,True,False
7502,8,40.0,2003,2020,2,1,181.25,True,False
7503,12,45.0,2018,2020,1,1,77.77777777777777,True,False
7504,12,45.0,2019,2020,1,1,300.0,True,False
7505,12,45.0,2012,2020,3,1,294.44444444444446,True,False
7506,12,45.0,2018,2020,3,1,266.6666666666667,True,False
7507,12,45.0,2003,2020,5,1,100.0,False,True
7508,8,46.28,1993,2020,3,1,54.019014693172,False,True
7509,12,48.0,2014,2020,5,1,255.20833333333334,True,False
7510,12,49.0,2006,2020,10,1,132.6530612244898,False,True
7511,12,49.03,1996,2020,8,1,112.17621864164796,True,False
7512,8,49.5,2019,2020,10,1,90.9090909090909,False,True
7513,8,49.6,1992,2020,6,1,100.80645161290322,False,True
7514,8,49.74,1994,2020,8,1,110.57498994772818,True,False
7515,12,50.0,2014,2020,3,1,230.0,True,False
7516,8,50.0,1991,2020,5,1,185.0,True,False
7517,12,50.0,2014,2020,4,1,210.0,True,False
7518,8,50.0,1991,2020,8,1,140.0,True,False
7519,12,50.0,2008,2020,2,1,140.0,False,True
7520,8,50.0,2008,2020,1,1,110.0,False,True
7521,25,50.0,2017,2020,12,1,160.0,False,True
7522,12,50.0,2010,2020,2,1,120.0,False,True
7523,8,50.0,2003,2020,7,1,120.0,False,True
7524,12,52.0,2010,2020,1,1,163.46153846153845,True,False
7525,12,54.0,2006,2020,4,1,111.11111111111111,False,True
7526,8,54.79,1996,2020,6,1,82.1317758715094,True,False
7527,12,55.0,2013,2020,11,1,183.74545454545455,True,False
7528,8,55.0,2019,2020,11,1,159.76363636363635,True,False
7529,12,55.5,2010,2020,8,1,184.6846846846847,True,False
7530,12,56.0,2018,2020,7,1,157.14285714285714,False,True
7531,25,56.0,2013,2020,12,1,178.57142857142858,False,True
7532,12,58.0,2017,2020,3,1,181.0344827586207,True,False
7533,12,58.0,2016,2020,4,1,275.86206896551727,True,False
7534,12,58.0,2018,2020,6,1,34.48275862068966,False,True
7535,8,58.0,2011,2020,11,1,146.55172413793105,False,True
7536,12,59.61,2007,2020,4,1,100.65425264217413,False,True
7537,12,60.0,2014,2020,7,1,200.0,True,False
7538,25,60.0,2017,2020,2,1,100.0,True,False
7539,12,60.0,2012,2020,5,1,195.83333333333334,True,False
7540,8,60.0,1995,2020,9,1,129.16666666666666,True,False
7541,8,60.0,2007,2020,2,1,154.16666666666666,True,False
7542,12,60.0,2013,2020,4,1,133.33333333333334,False,True
7543,12,60.62,2013,2020,8,1,218.5747278126031,True,False
7544,12,62.8,2007,2020,11,1,111.46496815286625,False,True
7545,12,63.7,2016,2020,6,1,211.9309262166405,True,False
7546,12,65.66,2014,2020,2,1,121.83978068839477,False,True
7547,25,66.12,2017,2020,1,1,226.86025408348456,False,True
7548,8,68.22,2005,2020,11,1,102.60920551158019,False,True
7549,12,70.0,1991,2020,2,1,132.14285714285714,True,False
7550,12,71.38,2016,2020,11,1,188.97450266181005,True,False
7551,12,74.25,2005,2020,5,1,87.54208754208754,False,True
7552,12,75.0,2007,2020,3,1,180.0,True,False
7553,12,76.22,2001,2020,7,1,91.83941222776174,False,True
7554,12,76.43,2000,2020,5,1,189.71608007326964,True,False
7555,25,79.24,2014,2020,5,1,164.0585562847047,False,True
7556,12,80.0,2017,2020,5,1,225.0,False,True
7557,12,80.0,2017,2020,5,1,225.0,False,True
7558,12,82.5,2006,2020,3,1,121.21212121212122,False,True
7559,12,82.5,2006,2020,3,1,121.21212121212122,False,True
7560,8,82.6,1999,2020,7,1,72.63922518159806,False,True
7561,12,82.61,2017,2020,1,1,121.05072025178549,False,True
7562,12,82.61,2017,2020,1,1,121.05072025178549,False,True
7563,12,82.61,2017,2020,1,1,157.36593632732115,False,True
7564,12,82.61,2017,2020,1,1,145.2608643021426,False,True
7565,12,83.0,2006,2020,4,1,102.40963855421687,False,True
7566,12,83.0,2006,2020,4,1,102.40963855421687,False,True
7567,12,83.0,2017,2020,2,1,180.72289156626505,False,True
7568,12,83.22,2017,2020,1,1,156.21244893054555,False,True
7569,8,84.54,1991,2020,2,1,130.1159214572983,False,True
7570,12,84.66,2000,2020,3,1,129.9314906685566,False,True
7571,12,87.07,1999,2020,2,1,183.76019294820262,True,False
7572,8,89.69,1996,2020,3,1,31.218641989073475,False,True
7573,12,91.2,2004,2020,8,1,120.6140350877193,False,True
7574,12,91.26,2004,2020,12,1,127.84352399737014,True,False
7575,12,95.43,2003,2020,4,1,94.30996541967934,True,False
7576,12,96.09,2002,2020,6,1,93.66219169528567,False,True
7577,25,97.71,2002,2020,11,1,128.47200900624298,True,False
7578,12,98.59,2003,2020,1,1,101.43016533116949,False,True
7579,12,99.83,2018,2020,12,1,200.34057898427326,False,True
7580,12,99.84,2017,2020,12,1,120.1923076923077,False,True
7581,8,104.04,1995,2020,3,1,31.237985390234524,True,False
7582,12,107.78,2018,2020,9,1,183.24364446093895,True,False
7583,12,108.3,2012,2020,8,1,106.18651892890121,True,False
7584,12,108.3,2012,2020,10,1,83.10249307479225,False,True
7585,12,109.0,1995,2020,5,1,96.3302752293578,True,False
7586,12,109.45,2005,2020,7,1,123.34399269072635,True,False
7587,25,113.54,2002,2020,9,1,118.90082790206094,True,False
7588,12,120.46,2011,2020,3,1,60.16935082184958,True,False
7589,12,120.46,2011,2020,1,1,63.07487962809232,True,False
7590,25,123.69,2014,2020,6,1,343.60093782844206,True,False
7591,12,125.6,2017,2020,2,1,143.31210191082803,False,True
7592,12,144.08,2017,2020,10,1,173.51471404775123,False,True
7593,25,183.82,2000,2020,5,1,38.08073115003808,False,True
7594,25,39.0,1992,2020,2,1,243.5897435897436,True,False
7595,8,48.37,1985,2020,1,1,134.38081455447593,True,False
7596,8,58.0,2016,2020,3,1,146.55172413793105,False,True
7597,8,59.0,2016,2020,7,1,144.0677966101695,False,True
7598,8,60.0,2018,2020,2,1,158.33333333333334,True,False
7599,8,119.17,2002,2020,9,1,52.02651674079047,True,False
7600,8,119.17,2002,2020,10,1,52.02651674079047,True,False
7601,8,153.28,2016,2020,8,1,52.19206680584551,False,True
7602,12,16.5,2016,2020,9,1,463.6363636363636,True,False
7603,12,19.0,2014,2020,2,1,400.0,True,False
7604,8,19.01,1979,2020,3,1,552.3408732246186,True,False
7605,12,20.0,2004,2020,8,1,242.5,True,False
7606,12,20.0,2014,2020,11,1,324.15,True,False
7607,12,21.0,2011,2020,5,1,371.42857142857144,True,False
7608,12,22.0,2017,2020,3,1,377.27272727272725,True,False
7609,8,23.1,2007,2020,11,1,151.5151515151515,False,True
7610,12,24.0,2004,2020,3,1,247.91666666666666,True,False
7611,8,25.0,2010,2020,12,1,328.0,True,False
7612,12,25.0,2010,2020,2,1,332.0,True,False
7613,12,25.0,2013,2020,4,1,220.0,True,False
7614,8,25.0,2007,2020,10,1,140.0,False,True
7615,12,26.0,2009,2020,1,1,192.30769230769232,True,False
7616,12,26.0,2009,2020,1,1,211.53846153846155,True,False
7617,12,26.0,2013,2020,1,1,298.0769230769231,True,False
7618,12,26.44,2014,2020,8,1,323.3736762481089,True,False
7619,12,27.88,2017,2020,5,1,252.86944045911048,True,False
7620,12,28.0,2018,2020,8,1,294.64285714285717,True,False
7621,8,28.0,2018,2020,3,1,258.92857142857144,True,False
7622,12,28.0,1999,2020,7,1,164.28571428571428,True,False
7623,12,28.0,2017,2020,10,1,337.5,True,False
7624,12,28.0,2011,2020,8,1,258.92857142857144,True,False
7625,12,28.0,2016,2020,9,1,332.14285714285717,True,False
7626,12,29.7,2014,2020,12,1,312.020202020202,True,False
7627,12,29.7,2013,2020,12,1,134.68013468013467,False,True
7628,12,29.7,2018,2020,2,1,202.02020202020202,False,True
7629,8,29.7,2011,2020,11,1,134.68013468013467,False,True
7630,12,30.0,2002,2020,1,1,228.33333333333334,True,False
7631,12,30.0,2014,2020,3,1,283.3333333333333,True,False
7632,8,30.0,2018,2020,5,1,256.6666666666667,True,False
7633,12,30.0,2018,2020,6,1,306.6666666666667,True,False
7634,12,30.0,2018,2020,6,1,225.0,True,False
7635,12,30.0,2018,2020,12,1,211.1,True,False
7636,12,30.0,2012,2020,12,1,270.0,True,False
7637,12,30.0,2005,2020,2,1,250.0,True,False
7638,12,30.0,2015,2020,8,1,225.0,True,False
7639,12,30.0,2012,2020,1,1,253.33333333333334,True,False
7640,12,30.0,2016,2020,12,1,225.56666666666666,True,False
7641,12,30.0,2016,2020,3,1,366.6666666666667,True,False
7642,12,30.0,2014,2020,3,1,211.66666666666666,True,False
7643,12,30.0,2016,2020,1,1,333.3333333333333,True,False
7644,8,30.0,2007,2020,2,1,213.33333333333334,True,False
7645,12,30.0,2013,2020,7,1,283.3333333333333,True,False
7646,12,30.0,2011,2020,4,1,258.3333333333333,True,False
7647,12,30.0,2017,2020,1,1,450.0,True,False
7648,12,30.0,2018,2020,5,1,166.66666666666666,False,True
7649,12,30.0,2014,2020,8,1,150.0,False,True
7650,12,30.0,2018,2020,6,1,200.0,False,True
7651,12,30.0,2018,2020,6,1,133.33333333333334,False,True
7652,12,30.0,2003,2020,12,1,100.0,False,True
7653,12,30.0,2010,2020,12,1,116.66666666666667,False,True
7654,8,30.0,2007,2020,10,1,116.66666666666667,False,True
7655,8,30.0,2008,2020,10,1,133.33333333333334,False,True
7656,12,30.0,2015,2020,4,1,50.0,False,True
7657,12,30.0,2018,2020,8,1,200.0,False,True
7658,12,30.2,2018,2020,6,1,349.3377483443709,True,False
7659,8,33.0,2016,2020,11,1,261.75757575757575,True,False
7660,12,33.0,2005,2020,1,1,218.1818181818182,True,False
7661,12,33.0,2018,2020,5,1,227.27272727272728,True,False
7662,8,33.0,2018,2020,4,1,265.1515151515151,True,False
7663,8,33.0,2018,2020,12,1,338.3939393939394,True,False
7664,12,33.0,2002,2020,3,1,165.15151515151516,True,False
7665,12,33.0,2005,2020,2,1,236.36363636363637,True,False
7666,12,33.0,2016,2020,9,1,312.1212121212121,True,False
7667,12,33.0,2017,2020,12,1,287.8787878787879,True,False
7668,12,33.0,2012,2020,11,1,248.93939393939394,True,False
7669,12,33.0,2016,2020,6,1,227.27272727272728,True,False
7670,12,33.0,2010,2020,7,1,251.5151515151515,True,False
7671,12,33.0,2011,2020,7,1,204.54545454545453,True,False
7672,8,33.0,2016,2020,10,1,189.3939393939394,True,False
7673,8,33.0,2016,2020,10,1,189.3939393939394,True,False
7674,12,33.0,2011,2020,12,1,378.7878787878788,True,False
7675,12,33.0,2017,2020,1,1,250.0,True,False
7676,8,33.0,2012,2020,8,1,233.33333333333334,True,False
7677,12,33.0,2018,2020,8,1,136.36363636363637,False,True
7678,12,33.0,2015,2020,5,1,121.21212121212122,False,True
7679,8,33.0,2008,2020,2,1,136.36363636363637,False,True
7680,12,33.0,2018,2020,7,1,121.21212121212122,False,True
7681,12,33.05,2014,2020,4,1,181.54311649016643,True,False
7682,8,33.33,1991,2020,7,1,133.5133513351335,True,False
7683,12,34.92,1985,2020,7,1,100.2290950744559,False,True
7684,12,35.0,2018,2020,8,1,371.42857142857144,True,False
7685,12,35.0,2018,2020,1,1,258.57142857142856,True,False
7686,12,35.0,2018,2020,3,1,230.0,True,False
7687,8,35.0,2017,2020,8,1,258.57142857142856,True,False
7688,12,35.0,2013,2020,5,1,221.42857142857142,True,False
7689,12,35.0,2019,2020,1,1,157.14285714285714,False,True
7690,12,35.24,2018,2020,6,1,205.7321225879682,True,False
7691,12,36.0,2005,2020,5,1,131.94444444444446,True,False
7692,12,36.0,2016,2020,3,1,291.6666666666667,True,False
7693,12,36.0,2017,2020,10,1,300.0,True,False
7694,12,36.12,2019,2020,2,1,138.42746400885937,False,True
7695,12,38.96,2013,2020,3,1,192.50513347022587,True,False
7696,12,39.0,2017,2020,2,1,238.46153846153845,True,False
7697,12,39.0,2017,2020,1,1,179.48717948717947,True,False
7698,12,39.0,2016,2020,1,1,243.5897435897436,True,False
7699,12,39.0,2017,2020,1,1,266.6666666666667,True,False
7700,12,39.0,2018,2020,6,1,153.84615384615384,False,True
7701,8,39.27,2016,2020,12,1,229.18258212375858,True,False
7702,12,39.27,2018,2020,2,1,152.78838808250572,False,True
7703,8,39.61,1995,2020,12,1,79.95455693006816,True,False
7704,12,40.0,1988,2020,8,1,112.5,True,False
7705,12,40.0,2003,2020,10,1,156.25,True,False
7706,8,40.0,1988,2020,6,1,131.25,True,False
7707,8,40.0,1988,2020,6,1,412.5,True,False
7708,12,40.0,2016,2020,3,1,256.25,True,False
7709,12,40.0,2018,2020,7,1,175.0,True,False
7710,12,40.0,2018,2020,12,1,279.175,True,False
7711,12,40.0,2017,2020,1,1,306.25,True,False
7712,12,40.0,2010,2020,2,1,150.0,True,False
7713,12,40.0,2010,2020,2,1,150.0,True,False
7714,12,40.0,2018,2020,12,1,217.5,True,False
7715,12,40.0,2017,2020,9,1,231.25,True,False
7716,12,40.0,2016,2020,6,1,262.5,True,False
7717,8,40.0,2007,2020,1,1,300.0,True,False
7718,12,40.0,2018,2020,8,1,231.25,True,False
7719,12,40.0,2015,2020,11,1,137.5,False,True
7720,8,40.0,2007,2020,10,1,125.0,False,True
7721,12,40.0,2018,2020,12,1,162.5,False,True
7722,12,40.0,2017,2020,4,1,150.0,False,True
7723,8,40.32,2006,2020,8,1,155.00992063492063,True,False
7724,8,41.26,2001,2020,1,1,158.7493940862821,True,False
7725,8,42.0,2008,2020,9,1,202.38095238095238,True,False
7726,8,42.0,2008,2020,9,1,202.38095238095238,True,False
7727,12,42.0,2003,2020,12,1,150.78571428571428,True,False
7728,12,42.0,2018,2020,9,1,250.0,True,False
7729,8,42.9,2016,2020,4,1,198.13519813519815,True,False
7730,8,43.0,2011,2020,6,1,104.65116279069767,True,False
7731,8,44.42,1988,2020,9,1,129.4461954074741,True,False
7732,12,45.0,1994,2020,11,1,101.42222222222222,True,False
7733,8,45.0,2012,2020,12,1,214.82222222222222,True,False
7734,12,45.0,2003,2020,3,1,155.55555555555554,True,False
7735,8,45.0,1996,2020,2,1,150.0,True,False
7736,12,45.0,2018,2020,10,1,216.66666666666666,True,False
7737,8,45.0,2018,2020,10,1,266.6666666666667,True,False
7738,8,45.0,1993,2020,5,1,100.0,True,False
7739,8,45.0,1993,2020,8,1,161.11111111111111,True,False
7740,8,45.0,1997,2020,7,1,105.55555555555556,True,False
7741,12,45.0,1995,2020,5,1,173.33333333333334,True,False
7742,12,45.0,2016,2020,6,1,244.44444444444446,True,False
7743,12,45.0,2012,2020,1,1,244.44444444444446,True,False
7744,12,45.0,2013,2020,12,1,177.77777777777777,False,True
7745,8,45.0,1996,2020,7,1,88.88888888888889,False,True
7746,12,45.0,1991,2020,11,1,88.88888888888889,False,True
7747,8,45.0,1995,2020,10,1,100.0,False,True
7748,8,45.0,2018,2020,10,1,155.55555555555554,False,True
7749,8,45.0,2018,2020,10,1,155.55555555555554,False,True
7750,8,45.6,1995,2020,9,1,87.71929824561403,False,True
7751,12,45.8,2002,2020,1,1,174.67248908296943,True,False
7752,8,45.83,1989,2020,4,1,43.63953742090334,False,True
7753,12,46.0,2011,2020,6,1,201.08695652173913,True,False
7754,8,46.2,1989,2020,8,1,32.467532467532465,False,True
7755,12,46.7,2018,2020,5,1,305.1391862955032,True,False
7756,12,46.7,2018,2020,5,1,305.1391862955032,True,False
7757,12,46.7,2018,2020,5,1,235.5460385438972,True,False
7758,12,46.79,2003,2020,12,1,156.0162427869203,True,False
7759,8,47.08,2011,2020,11,1,265.2718776550552,True,False
7760,8,48.0,1988,2020,4,1,140.625,True,False
7761,8,48.0,1988,2020,4,1,140.625,True,False
7762,12,48.0,2011,2020,4,1,187.5,True,False
7763,12,48.6,2004,2020,5,1,164.60905349794237,True,False
7764,8,49.0,1988,2020,5,1,112.24489795918367,True,False
7765,12,49.4,1989,2020,6,1,80.97165991902834,False,True
7766,12,49.5,1994,2020,11,1,75.81818181818181,True,False
7767,8,49.5,1989,2020,4,1,161.6161616161616,True,False
7768,12,49.5,1998,2020,11,1,138.14141414141415,True,False
7769,12,49.59,1997,2020,11,1,96.9751966122202,True,False
7770,8,50.0,2012,2020,1,1,185.0,True,False
7771,8,50.0,1997,2020,6,1,185.0,True,False
7772,12,50.0,2018,2020,8,1,175.0,True,False
7773,8,50.0,2018,2020,3,1,190.0,True,False
7774,8,50.0,2011,2020,9,1,220.0,True,False
7775,12,50.0,2012,2020,6,1,231.0,True,False
7776,12,50.0,2012,2020,6,1,231.0,True,False
7777,8,50.0,2011,2020,5,1,145.0,True,False
7778,12,50.0,2018,2020,9,1,225.0,True,False
7779,12,50.0,2010,2020,12,1,166.66,True,False
7780,12,50.0,1992,2020,2,1,120.0,True,False
7781,8,50.0,1988,2020,10,1,141.0,True,False
7782,8,50.0,1987,2020,4,1,175.0,True,False
7783,12,50.0,2009,2020,12,1,160.0,False,True
7784,8,50.0,2007,2020,2,1,110.0,False,True
7785,8,50.0,2015,2020,5,1,160.0,False,True
7786,8,50.0,2015,2020,5,1,160.0,False,True
7787,12,50.0,2010,2020,4,1,160.0,False,True
7788,12,50.0,2013,2020,6,1,160.0,False,True
7789,12,50.0,2017,2020,10,1,120.0,False,True
7790,12,50.0,2015,2020,1,1,100.0,False,True
7791,8,50.26,1995,2020,6,1,109.43095901313173,False,True
7792,12,51.95,2004,2020,11,1,157.07410972088545,True,False
7793,12,52.0,2016,2020,10,1,245.19230769230768,True,False
7794,8,52.0,1988,2020,6,1,86.53846153846153,True,False
7795,12,52.0,2005,2020,3,1,163.46153846153845,True,False
7796,8,52.44,1995,2020,10,1,95.34706331045004,False,True
7797,12,52.9,2016,2020,7,1,151.22873345935727,False,True
7798,12,53.0,2001,2020,2,1,113.20754716981132,True,False
7799,12,53.11,1989,2020,6,1,103.55865185464131,True,False
7800,12,53.28,2003,2020,4,1,141.7042042042042,True,False
7801,8,53.32,1995,2020,9,1,103.15078769692423,False,True
7802,8,53.4,1992,2020,2,1,93.63295880149813,False,True
7803,12,53.49,2016,2020,9,1,54.60833800710413,True,False
7804,12,53.49,2016,2020,11,1,57.28173490372032,True,False
7805,12,54.0,1994,2020,3,1,106.48148148148148,True,False
7806,12,54.0,1997,2020,4,1,92.5925925925926,False,True
7807,12,55.0,2017,2020,1,1,222.72727272727272,True,False
7808,12,55.0,2009,2020,10,1,194.54545454545453,True,False
7809,12,55.0,2008,2020,5,1,185.45454545454547,True,False
7810,12,55.0,2013,2020,10,1,127.27272727272727,False,True
7811,8,55.0,2011,2020,1,1,136.36363636363637,False,True
7812,12,55.0,1984,2020,2,1,90.9090909090909,False,True
7813,12,55.0,2013,2020,10,1,127.27272727272727,False,True
7814,12,56.0,2017,2020,1,1,151.78571428571428,False,True
7815,12,56.21,2014,2020,7,1,160.11385874399573,False,True
7816,8,56.29,1986,2020,5,1,124.35601350151003,False,True
7817,8,57.0,2013,2020,10,1,140.35087719298247,True,False
7818,8,57.2,1993,2020,2,1,135.48951048951048,True,False
7819,12,57.72,2004,2020,4,1,142.93139293139293,True,False
7820,8,58.0,2012,2020,2,1,103.44827586206897,False,True
7821,8,58.34,1995,2020,6,1,179.9794309221803,True,False
7822,8,58.34,1995,2020,6,1,179.9794309221803,True,False
7823,12,59.0,2016,2020,12,1,152.54237288135593,False,True
7824,12,59.0,2016,2020,12,1,152.54237288135593,False,True
7825,8,59.0,2011,2020,9,1,135.59322033898306,False,True
7826,12,59.2,2017,2020,11,1,143.58108108108107,False,True
7827,12,60.0,2014,2020,4,1,112.5,True,False
7828,12,60.0,2018,2020,9,1,208.33333333333334,True,False
7829,8,60.0,1987,2020,4,1,108.33333333333333,True,False
7830,12,60.0,1991,2020,4,1,120.83333333333333,True,False
7831,8,60.0,2011,2020,1,1,158.33333333333334,True,False
7832,12,60.0,1988,2020,4,1,133.33333333333334,True,False
7833,12,60.0,2006,2020,11,1,199.81666666666666,True,False
7834,12,60.0,2017,2020,11,1,229.43333333333334,True,False
7835,12,60.0,2004,2020,5,1,170.83333333333334,True,False
7836,12,60.0,2011,2020,11,1,178.55,True,False
7837,8,60.0,1992,2020,5,1,179.16666666666666,True,False
7838,12,60.0,2003,2020,6,1,83.33333333333333,False,True
7839,8,60.0,2011,2020,4,1,116.66666666666667,False,True
7840,12,61.0,2016,2020,9,1,196.72131147540983,True,False
7841,12,61.9,1986,2020,12,1,80.77544426494346,False,True
7842,8,62.0,2013,2020,1,1,104.83870967741936,True,False
7843,12,62.0,2016,2020,7,1,145.16129032258064,False,True
7844,12,62.0,1988,2020,8,1,129.03225806451613,False,True
7845,12,62.81,2018,2020,6,1,143.28928514567744,False,True
7846,8,63.0,1986,2020,1,1,111.11111111111111,False,True
7847,12,63.0,2016,2020,7,1,138.57142857142858,False,True
7848,8,63.12,1988,2020,4,1,110.89987325728771,False,True
7849,12,63.44,2005,2020,3,1,173.3921815889029,True,False
7850,12,64.1,1989,2020,2,1,175.50702028081125,True,False
7851,12,65.58,2006,2020,1,1,160.10978956999085,True,False
7852,12,65.75,2020,2020,4,1,152.0912547528517,False,True
7853,12,66.0,2013,2020,10,1,208.33333333333334,True,False
7854,12,66.0,2018,2020,10,1,291.6666666666667,True,False
7855,8,66.0,1987,2020,5,1,121.21212121212122,True,False
7856,12,66.0,2018,2020,7,1,227.27272727272728,True,False
7857,8,66.0,1986,2020,6,1,98.48484848484848,False,True
7858,8,66.0,1992,2020,1,1,60.60606060606061,False,True
7859,8,66.3,1986,2020,11,1,135.74660633484163,False,True
7860,12,66.55,1983,2020,1,1,97.67092411720512,True,False
7861,12,67.17,1993,2020,12,1,155.82849486377847,True,False
7862,8,68.0,1995,2020,10,1,73.52941176470588,False,True
7863,8,68.15,1988,2020,5,1,85.1063829787234,True,False
7864,8,68.97,1989,2020,1,1,72.4952878062926,False,True
7865,8,68.97,1989,2020,1,1,101.49340292880963,False,True
7866,8,68.99,1990,2020,12,1,113.5381939411509,True,False
7867,12,69.0,2010,2020,3,1,163.04347826086956,True,False
7868,8,69.03,1990,2020,1,1,141.24293785310735,True,False
7869,8,69.69,1990,2020,3,1,118.38140335772708,True,False
7870,12,70.15,1988,2020,6,1,128.29650748396293,True,False
7871,8,70.23,1985,2020,6,1,75.46632493236508,True,False
7872,12,70.82,2018,2020,4,1,148.2632024851737,True,False
7873,12,71.11,1988,2020,4,1,89.29827028547321,True,False
7874,8,71.27,1990,2020,6,1,189.42051354005895,True,False
7875,12,71.49,2018,2020,6,1,153.86767380053155,True,False
7876,8,71.61,1998,2020,1,1,48.87585532746823,True,False
7877,12,72.0,1991,2020,9,1,156.25,True,False
7878,12,72.7,2011,2020,2,1,110.04126547455296,False,True
7879,12,74.21,2010,2020,4,1,161.70327449130846,False,True
7880,12,74.52,1987,2020,11,1,109.50080515297907,True,False
7881,12,75.0,2011,2020,1,1,140.0,True,False
7882,12,75.0,2009,2020,2,1,140.0,True,False
7883,8,75.0,1997,2020,2,1,53.333333333333336,False,True
7884,12,76.0,2010,2020,12,1,146.93421052631578,True,False
7885,12,76.0,2010,2020,10,1,105.26315789473684,False,True
7886,12,78.24,1994,2020,5,1,83.07770961145195,True,False
7887,8,78.64,1992,2020,5,1,120.80366225839268,True,False
7888,8,78.64,1992,2020,5,1,123.98270600203459,True,False
7889,8,79.0,1986,2020,2,1,75.9493670886076,False,True
7890,8,79.2,2004,2020,3,1,107.32323232323232,False,True
7891,12,80.0,2003,2020,1,1,131.25,True,False
7892,12,80.0,2003,2020,1,1,131.25,True,False
7893,8,80.0,1988,2020,1,1,137.5,True,False
7894,8,80.53,1983,2020,12,1,99.3418601763318,False,True
7895,12,80.73,1985,2020,4,1,81.13464635203765,True,False
7896,12,81.0,2018,2020,9,1,123.45679012345678,False,True
7897,12,82.0,2018,2020,1,1,228.65853658536585,True,False
7898,12,82.0,1991,2020,9,1,124.39024390243902,True,False
7899,12,82.0,2018,2020,1,1,146.34146341463415,False,True
7900,12,82.32,1987,2020,11,1,153.79008746355686,True,False
7901,8,82.8,2008,2020,2,1,108.69565217391305,False,True
7902,12,83.0,2010,2020,2,1,135.5421686746988,True,False
7903,12,83.0,2004,2020,7,1,120.48192771084338,False,True
7904,12,83.72,1996,2020,4,1,95.55661729574773,True,False
7905,12,83.78,2001,2020,2,1,161.136309381714,True,False
7906,12,84.0,2016,2020,2,1,178.57142857142858,False,True
7907,12,84.0,2004,2020,12,1,113.0952380952381,False,True
7908,8,84.78,2016,2020,1,1,165.13328615239442,True,False
7909,12,84.83,2018,2020,2,1,141.45938936696925,False,True
7910,12,84.93,2020,2020,7,1,129.5184269398328,False,True
7911,12,84.93,2020,2020,7,1,153.06723183798422,False,True
7912,8,87.0,2005,2020,2,1,57.47126436781609,False,True
7913,12,87.72,1995,2020,12,1,98.8030095759234,True,False
7914,12,88.58,1995,2020,4,1,110.06999322646196,True,False
7915,12,88.96,2016,2020,3,1,148.94334532374103,True,False
7916,12,89.55,1995,2020,11,1,141.5857063093244,True,False
7917,12,89.8,2018,2020,6,1,167.0378619153675,False,True
7918,8,90.0,2007,2020,3,1,122.22222222222223,True,False
7919,12,90.72,1995,2020,11,1,55.114638447971785,False,True
7920,12,92.06,1994,2020,7,1,86.89984792526613,False,True
7921,12,95.2,2011,2020,2,1,94.53781512605042,False,True
7922,8,95.94,2012,2020,12,1,111.18407337919534,True,False
7923,8,95.94,2012,2020,5,1,109.44340212632896,True,False
7924,12,96.0,1989,2020,7,1,78.125,True,False
7925,12,96.58,2015,2020,6,1,134.6034375647132,True,False
7926,12,96.94,1989,2020,10,1,82.52527336496803,True,False
7927,12,97.56,1996,2020,3,1,92.25092250922509,False,True
7928,12,99.0,1990,2020,9,1,90.9090909090909,True,False
7929,12,99.0,2018,2020,2,1,136.36363636363637,True,False
7930,8,99.52,1990,2020,5,1,90.43408360128618,False,True
7931,12,100.0,2016,2020,4,1,160.0,True,False
7932,8,100.0,2015,2020,4,1,155.0,True,False
7933,12,102.0,2018,2020,2,1,147.05882352941177,False,True
7934,12,102.47,2017,2020,3,1,156.1432614423734,False,True
7935,12,103.89,2020,2020,3,1,139.57069977861198,True,False
7936,12,104.94,2018,2020,4,1,114.35105774728416,False,True
7937,12,105.0,2013,2020,2,1,150.0,True,False
7938,12,105.0,2004,2020,2,1,95.23809523809524,False,True
7939,12,122.4,2004,2020,12,1,100.75980392156862,True,False
7940,8,126.76,2006,2020,9,1,114.38939728621015,True,False
7941,12,127.08,2018,2020,7,1,141.643059490085,True,False
7942,12,127.6,2011,2020,3,1,111.67711598746082,True,False
7943,12,154.11,2018,2020,2,1,502.8875478554279,True,False
7944,8,177.0,1996,2020,6,1,40.96045197740113,True,False
7945,8,13.0,2003,2020,12,1,589.7692307692307,True,False
7946,8,15.0,2017,2020,2,1,546.6666666666666,True,False
7947,8,16.0,2014,2020,5,1,443.75,True,False
7948,8,18.84,2014,2020,2,1,132.6963906581741,False,True
7949,8,20.0,2017,2020,2,1,400.0,True,False
7950,8,20.0,2011,2020,9,1,400.0,True,False
7951,12,20.0,2016,2020,12,1,225.0,False,True
7952,8,20.0,2000,2020,7,1,200.0,False,True
7953,12,23.0,2014,2020,2,1,347.82608695652175,True,False
7954,8,23.1,2017,2020,1,1,370.1298701298701,True,False
7955,8,23.1,2017,2020,1,1,337.6623376623376,True,False
7956,8,23.1,2017,2020,2,1,348.48484848484844,True,False
7957,8,23.1,2017,2020,2,1,333.3333333333333,True,False
7958,8,23.1,2017,2020,2,1,337.6623376623376,True,False
7959,25,24.0,2017,2020,2,1,385.4166666666667,True,False
7960,8,24.0,2018,2020,1,1,208.33333333333334,False,True
7961,8,25.0,2017,2020,2,1,304.0,True,False
7962,8,25.0,2012,2020,10,1,500.0,True,False
7963,8,25.0,2018,2020,11,1,324.6,True,False
7964,8,25.0,2008,2020,5,1,320.0,True,False
7965,12,25.0,2016,2020,1,1,370.0,True,False
7966,8,25.0,2008,2020,2,1,292.0,True,False
7967,8,25.0,2003,2020,12,1,332.0,True,False
7968,8,25.0,2012,2020,12,1,266.68,True,False
7969,8,25.0,2018,2020,4,1,290.0,True,False
7970,8,25.0,2008,2020,2,1,342.0,True,False
7971,12,25.0,2016,2020,2,1,270.0,True,False
7972,8,25.0,2012,2020,10,1,440.0,True,False
7973,8,25.0,2018,2020,11,1,160.0,False,True
7974,12,26.0,2015,2020,2,1,336.53846153846155,True,False
7975,8,26.0,2008,2020,11,1,115.38461538461539,False,True
7976,8,26.0,2008,2020,10,1,173.07692307692307,False,True
7977,8,26.3,2018,2020,2,1,340.3041825095057,True,False
7978,8,26.3,2001,2020,3,1,102.6615969581749,False,True
7979,12,26.4,2016,2020,12,1,170.45454545454547,False,True
7980,8,26.45,2000,2020,2,1,224.95274102079395,True,False
7981,8,27.0,2008,2020,4,1,242.59259259259258,True,False
7982,12,27.0,2014,2020,1,1,316.6666666666667,True,False
7983,25,27.0,2017,2020,12,1,364.18518518518516,True,False
7984,25,27.0,2017,2020,11,1,349.48148148148147,True,False
7985,8,27.0,2000,2020,11,1,167.07407407407408,True,False
7986,8,28.0,2012,2020,4,1,314.2857142857143,True,False
7987,8,28.0,2004,2020,2,1,278.57142857142856,True,False
7988,8,28.0,2012,2020,2,1,332.14285714285717,True,False
7989,25,28.0,2016,2020,2,1,341.07142857142856,True,False
7990,8,28.6,2003,2020,6,1,139.86013986013987,False,True
7991,8,29.0,2007,2020,2,1,312.0689655172414,True,False
7992,8,29.0,2016,2020,7,1,318.9655172413793,True,False
7993,8,29.0,2016,2020,7,1,312.0689655172414,True,False
7994,8,29.0,2012,2020,11,1,155.17241379310346,False,True
7995,8,30.0,2002,2020,8,1,325.0,True,False
7996,8,30.0,2011,2020,5,1,283.3333333333333,True,False
7997,8,30.0,2018,2020,12,1,282.23333333333335,True,False
7998,8,30.0,2003,2020,11,1,248.3,True,False
7999,8,30.0,2012,2020,1,1,291.6666666666667,True,False
8000,8,30.0,2006,2020,2,1,228.33333333333334,True,False
8001,12,30.0,2002,2020,12,1,246.66666666666666,True,False
8002,12,30.0,2016,2020,3,1,325.0,True,False
8003,25,30.0,2017,2020,2,1,318.3333333333333,True,False
8004,8,30.0,2004,2020,7,1,211.66666666666666,True,False
8005,8,30.0,2003,2020,2,1,281.6666666666667,True,False
8006,25,30.0,2017,2020,11,1,288.6666666666667,True,False
8007,8,30.0,2001,2020,3,1,178.33333333333334,True,False
8008,8,30.0,2004,2020,7,1,240.0,True,False
8009,8,30.0,2019,2020,1,1,283.3333333333333,True,False
8010,12,30.0,2014,2020,12,1,316.6666666666667,True,False
8011,8,30.0,2005,2020,1,1,100.0,False,True
8012,8,30.0,2004,2020,8,1,100.0,False,True
8013,8,30.0,2018,2020,6,1,166.66666666666666,False,True
8014,8,30.0,2018,2020,6,1,200.0,False,True
8015,8,30.0,2005,2020,3,1,100.0,False,True
8016,25,30.0,2011,2020,6,1,183.33333333333334,False,True
8017,8,30.0,2005,2020,12,1,116.66666666666667,False,True
8018,8,30.65,2001,2020,12,1,146.8189233278956,False,True
8019,12,33.0,2016,2020,6,1,295.45454545454544,True,False
8020,25,33.0,2001,2020,1,1,266.6666666666667,True,False
8021,25,33.0,2001,2020,4,1,212.12121212121212,True,False
8022,8,33.0,2013,2020,8,1,274.24242424242425,True,False
8023,8,33.0,2008,2020,2,1,243.93939393939394,True,False
8024,8,33.0,2009,2020,5,1,251.5151515151515,True,False
8025,8,33.0,2016,2020,2,1,272.72727272727275,True,False
8026,8,33.0,2013,2020,2,1,280.3030303030303,True,False
8027,12,33.0,2002,2020,2,1,204.54545454545453,True,False
8028,8,33.0,2001,2020,9,1,230.3030303030303,True,False
8029,8,33.0,2001,2020,9,1,271.2121212121212,True,False
8030,8,33.0,2009,2020,11,1,261.3939393939394,True,False
8031,25,33.0,2001,2020,9,1,131.8181818181818,True,False
8032,8,33.0,2004,2020,2,1,221.21212121212122,True,False
8033,8,33.0,2016,2020,11,1,339.7878787878788,True,False
8034,12,33.0,2002,2020,11,1,180.96969696969697,True,False
8035,8,33.0,2012,2020,4,1,233.33333333333334,True,False
8036,25,33.0,2001,2020,12,1,306.06060606060606,True,False
8037,8,33.0,2016,2020,8,1,356.06060606060606,True,False
8038,8,33.0,2018,2020,4,1,371.2121212121212,True,False
8039,8,33.0,2004,2020,8,1,233.33333333333334,True,False
8040,8,33.0,2009,2020,2,1,251.5151515151515,True,False
8041,8,33.0,2009,2020,9,1,242.42424242424244,True,False
8042,8,33.0,2007,2020,8,1,210.6060606060606,True,False
8043,25,33.0,2001,2020,6,1,259.09090909090907,True,False
8044,8,33.0,2008,2020,1,1,243.93939393939394,True,False
8045,8,33.0,2002,2020,8,1,90.9090909090909,False,True
8046,12,33.0,2001,2020,2,1,121.21212121212122,False,True
8047,12,33.0,2001,2020,10,1,151.5151515151515,False,True
8048,8,33.0,2004,2020,6,1,121.21212121212122,False,True
8049,12,33.0,2002,2020,7,1,121.21212121212122,False,True
8050,8,33.0,2012,2020,4,1,136.36363636363637,False,True
8051,8,33.0,2012,2020,4,1,136.36363636363637,False,True
8052,8,33.0,2012,2020,8,1,121.21212121212122,False,True
8053,25,35.0,2016,2020,5,1,328.57142857142856,True,False
8054,12,35.0,2016,2020,3,1,294.2857142857143,True,False
8055,8,35.0,2003,2020,12,1,157.14285714285714,False,True
8056,25,36.0,2002,2020,9,1,270.8333333333333,True,False
8057,8,36.0,2005,2020,12,1,250.0,True,False
8058,8,36.0,2005,2020,12,1,250.0,True,False
8059,12,36.3,2011,2020,2,1,234.1597796143251,True,False
8060,25,39.0,2016,2020,1,1,256.4102564102564,True,False
8061,8,40.0,2008,2020,5,1,275.0,True,False
8062,8,40.0,2016,2020,7,1,262.5,True,False
8063,8,40.0,2018,2020,7,1,275.0,True,False
8064,8,40.0,2007,2020,1,1,343.75,True,False
8065,12,40.0,2018,2020,1,1,287.5,True,False
8066,8,40.0,2001,2020,8,1,100.0,False,True
8067,8,40.0,2016,2020,3,1,150.0,False,True
8068,8,42.9,2018,2020,11,1,174.82517482517483,False,True
8069,8,42.9,2018,2020,12,1,139.86013986013987,False,True
8070,8,44.0,2018,2020,2,1,181.8181818181818,False,True
8071,8,45.0,2004,2020,6,1,166.66666666666666,True,False
8072,8,45.0,2004,2020,12,1,122.22222222222223,False,True
8073,8,49.0,2003,2020,5,1,198.9795918367347,True,False
8074,12,50.0,2011,2020,11,1,253.2,True,False
8075,8,50.0,2001,2020,1,1,220.0,True,False
8076,8,50.0,2003,2020,6,1,195.0,True,False
8077,12,50.0,2015,2020,3,1,190.0,True,False
8078,8,50.0,2018,2020,11,1,180.0,False,True
8079,25,52.0,2002,2020,5,1,125.0,False,True
8080,8,52.51,2012,2020,9,1,152.3519329651495,False,True
8081,8,53.0,2003,2020,3,1,221.69811320754718,True,False
8082,8,58.0,2012,2020,12,1,201.1551724137931,True,False
8083,25,59.5,2016,2020,2,1,243.69747899159663,True,False
8084,25,60.0,2016,2020,12,1,205.55,True,False
8085,25,60.78,2010,2020,3,1,168.6410003290556,True,False
8086,25,62.8,2016,2020,12,1,210.19108280254778,True,False
8087,12,64.39,2017,2020,7,1,124.24289485945022,False,True
8088,12,65.0,2011,2020,12,1,130.76923076923077,False,True
8089,8,66.0,2007,2020,6,1,174.24242424242425,True,False
8090,8,66.0,2016,2020,5,1,121.21212121212122,False,True
8091,8,66.0,2008,2020,12,1,106.06060606060606,False,True
8092,12,70.0,2012,2020,12,1,152.38571428571427,True,False
8093,12,75.0,2015,2020,5,1,146.66666666666666,True,False
8094,8,82.0,2012,2020,2,1,121.95121951219512,False,True
8095,8,82.0,2016,2020,11,1,146.34146341463415,False,True
8096,12,82.0,2011,2020,8,1,195.1219512195122,False,True
8097,8,82.5,2016,2020,3,1,133.33333333333334,False,True
8098,8,90.0,2012,2020,1,1,166.66666666666666,False,True
8099,8,95.91,2010,2020,6,1,93.83797309978105,False,True
8100,8,98.0,2016,2020,10,1,122.44897959183673,False,True
8101,8,98.91,2006,2020,2,1,139.01526640380143,True,False
8102,8,99.0,2010,2020,1,1,80.8080808080808,True,False
8103,8,105.6,2016,2020,7,1,142.04545454545456,False,True
8104,8,106.76,2018,2020,4,1,142.84376170850504,True,False
8105,8,107.97,2016,2020,3,1,150.50476984347503,True,False
8106,8,110.84,2018,2020,12,1,126.30819198845182,False,True
8107,8,123.2,2012,2020,2,1,109.57792207792208,True,False
8108,12,12.0,2019,2021,12,1,416.6666666666667,False,True
8109,12,15.0,2016,2021,7,1,581.4,True,False
8110,8,15.0,2015,2021,8,1,622.8666666666667,True,False
8111,8,15.0,2018,2021,8,1,591.4,True,False
8112,8,15.0,2016,2021,2,1,447.93333333333334,True,False
8113,12,16.0,2016,2021,1,1,500.5625,True,False
8114,8,16.0,2016,2021,3,1,281.25,False,True
8115,8,16.5,2017,2021,2,1,418.6060606060606,True,False
8116,12,17.0,2019,2021,1,1,374.3529411764706,True,False
8117,12,17.0,2019,2021,1,1,374.3529411764706,True,False
8118,12,17.0,2016,2021,9,1,488.2352941176471,True,False
8119,12,18.0,2010,2021,2,1,494.5,True,False
8120,12,18.0,2019,2021,10,1,550.7777777777778,True,False
8121,12,18.0,2008,2021,1,1,577.2777777777778,True,False
8122,8,18.0,2018,2021,8,1,492.8333333333333,True,False
8123,12,18.0,2016,2021,5,1,350.0,True,False
8124,12,18.0,2016,2021,2,1,450.77777777777777,True,False
8125,12,18.0,2016,2021,8,1,402.3888888888889,True,False
8126,12,18.0,2016,2021,12,1,382.55555555555554,True,False
8127,8,18.0,2015,2021,2,1,222.22222222222223,False,True
8128,12,18.0,2019,2021,1,1,277.77777777777777,False,True
8129,12,18.0,2019,2021,3,1,277.77777777777777,False,True
8130,12,18.0,2017,2021,1,1,277.77777777777777,False,True
8131,12,18.0,2016,2021,1,1,277.77777777777777,False,True
8132,8,18.0,2017,2021,2,1,250.0,False,True
8133,8,18.18,2019,2021,3,1,389.27392739273927,True,False
8134,8,18.18,2014,2021,1,1,265.016501650165,True,False
8135,12,18.18,2019,2021,12,1,330.03300330033005,False,True
8136,12,18.18,2019,2021,2,1,275.027502750275,False,True
8137,8,18.18,2016,2021,1,1,247.52475247524754,False,True
8138,12,18.18,2016,2021,2,1,275.027502750275,False,True
8139,12,18.3,2009,2021,5,1,458.25136612021856,True,False
8140,8,18.5,2019,2021,2,1,438.5945945945946,True,False
8141,12,19.0,2019,2021,7,1,461.63157894736844,True,False
8142,12,19.0,2019,2021,7,1,413.5263157894737,True,False
8143,8,19.0,2019,2021,4,1,381.2105263157895,True,False
8144,8,19.8,2017,2021,7,1,471.86868686868684,True,False
8145,8,19.8,2012,2021,12,1,448.030303030303,True,False
8146,8,19.83,2019,2021,1,1,427.7357539082199,True,False
8147,8,20.0,1989,2021,10,1,286.7,True,False
8148,8,20.0,2018,2021,1,1,533.2,True,False
8149,25,20.0,2016,2021,2,1,498.35,True,False
8150,12,20.0,1986,2021,12,1,438.55,True,False
8151,8,20.0,2017,2021,2,1,433.6,True,False
8152,8,20.0,2016,2021,2,1,404.05,True,False
8153,12,20.0,2021,2021,8,1,507.15,True,False
8154,8,20.0,2019,2021,2,1,433.6,True,False
8155,8,20.0,2016,2021,11,1,443.55,True,False
8156,8,20.0,2018,2021,2,1,447.55,True,False
8157,8,20.0,2016,2021,2,1,335.95,True,False
8158,8,20.0,2010,2021,2,1,214.3,True,False
8159,8,20.0,2019,2021,2,1,475.45,True,False
8160,8,20.0,2019,2021,12,1,443.55,True,False
8161,8,20.0,2012,2021,8,1,486.45,True,False
8162,8,20.0,2018,2021,2,1,319.75,True,False
8163,12,20.0,2015,2021,7,1,362.15,True,False
8164,8,20.0,2018,2021,2,1,337.2,True,False
8165,12,20.0,2019,2021,12,1,321.45,True,False
8166,8,20.0,2010,2021,1,1,209.55,True,False
8167,8,20.0,2012,2021,1,1,478.65,True,False
8168,8,20.0,2011,2021,1,1,451.35,True,False
8169,12,20.0,2006,2021,1,1,492.25,True,False
8170,8,20.0,2016,2021,7,1,443.55,True,False
8171,8,20.0,2019,2021,10,1,443.55,True,False
8172,12,20.0,2012,2021,6,1,447.55,True,False
8173,8,20.0,2010,2021,1,1,209.55,True,False
8174,8,20.0,2010,2021,1,1,209.55,True,False
8175,8,20.0,2016,2021,1,1,383.2,True,False
8176,8,20.0,2015,2021,2,1,297.65,True,False
8177,8,20.0,2012,2021,1,1,465.0,True,False
8178,8,20.0,2017,2021,7,1,435.7,True,False
8179,12,20.0,2019,2021,11,1,250.0,False,True
8180,8,20.0,2016,2021,2,1,150.0,False,True
8181,12,20.0,2019,2021,11,1,250.0,False,True
8182,8,20.0,2015,2021,12,1,225.0,False,True
8183,12,20.0,2012,2021,7,1,250.0,False,True
8184,12,20.0,2017,2021,8,1,250.0,False,True
8185,12,20.0,2016,2021,6,1,250.0,False,True
8186,12,20.0,2019,2021,12,1,250.0,False,True
8187,12,20.0,2016,2021,12,1,225.0,False,True
8188,8,20.0,2016,2021,1,1,250.0,False,True
8189,8,20.0,2015,2021,12,1,200.0,False,True
8190,8,20.0,2016,2021,2,1,200.0,False,True
8191,8,20.0,2016,2021,2,1,200.0,False,True
8192,12,20.1,2014,2021,5,1,393.7313432835821,True,False
8193,12,20.1,2014,2021,4,1,281.44278606965173,True,False
8194,12,20.3,2010,2021,9,1,493.3004926108374,True,False
8195,12,20.3,2010,2021,9,1,493.3004926108374,True,False
8196,12,20.3,2010,2021,10,1,495.0738916256158,True,False
8197,12,20.3,2010,2021,10,1,466.94581280788174,True,False
8198,12,20.3,2010,2021,10,1,466.94581280788174,True,False
8199,12,20.3,2016,2021,6,1,279.85221674876846,True,False
8200,12,20.3,2011,2021,2,1,422.7093596059113,True,False
8201,12,20.3,2010,2021,12,1,446.8472906403941,True,False
8202,12,20.3,2010,2021,8,1,493.3004926108374,True,False
8203,12,20.3,2010,2021,8,1,509.1625615763547,True,False
8204,12,20.3,2011,2021,8,1,147.7832512315271,False,True
8205,12,20.3,2011,2021,1,1,221.67487684729062,False,True
8206,12,20.3,2011,2021,2,1,221.67487684729062,False,True
8207,8,21.0,2015,2021,1,1,334.1904761904762,True,False
8208,12,21.0,2014,2021,12,1,278.9047619047619,True,False
8209,8,21.0,2021,2021,12,1,422.42857142857144,True,False
8210,8,21.0,2015,2021,2,1,342.1904761904762,True,False
8211,8,21.0,2017,2021,2,1,341.76190476190476,True,False
8212,8,21.0,1987,2021,7,1,417.6666666666667,True,False
8213,12,21.0,2019,2021,7,1,431.2857142857143,True,False
8214,12,21.0,2021,2021,12,1,422.42857142857144,True,False
8215,12,21.0,2012,2021,12,1,408.85714285714283,True,False
8216,8,21.0,2014,2021,8,1,261.9047619047619,True,False
8217,8,21.0,2012,2021,3,1,270.5238095238095,True,False
8218,12,21.0,1989,2021,8,1,214.28571428571428,False,True
8219,8,21.0,2015,2021,2,1,190.47619047619048,False,True
8220,8,21.0,2016,2021,7,1,190.47619047619048,False,True
8221,8,21.0,2018,2021,7,1,190.47619047619048,False,True
8222,12,21.0,1989,2021,12,1,214.28571428571428,False,True
8223,8,21.0,2016,2021,7,1,238.0952380952381,False,True
8224,12,21.0,2014,2021,8,1,166.66666666666666,False,True
8225,8,21.0,2015,2021,2,1,190.47619047619048,False,True
8226,12,21.0,1989,2021,11,1,214.28571428571428,False,True
8227,12,21.23,2011,2021,12,1,235.51577955723033,False,True
8228,12,21.3,2011,2021,9,1,519.1079812206573,True,False
8229,12,21.3,2010,2021,8,1,411.78403755868544,True,False
8230,12,21.3,2011,2021,11,1,435.962441314554,True,False
8231,8,21.3,2011,2021,11,1,164.31924882629107,False,True
8232,12,21.3,2010,2021,2,1,211.26760563380282,False,True
8233,12,21.3,2010,2021,2,1,211.26760563380282,False,True
8234,12,21.3,2010,2021,2,1,211.26760563380282,False,True
8235,12,22.0,2014,2021,11,1,424.6818181818182,True,False
8236,8,22.0,1987,2021,9,1,403.22727272727275,True,False
8237,8,22.0,2020,2021,12,1,403.22727272727275,True,False
8238,8,22.0,2020,2021,9,1,227.27272727272728,False,True
8239,8,22.0,2021,2021,12,1,227.27272727272728,False,True
8240,8,22.0,2021,2021,12,1,227.27272727272728,False,True
8241,12,22.3,2007,2021,10,1,449.05829596412553,True,False
8242,12,22.3,2008,2021,9,1,397.80269058295966,True,False
8243,12,22.3,2011,2021,10,1,495.82959641255604,True,False
8244,12,22.3,2007,2021,6,1,451.4349775784753,True,False
8245,12,22.3,2007,2021,8,1,457.39910313901345,True,False
8246,12,22.3,2011,2021,8,1,449.05829596412553,True,False
8247,12,22.3,2007,2021,6,1,446.95067264573987,True,False
8248,8,23.0,1988,2021,1,1,340.69565217391306,True,False
8249,8,23.0,2015,2021,11,1,195.65217391304347,False,True
8250,8,23.0,2014,2021,1,1,173.91304347826087,False,True
8251,8,23.0,2014,2021,1,1,173.91304347826087,False,True
8252,12,23.1,2007,2021,1,1,457.3160173160173,True,False
8253,12,23.1,2007,2021,11,1,482.987012987013,True,False
8254,12,23.1,2014,2021,1,1,129.87012987012986,False,True
8255,12,23.11,2010,2021,8,1,359.15188230203375,True,False
8256,8,23.14,1987,2021,9,1,395.7216940363008,True,False
8257,12,23.3,2006,2021,10,1,437.7682403433476,True,False
8258,12,23.3,2007,2021,6,1,456.0515021459227,True,False
8259,8,23.3,2016,2021,7,1,214.59227467811158,False,True
8260,8,23.5,2017,2021,1,1,338.51063829787233,True,False
8261,8,25.0,2015,2021,5,1,316.56,True,False
8262,12,25.0,2014,2021,2,1,346.88,True,False
8263,12,25.0,2011,2021,3,1,291.08,True,False
8264,12,25.0,2006,2021,10,1,257.16,True,False
8265,12,25.0,2015,2021,7,1,354.84,True,False
8266,8,25.0,2018,2021,5,1,293.72,True,False
8267,8,25.0,2019,2021,8,1,293.72,True,False
8268,12,25.0,2007,2021,7,1,341.44,True,False
8269,8,25.0,2019,2021,4,1,308.56,True,False
8270,12,25.0,2016,2021,8,1,324.0,True,False
8271,12,25.0,2010,2021,1,1,415.64,True,False
8272,12,25.0,2008,2021,8,1,350.84,True,False
8273,8,25.0,2017,2021,5,1,236.56,True,False
8274,12,25.0,2010,2021,6,1,231.24,True,False
8275,8,25.0,1988,2021,2,1,342.88,True,False
8276,8,25.0,2018,2021,12,1,354.28,True,False
8277,8,25.0,2017,2021,2,1,292.08,True,False
8278,12,25.0,2011,2021,3,1,275.92,True,False
8279,8,25.0,2019,2021,7,1,309.16,True,False
8280,12,25.0,2014,2021,11,1,412.0,True,False
8281,12,25.0,2015,2021,1,1,404.72,True,False
8282,8,25.0,2008,2021,2,1,309.4,True,False
8283,12,25.0,2015,2021,2,1,346.88,True,False
8284,12,25.0,2009,2021,2,1,486.52,True,False
8285,8,25.0,1997,2021,12,1,343.44,True,False
8286,12,25.0,2015,2021,2,1,402.68,True,False
8287,12,25.0,2017,2021,2,1,346.88,True,False
8288,12,25.0,2011,2021,1,1,437.44,True,False
8289,12,25.0,2019,2021,2,1,346.88,True,False
8290,8,25.0,2016,2021,2,1,329.4,True,False
8291,12,25.0,2012,2021,2,1,249.6,True,False
8292,8,25.0,2011,2021,8,1,408.0,True,False
8293,12,25.0,2015,2021,2,1,545.88,True,False
8294,12,25.0,2015,2021,12,1,354.84,True,False
8295,8,25.0,2020,2021,8,1,446.28,True,False
8296,12,25.0,2015,2021,12,1,354.84,True,False
8297,12,25.0,2008,2021,12,1,354.84,True,False
8298,12,25.0,2014,2021,7,1,511.44,True,False
8299,12,25.0,2011,2021,6,1,380.36,True,False
8300,12,25.0,2011,2021,12,1,354.84,True,False
8301,12,25.0,2007,2021,2,1,436.56,True,False
8302,8,25.0,2010,2021,2,1,346.88,True,False
8303,8,25.0,2019,2021,2,1,302.24,True,False
8304,12,25.0,2009,2021,2,1,260.92,True,False
8305,8,25.0,2013,2021,2,1,325.6,True,False
8306,8,25.0,1989,2021,2,1,233.48,True,False
8307,8,25.0,2013,2021,8,1,412.0,True,False
8308,8,25.0,2012,2021,1,1,357.08,True,False
8309,8,25.0,2014,2021,12,1,385.16,True,False
8310,8,25.0,2018,2021,2,1,324.56,True,False
8311,8,25.0,2014,2021,12,1,354.84,True,False
8312,12,25.0,2020,2021,1,1,298.2,True,False
8313,8,25.0,2016,2021,2,1,287.08,True,False
8314,8,25.0,2014,2021,8,1,377.72,True,False
8315,12,25.0,2010,2021,12,1,354.84,True,False
8316,12,25.0,2011,2021,2,1,309.4,True,False
8317,8,25.0,2018,2021,1,1,328.36,True,False
8318,12,25.0,2007,2021,12,1,408.56,True,False
8319,8,25.0,2019,2021,4,1,236.56,True,False
8320,12,25.0,2016,2021,9,1,350.84,True,False
8321,12,25.0,2015,2021,12,1,354.84,True,False
8322,12,25.0,2011,2021,1,1,339.28,True,False
8323,8,25.0,2018,2021,12,1,362.84,True,False
8324,8,25.0,2020,2021,5,1,358.28,True,False
8325,12,25.0,2007,2021,1,1,448.36,True,False
8326,12,25.0,2015,2021,8,1,343.44,True,False
8327,8,25.0,2020,2021,8,1,423.44,True,False
8328,8,25.0,2018,2021,4,1,274.28,True,False
8329,12,25.0,2009,2021,12,1,344.84,True,False
8330,8,25.0,2011,2021,12,1,350.84,True,False
8331,12,25.0,2019,2021,11,1,534.28,True,False
8332,12,25.0,2019,2021,1,1,243.64,True,False
8333,12,25.0,2006,2021,3,1,287.08,True,False
8334,8,25.0,2016,2021,1,1,320.0,True,False
8335,12,25.0,2017,2021,2,1,200.0,False,True
8336,12,25.0,2017,2021,7,1,200.0,False,True
8337,12,25.0,2010,2021,2,1,180.0,False,True
8338,12,25.0,2017,2021,1,1,180.0,False,True
8339,12,25.0,2006,2021,12,1,160.0,False,True
8340,8,25.0,2017,2021,2,1,180.0,False,True
8341,12,25.0,2017,2021,1,1,200.0,False,True
8342,12,25.0,2019,2021,11,1,200.0,False,True
8343,12,25.0,2017,2021,1,1,200.0,False,True
8344,8,25.0,2018,2021,2,1,180.0,False,True
8345,8,25.0,2018,2021,12,1,180.0,False,True
8346,8,25.0,2018,2021,11,1,180.0,False,True
8347,12,25.0,2019,2021,1,1,240.0,False,True
8348,8,25.0,1987,2021,11,1,120.0,False,True
8349,8,25.0,2020,2021,1,1,200.0,False,True
8350,12,25.0,2017,2021,1,1,200.0,False,True
8351,8,25.0,2017,2021,12,1,200.0,False,True
8352,8,25.0,2018,2021,7,1,160.0,False,True
8353,8,25.0,2018,2021,1,1,200.0,False,True
8354,8,25.0,2016,2021,1,1,200.0,False,True
8355,12,25.0,2019,2021,1,1,200.0,False,True
8356,12,25.3,2014,2021,11,1,395.8102766798419,True,False
8357,12,25.3,2009,2021,12,1,237.7075098814229,True,False
8358,12,25.3,2009,2021,12,1,350.6324110671937,True,False
8359,8,26.0,2018,2021,9,1,429.11538461538464,True,False
8360,12,26.0,2012,2021,7,1,403.84615384615387,True,False
8361,12,26.0,2011,2021,3,1,173.07692307692307,False,True
8362,8,26.0,2017,2021,1,1,269.2307692307692,False,True
8363,12,26.11,2008,2021,12,1,427.307545001915,True,False
8364,8,26.3,1991,2021,10,1,387.83269961977186,True,False
8365,12,26.44,2012,2021,12,1,335.51437216338877,True,False
8366,8,26.5,2021,2021,2,1,379.8867924528302,True,False
8367,12,27.0,2013,2021,12,1,402.6296296296296,True,False
8368,8,27.0,2012,2021,1,1,354.55555555555554,True,False
8369,12,27.0,2008,2021,12,1,434.4074074074074,True,False
8370,12,27.0,2011,2021,6,1,341.85185185185185,True,False
8371,8,27.0,1987,2021,10,1,324.85185185185185,True,False
8372,12,27.0,2019,2021,12,1,338.6296296296296,True,False
8373,12,27.0,2019,2021,7,1,148.14814814814815,False,True
8374,8,27.0,2013,2021,1,1,185.1851851851852,False,True
8375,8,27.0,1987,2021,10,1,111.11111111111111,False,True
8376,12,27.2,2008,2021,3,1,359.8529411764706,True,False
8377,12,27.2,2008,2021,8,1,367.64705882352945,True,False
8378,8,27.43,2012,2021,2,1,265.29347429821365,True,False
8379,12,28.0,2009,2021,12,1,316.82142857142856,True,False
8380,12,28.0,2010,2021,2,1,306.14285714285717,True,False
8381,12,28.0,2013,2021,6,1,270.75,True,False
8382,8,28.0,2017,2021,6,1,329.64285714285717,True,False
8383,12,28.0,2010,2021,12,1,316.82142857142856,True,False
8384,12,28.0,2010,2021,1,1,312.67857142857144,True,False
8385,12,28.1,2007,2021,9,1,339.1103202846975,True,False
8386,12,28.1,2007,2021,8,1,362.98932384341634,True,False
8387,12,28.1,2007,2021,8,1,362.98932384341634,True,False
8388,12,28.22,2006,2021,8,1,337.66832034018427,True,False
8389,12,28.3,2015,2021,10,1,414.452296819788,True,False
8390,12,28.3,2007,2021,7,1,410.9187279151943,True,False
8391,12,28.3,2007,2021,10,1,336.71378091872793,True,False
8392,12,28.3,2007,2021,10,1,363.95759717314485,True,False
8393,12,28.3,2007,2021,8,1,333.18021201413427,True,False
8394,12,28.3,2008,2021,7,1,384.13427561837455,True,False
8395,12,28.3,2008,2021,4,1,414.452296819788,True,False
8396,12,28.3,2007,2021,8,1,326.6077738515901,True,False
8397,12,28.3,2007,2021,6,1,395.1943462897526,True,False
8398,12,28.3,2007,2021,8,1,330.14134275618375,True,False
8399,12,28.3,2010,2021,11,1,363.95759717314485,True,False
8400,12,28.3,2015,2021,6,1,405.05300353356887,True,False
8401,12,28.3,2007,2021,6,1,405.05300353356887,True,False
8402,12,28.3,2015,2021,6,1,405.05300353356887,True,False
8403,12,28.3,2008,2021,8,1,414.452296819788,True,False
8404,12,28.44,2021,2021,12,1,157.73558368495077,True,False
8405,8,29.0,2021,2021,2,1,343.6896551724138,True,False
8406,8,29.0,2014,2021,2,1,137.93103448275863,False,True
8407,12,29.04,2021,2021,12,1,154.47658402203857,True,False
8408,8,29.7,2011,2021,12,1,298.6868686868687,True,False
8409,12,29.75,2012,2021,6,1,392.03361344537814,True,False
8410,12,29.8,2007,2021,7,1,374.3959731543624,True,False
8411,8,30.0,2015,2021,1,1,224.23333333333332,True,False
8412,8,30.0,2017,2021,12,1,362.3666666666667,True,False
8413,8,30.0,2015,2021,1,1,224.23333333333332,True,False
8414,12,30.0,2010,2021,8,1,352.8666666666667,True,False
8415,12,30.0,2006,2021,12,1,292.3666666666667,True,False
8416,12,30.0,2015,2021,1,1,319.1,True,False
8417,8,30.0,2012,2021,2,1,303.1,True,False
8418,12,30.0,2008,2021,12,1,362.3666666666667,True,False
8419,12,30.0,2009,2021,11,1,397.6333333333333,True,False
8420,8,30.0,1989,2021,8,1,333.8,True,False
8421,8,30.0,2012,2021,5,1,273.3333333333333,True,False
8422,12,30.0,2007,2021,2,1,335.56666666666666,True,False
8423,12,30.0,2008,2021,12,1,295.7,True,False
8424,12,30.0,2011,2021,12,1,295.7,True,False
8425,8,30.0,2009,2021,9,1,242.86666666666667,True,False
8426,12,30.0,2007,2021,8,1,314.76666666666665,True,False
8427,12,30.0,2010,2021,1,1,273.6333333333333,True,False
8428,12,30.0,2010,2021,1,1,307.56666666666666,True,False
8429,8,30.0,2018,2021,12,1,295.7,True,False
8430,8,30.0,2018,2021,12,1,295.7,True,False
8431,12,30.0,2012,2021,12,1,295.7,True,False
8432,8,30.0,2021,2021,12,1,295.7,True,False
8433,8,30.0,2019,2021,2,1,307.6666666666667,True,False
8434,12,30.0,2007,2021,12,1,161.9,True,False
8435,8,30.0,2019,2021,2,1,237.6,True,False
8436,12,30.0,2012,2021,12,1,295.7,True,False
8437,12,30.0,2011,2021,12,1,295.7,True,False
8438,12,30.0,2011,2021,12,1,286.2,True,False
8439,8,30.0,2017,2021,2,1,289.06666666666666,True,False
8440,12,30.0,2011,2021,6,1,335.56666666666666,True,False
8441,12,30.0,2009,2021,12,1,295.7,True,False
8442,12,30.0,2011,2021,6,1,307.6666666666667,True,False
8443,8,30.0,1997,2021,8,1,222.36666666666667,True,False
8444,12,30.0,2011,2021,12,1,295.7,True,False
8445,8,30.0,1989,2021,12,1,304.76666666666665,True,False
8446,8,30.0,2019,2021,7,1,352.8666666666667,True,False
8447,12,30.0,2012,2021,8,1,397.6333333333333,True,False
8448,12,30.0,2012,2021,8,1,397.6333333333333,True,False
8449,8,30.0,2017,2021,7,1,335.0,True,False
8450,8,30.0,2018,2021,1,1,328.1666666666667,True,False
8451,12,30.0,2014,2021,4,1,100.0,False,True
8452,8,30.0,2012,2021,8,1,166.66666666666666,False,True
8453,12,30.0,2008,2021,12,1,150.0,False,True
8454,12,30.0,2018,2021,7,1,116.66666666666667,False,True
8455,12,30.0,2018,2021,7,1,116.66666666666667,False,True
8456,12,30.0,2018,2021,7,1,116.66666666666667,False,True
8457,12,30.0,2006,2021,12,1,166.66666666666666,False,True
8458,8,30.0,2012,2021,12,1,166.66666666666666,False,True
8459,8,30.0,2015,2021,12,1,166.66666666666666,False,True
8460,12,30.0,2018,2021,7,1,133.33333333333334,False,True
8461,8,30.0,2015,2021,8,1,166.66666666666666,False,True
8462,8,30.0,2008,2021,5,1,166.66666666666666,False,True
8463,12,30.3,2008,2021,8,1,336.63366336633663,True,False
8464,12,31.0,2008,2021,10,1,286.16129032258067,True,False
8465,12,33.0,2014,2021,8,1,268.8181818181818,True,False
8466,12,33.0,2008,2021,1,1,314.8787878787879,True,False
8467,12,33.0,2006,2021,12,1,268.3939393939394,True,False
8468,12,33.0,2009,2021,4,1,361.4848484848485,True,False
8469,8,33.0,2020,2021,6,1,220.5151515151515,True,False
8470,8,33.0,2012,2021,2,1,305.06060606060606,True,False
8471,12,33.0,2007,2021,4,1,309.09090909090907,True,False
8472,12,33.0,2010,2021,8,1,355.42424242424244,True,False
8473,12,33.0,2006,2021,2,1,121.21212121212122,False,True
8474,12,33.0,2009,2021,1,1,136.36363636363637,False,True
8475,12,33.0,2010,2021,9,1,196.96969696969697,False,True
8476,12,34.0,2007,2021,7,1,342.44117647058823,True,False
8477,12,35.0,2006,2021,1,1,249.34285714285716,True,False
8478,12,35.0,2008,2021,7,1,359.6,True,False
8479,12,38.2,2011,2021,9,1,292.0680628272251,True,False
8480,12,39.3,2008,2021,12,1,230.8142493638677,True,False
8481,12,40.0,2008,2021,12,1,221.775,True,False
8482,12,40.0,2008,2021,8,1,369.65,True,False
8483,12,40.1,2007,2021,2,1,269.4513715710723,True,False
8484,12,40.3,2008,2021,1,1,241.3647642679901,True,False
8485,8,40.48,2006,2021,2,1,173.4930830039526,True,False
8486,12,45.0,2010,2021,11,1,307.93333333333334,True,False
8487,12,45.5,2008,2021,11,1,506.74725274725273,True,False
8488,12,46.2,2007,2021,1,1,173.16017316017314,False,True
8489,0,46.92,2021,2021,10,1,325.78857630008525,True,False
8490,12,48.3,2007,2021,8,1,331.5527950310559,True,False
8491,12,48.3,2011,2021,8,1,301.9875776397516,True,False
8492,12,49.5,2014,2021,8,1,101.01010101010101,False,True
8493,12,49.59,2006,2021,2,1,106.6948981649526,True,False
8494,12,49.59,2006,2021,2,1,106.6948981649526,True,False
8495,12,49.59,2014,2021,10,1,181.48820326678765,False,True
8496,12,50.0,2007,2021,12,1,173.42,True,False
8497,12,50.0,2008,2021,12,1,295.72,True,False
8498,12,50.0,2007,2021,7,1,370.0,True,False
8499,12,50.0,2010,2021,12,1,320.28,True,False
8500,12,50.0,2008,2021,12,1,322.86,True,False
8501,12,50.0,2007,2021,6,1,233.26,True,False
8502,12,50.0,2009,2021,7,1,206.0,True,False
8503,12,50.0,2007,2021,8,1,240.0,True,False
8504,12,55.0,2011,2021,1,1,237.1818181818182,True,False
8505,8,55.0,2019,2021,1,1,145.45454545454547,False,True
8506,8,55.0,2019,2021,1,1,145.45454545454547,False,True
8507,12,59.4,2006,2021,5,1,233.2828282828283,True,False
8508,12,60.0,2006,2021,12,1,294.05,True,False
8509,8,65.0,2013,2021,3,1,123.07692307692308,False,True
8510,12,65.0,2013,2021,7,1,123.07692307692308,False,True
8511,12,66.0,2006,2021,8,1,333.3333333333333,True,False
8512,12,69.37,1989,2021,5,1,249.18552688482052,True,False
8513,12,70.0,2007,2021,12,1,165.3,True,False
8514,8,73.67,2006,2021,1,1,81.4442785394326,False,True
8515,25,74.6,2019,2021,2,1,343.37801608579093,True,False
8516,12,74.8,2019,2021,3,1,226.96524064171123,True,False
8517,25,80.49,2014,2021,10,1,148.20474593117157,True,False
8518,8,83.56,2005,2021,6,1,177.01053135471517,True,False
8519,12,89.0,2018,2021,11,1,168.53932584269663,False,True
8520,12,90.0,2007,2021,5,1,244.44444444444446,True,False
8521,12,90.0,1989,2021,9,1,60.32222222222222,True,False
8522,12,90.0,1989,2021,9,1,60.32222222222222,True,False
8523,12,93.24,2007,2021,5,1,165.47619047619048,True,False
8524,12,94.38,2007,2021,11,1,105.95465140919687,False,True
8525,12,99.17,2011,2021,10,1,167.0969043057376,True,False
8526,12,101.08,2021,2021,10,1,241.6798575385833,True,False
8527,8,111.12,2005,2021,6,1,135.80813534917206,True,False
8528,8,10.0,1984,2021,6,1,418.6,True,False
8529,12,13.0,2004,2021,10,1,337.38461538461536,True,False
8530,8,30.42,2019,2021,5,1,361.6042077580539,True,False
8531,8,30.44,2019,2021,11,1,213.53482260183966,False,True
8532,8,36.0,2019,2021,7,1,297.6111111111111,True,False
8533,8,36.0,2019,2021,3,1,166.66666666666666,False,True
8534,12,47.9,2005,2021,6,1,149.8329853862213,True,False
8535,8,50.0,2011,2021,2,1,205.34,True,False
8536,8,54.5,2019,2021,11,1,183.4862385321101,False,True
8537,8,55.62,2019,2021,5,1,161.81229773462783,False,True
8538,8,56.7,1986,2021,6,1,105.82010582010581,False,True
8539,8,60.0,2019,2021,6,1,150.0,False,True
8540,12,60.89,1978,2021,3,1,190.1954343898834,True,False
8541,12,93.08,2012,2021,11,1,102.82552642887839,True,False
8542,12,97.25,2008,2021,10,1,71.97943444730078,False,True
8543,8,185.94,2019,2021,6,1,44.90158115521136,True,False
8544,25,24.2,2012,2021,11,1,357.1487603305785,True,False
8545,8,26.4,2009,2021,1,1,386.0227272727273,True,False
8546,8,30.0,2014,2021,9,1,292.8666666666667,True,False
8547,8,30.0,2012,2021,3,1,335.56666666666666,True,False
8548,8,33.0,2015,2021,12,1,387.45454545454544,True,False
8549,12,33.0,2010,2021,10,1,268.8181818181818,True,False
8550,8,33.0,2012,2021,8,1,338.09090909090907,True,False
8551,8,33.0,2015,2021,1,1,387.06060606060606,True,False
8552,8,33.0,2012,2021,7,1,316.030303030303,True,False
8553,8,33.0,2012,2021,7,1,316.030303030303,True,False
8554,8,38.0,2015,2021,2,1,262.55263157894734,True,False
8555,8,39.0,2015,2021,12,1,175.82051282051282,True,False
8556,8,40.0,2015,2021,11,1,296.425,True,False
8557,8,40.0,2015,2021,11,1,296.425,True,False
8558,12,55.0,2015,2021,5,1,179.21818181818182,True,False
8559,12,57.2,2015,2021,3,1,240.68181818181816,True,False
8560,8,99.17,1970,2021,5,1,89.4524553796511,True,False
8561,8,82.5,2009,2021,1,1,48.484848484848484,False,True
8562,8,96.4,2017,2021,2,1,236.42116182572613,True,False
8563,8,49.65,2017,2021,9,1,241.69184290030213,False,True
8564,25,72.33,2016,2021,12,1,70.80049771878889,True,False
8565,8,72.73,2002,2021,10,1,159.09528392685274,True,False
8566,25,85.09,2016,2021,3,1,61.158773063814785,True,False
8567,8,100.0,2002,2021,8,1,125.71,True,False
8568,25,103.82,2017,2021,8,1,105.95261028703526,False,True
8569,12,26.4,2010,2021,8,1,336.0227272727273,True,False
8570,12,45.0,2014,2021,12,1,217.46666666666667,True,False
8571,12,50.0,2018,2021,3,1,205.34,True,False
8572,12,50.62,2003,2021,5,1,200.37534571315686,True,False
8573,12,66.0,2003,2021,7,1,190.46969696969697,True,False
8574,8,83.34,1985,2021,12,1,75.42596592272618,True,False
8575,12,116.73,2006,2021,8,1,102.80133641737342,False,True
8576,8,125.25,2005,2021,7,1,87.82435129740519,True,False
8577,8,125.25,2005,2021,7,1,87.82435129740519,True,False
8578,12,148.0,2017,2021,1,1,218.0608108108108,True,False
8579,12,52.9,2008,2021,4,1,164.72589792060492,True,False
8580,8,58.0,2000,2021,4,1,298.0344827586207,True,False
8581,8,58.0,2000,2021,3,1,258.62068965517244,False,True
8582,8,78.98,1979,2021,10,1,120.28361610534311,False,True
8583,8,81.98,2000,2021,3,1,146.3771651622347,False,True
8584,8,81.98,2000,2021,3,1,146.3771651622347,False,True
8585,8,32.89,2010,2021,11,1,275.7981149285497,True,False
8586,12,133.69,1987,2021,3,1,104.7198743361508,False,True
8587,12,133.69,1987,2021,1,1,104.7198743361508,False,True
8588,8,82.6,1997,2021,1,1,78.14769975786926,True,False
8589,8,82.64,1997,2021,1,1,78.10987415295257,True,False
8590,8,33.0,1978,2021,10,1,73.60606060606061,True,False
8591,12,10.0,1979,2021,9,1,448.6,True,False
8592,8,20.2,1978,2021,6,1,143.11881188118812,True,False
8593,8,24.0,1991,2021,3,1,299.4166666666667,True,False
8594,25,28.0,2018,2021,10,1,378.07142857142856,True,False
8595,8,29.75,1992,2021,10,1,247.2941176470588,True,False
8596,25,30.0,2018,2021,12,1,330.96666666666664,True,False
8597,12,32.68,1993,2021,3,1,116.12607099143207,True,False
8598,12,33.0,1979,2021,2,1,175.1818181818182,True,False
8599,12,33.0,2018,2021,3,1,45.45454545454545,False,True
8600,12,34.0,1990,2021,1,1,187.44117647058823,True,False
8601,12,40.0,2017,2021,9,1,382.15,True,False
8602,12,40.0,2018,2021,1,1,232.95,True,False
8603,12,40.0,2018,2021,7,1,185.725,True,False
8604,8,42.0,1986,2021,5,1,95.23809523809524,False,True
8605,12,45.0,2018,2021,3,1,222.22222222222223,False,True
8606,25,46.0,2018,2021,8,1,282.60869565217394,True,False
8607,8,48.86,1994,2021,11,1,127.1796970937372,True,False
8608,8,49.0,2010,2021,12,1,221.85714285714286,True,False
8609,12,50.0,2019,2021,1,1,180.0,False,True
8610,8,50.1,1989,2021,8,1,162.53493013972056,True,False
8611,12,51.56,1993,2021,3,1,73.60356865787432,True,False
8612,8,51.8,1963,2021,5,1,175.11583011583014,True,False
8613,12,53.0,2011,2021,7,1,165.77358490566039,True,False
8614,8,54.0,2010,2021,11,1,111.11111111111111,False,True
8615,12,54.5,2018,2021,3,1,217.41284403669724,True,False
8616,12,56.1,1996,2021,8,1,35.650623885918,False,True
8617,25,59.0,2018,2021,10,1,323.23728813559325,True,False
8618,25,59.0,2018,2021,8,1,341.40677966101697,True,False
8619,25,60.0,2018,2021,9,1,335.71666666666664,True,False
8620,12,60.0,2011,2021,1,1,116.66666666666667,False,True
8621,25,61.0,2018,2021,11,1,322.0163934426229,True,False
8622,8,73.71,1988,2021,10,1,123.06335639668974,True,False
8623,12,75.0,2018,2021,3,1,113.33333333333333,False,True
8624,8,77.75,1979,2021,1,1,38.58520900321543,False,True
8625,8,79.3,1993,2021,2,1,59.09205548549811,True,False
8626,8,79.35,1989,2021,12,1,114.31632010081917,True,False
8627,12,83.0,2018,2021,10,1,237.51807228915663,True,False
8628,8,85.0,2008,2021,2,1,161.96470588235294,True,False
8629,25,85.0,2018,2021,9,1,176.47058823529412,False,True
8630,8,96.69,2004,2021,10,1,207.77743303340574,True,False
8631,8,52.0,2016,2021,8,1,167.57692307692307,True,False
8632,8,26.44,2018,2021,11,1,451.17246596066565,True,False
8633,8,30.94,2013,2021,8,1,263.1868131868132,True,False
8634,8,30.94,2018,2021,2,1,261.1829347123465,True,False
8635,12,36.0,2020,2021,8,1,331.3611111111111,True,False
8636,12,36.0,2020,2021,7,1,331.3611111111111,True,False
8637,8,40.0,2020,2021,2,1,259.3,True,False
8638,12,43.0,1993,2021,6,1,113.62790697674419,True,False
8639,8,56.24,2018,2021,4,1,190.50497866287338,True,False
8640,8,85.0,2018,2021,3,1,100.0,False,True
8641,8,112.2,1985,2021,3,1,80.00891265597147,True,False
8642,12,50.25,2011,2021,10,1,190.46766169154228,True,False
8643,12,50.25,2011,2021,7,1,211.80099502487562,True,False
8644,12,19.83,2006,2021,2,1,100.85728693898135,False,True
8645,8,22.2,2007,2021,1,1,294.009009009009,True,False
8646,12,25.0,2011,2021,2,1,369.2,True,False
8647,12,25.4,2011,2021,9,1,379.0944881889764,True,False
8648,12,26.24,2009,2021,4,1,316.3109756097561,True,False
8649,12,26.4,2019,2021,9,1,498.3712121212121,True,False
8650,8,26.42,2009,2021,8,1,75.7002271006813,False,True
8651,12,26.44,2011,2021,12,1,270.1588502269289,True,False
8652,8,29.0,2007,2021,7,1,155.17241379310346,False,True
8653,8,30.0,2007,2021,9,1,241.43333333333334,True,False
8654,12,30.0,2012,2021,10,1,164.3,True,False
8655,12,30.0,2016,2021,9,1,340.0,True,False
8656,12,30.0,2016,2021,6,1,312.4,True,False
8657,12,30.0,2012,2021,1,1,289.4,True,False
8658,12,30.0,2015,2021,12,1,369.03333333333336,True,False
8659,8,33.0,2017,2021,7,1,361.4848484848485,True,False
8660,8,33.0,2016,2021,2,1,222.6969696969697,True,False
8661,12,33.0,2015,2021,10,1,268.8181818181818,True,False
8662,12,33.0,2011,2021,1,1,349.8484848484849,True,False
8663,12,33.0,2008,2021,11,1,303.93939393939394,True,False
8664,8,33.0,2017,2021,3,1,395.6969696969697,True,False
8665,12,33.0,2015,2021,7,1,290.030303030303,True,False
8666,12,33.0,2003,2021,2,1,90.9090909090909,False,True
8667,12,33.0,2010,2021,3,1,121.21212121212122,False,True
8668,12,33.45,2015,2021,6,1,134.52914798206277,False,True
8669,12,33.45,2015,2021,6,1,134.52914798206277,False,True
8670,12,36.36,2008,2021,5,1,186.63366336633663,True,False
8671,8,39.67,2014,2021,1,1,218.85555835644064,True,False
8672,12,40.0,2016,2021,7,1,276.775,True,False
8673,12,40.0,2016,2021,6,1,249.425,True,False
8674,12,42.0,2014,2021,3,1,299.54761904761904,True,False
8675,12,42.98,2005,2021,11,1,277.5476966030712,True,False
8676,8,43.0,2014,2021,11,1,224.25581395348837,True,False
8677,12,43.6,2009,2021,3,1,133.8761467889908,True,False
8678,12,44.5,2011,2021,1,1,196.1123595505618,True,False
8679,12,44.5,2011,2021,1,1,196.1123595505618,True,False
8680,12,45.0,2016,2021,1,1,278.77777777777777,True,False
8681,8,45.0,1992,2021,8,1,216.2,True,False
8682,12,49.0,2008,2021,11,1,239.3673469387755,True,False
8683,12,49.57,2008,2021,11,1,240.64958644341334,True,False
8684,12,50.0,2016,2021,3,1,354.88,True,False
8685,30,50.0,2009,2021,12,1,255.72,True,False
8686,8,50.0,2002,2021,6,1,190.7,True,False
8687,12,50.0,2011,2021,10,1,267.14,True,False
8688,12,50.0,2004,2021,10,1,211.42,True,False
8689,12,50.0,2009,2021,5,1,201.42,True,False
8690,12,55.0,2012,2021,1,1,209.9090909090909,True,False
8691,12,55.0,2008,2021,3,1,212.05454545454546,True,False
8692,12,55.0,2011,2021,8,1,184.4181818181818,True,False
8693,12,55.0,2011,2021,4,1,118.18181818181819,False,True
8694,8,55.0,2010,2021,10,1,90.9090909090909,False,True
8695,8,55.0,2010,2021,10,1,90.9090909090909,False,True
8696,12,55.0,2009,2021,12,1,118.18181818181819,False,True
8697,12,55.26,2016,2021,1,1,240.1918204849801,True,False
8698,12,56.0,2016,2021,11,1,288.26785714285717,True,False
8699,25,56.0,2012,2021,10,1,214.28571428571428,False,True
8700,12,56.1,2019,2021,7,1,407.4331550802139,True,False
8701,8,58.0,2016,2021,2,1,200.48275862068965,True,False
8702,8,59.0,2010,2021,1,1,101.69491525423729,False,True
8703,8,59.5,2011,2021,2,1,265.39495798319325,True,False
8704,12,59.6,2008,2021,12,1,200.1510067114094,True,False
8705,12,59.8,2008,2021,2,1,199.49832775919734,True,False
8706,8,60.0,2017,2021,4,1,211.9,True,False
8707,30,60.0,2009,2021,3,1,208.33333333333334,True,False
8708,8,60.0,2012,2021,1,1,133.33333333333334,False,True
8709,12,64.37,1997,2021,9,1,193.08684169644243,True,False
8710,8,66.0,2017,2021,5,1,177.4848484848485,True,False
8711,8,70.0,1994,2021,10,1,82.65714285714286,True,False
8712,8,73.13,1986,2021,11,1,138.6982086694927,True,False
8713,12,78.37,2012,2021,12,1,163.14916422100293,True,False
8714,8,79.67,1999,2021,5,1,86.06752855529056,True,False
8715,12,81.6,2010,2021,5,1,157.56127450980392,True,False
8716,12,81.6,2010,2021,5,1,157.56127450980392,True,False
8717,12,82.6,2003,2021,4,1,121.06537530266344,True,False
8718,12,84.99,1981,2021,6,1,223.0027062007295,True,False
8719,12,91.48,1987,2021,8,1,148.34936598163532,True,False
8720,12,98.44,2014,2021,2,1,178.8399024786672,True,False
8721,12,100.48,1990,2021,9,1,49.761146496815286,False,True
8722,8,112.22,1991,2021,3,1,79.0589912671538,True,False
8723,8,140.69,1983,2021,6,1,35.53912858056721,False,True
8724,8,33.0,2003,2021,7,1,188.3030303030303,True,False
8725,8,50.0,1990,2021,3,1,142.8,True,False
8726,12,55.57,2002,2021,3,1,89.97660608241857,False,True
8727,12,57.78,1998,2021,8,1,124.85289027345102,True,False
8728,8,60.0,1993,2021,4,1,159.51666666666668,True,False
8729,8,64.23,1980,2021,10,1,137.89506461155221,True,False
8730,8,75.26,2002,2021,4,1,66.43635397289397,False,True
8731,8,77.15,2011,2021,2,1,103.69410239792612,False,True
8732,8,77.15,2011,2021,10,1,129.61762799740762,False,True
8733,8,77.15,2011,2021,2,1,103.69410239792612,False,True
8734,8,77.15,2011,2021,10,1,129.61762799740762,False,True
8735,12,96.84,2010,2021,9,1,85.56381660470879,True,False
8736,12,19.8,2012,2021,5,1,386.010101010101,True,False
8737,8,20.0,1979,2021,1,1,287.75,True,False
8738,8,20.0,1979,2021,1,1,312.75,True,False
8739,12,20.0,2007,2021,11,1,338.55,True,False
8740,12,20.0,2016,2021,3,1,150.0,False,True
8741,8,20.2,2001,2021,11,1,311.1881188118812,True,False
8742,12,22.0,2014,2021,8,1,403.22727272727275,True,False
8743,12,23.0,2016,2021,3,1,130.43478260869566,False,True
8744,12,23.1,2013,2021,1,1,240.47619047619045,True,False
8745,8,23.1,2011,2021,3,1,173.16017316017314,False,True
8746,12,25.0,2016,2021,6,1,331.72,True,False
8747,8,25.0,2016,2021,2,1,342.88,True,False
8748,12,25.0,2016,2021,4,1,385.16,True,False
8749,12,25.0,2016,2021,9,1,434.84,True,False
8750,12,25.0,2015,2021,1,1,140.0,False,True
8751,12,26.4,2016,2021,8,1,325.22727272727275,True,False
8752,12,26.4,2016,2021,8,1,390.1515151515152,True,False
8753,12,26.65,2019,2021,6,1,187.6172607879925,False,True
8754,8,27.34,1979,2021,11,1,146.3057790782736,False,True
8755,12,28.0,2010,2021,10,1,275.5,True,False
8756,8,28.0,2006,2021,2,1,256.32142857142856,True,False
8757,12,28.0,2015,2021,5,1,367.85714285714283,True,False
8758,12,28.0,2004,2021,1,1,250.64285714285714,True,False
8759,8,28.0,2017,2021,4,1,160.71428571428572,False,True
8760,8,29.0,2014,2021,9,1,302.44827586206895,True,False
8761,8,29.7,2011,2021,1,1,251.010101010101,True,False
8762,8,29.7,2021,2021,2,1,362.52525252525254,True,False
8763,8,30.0,2016,2021,12,1,263.8,True,False
8764,8,30.0,2018,2021,5,1,416.6666666666667,True,False
8765,12,30.0,2003,2021,11,1,397.6333333333333,True,False
8766,8,30.0,2016,2021,2,1,312.4,True,False
8767,12,30.0,2015,2021,2,1,252.7,True,False
8768,8,30.0,2013,2021,1,1,289.4,True,False
8769,12,30.0,2016,2021,11,1,410.0,True,False
8770,12,30.0,2017,2021,4,1,295.7,True,False
8771,8,30.0,2016,2021,1,1,276.06666666666666,True,False
8772,8,30.0,2017,2021,5,1,336.6666666666667,True,False
8773,8,30.0,2015,2021,7,1,187.63333333333333,True,False
8774,8,30.0,2017,2021,11,1,426.2,True,False
8775,8,30.0,2017,2021,11,1,426.2,True,False
8776,8,30.0,2008,2021,7,1,238.56666666666666,True,False
8777,12,30.0,2010,2021,7,1,271.43333333333334,True,False
8778,8,30.0,1980,2021,1,1,195.16666666666666,True,False
8779,12,30.0,2015,2021,1,1,315.76666666666665,True,False
8780,8,30.0,2017,2021,12,1,295.7,True,False
8781,12,30.0,2014,2021,11,1,324.3,True,False
8782,12,30.0,2016,2021,5,1,342.8666666666667,True,False
8783,12,30.0,2021,2021,6,1,388.76666666666665,True,False
8784,8,30.0,2014,2021,10,1,282.8666666666667,True,False
8785,8,30.0,2017,2021,4,1,397.6333333333333,True,False
8786,8,30.0,2017,2021,2,1,305.03333333333336,True,False
8787,8,30.0,2016,2021,4,1,302.3666666666667,True,False
8788,12,30.0,2010,2021,1,1,279.4,True,False
8789,8,30.0,2008,2021,6,1,133.33333333333334,False,True
8790,8,30.0,2008,2021,9,1,133.33333333333334,False,True
8791,8,30.0,2011,2021,12,1,133.33333333333334,False,True
8792,12,30.0,2018,2021,11,1,183.33333333333334,False,True
8793,12,30.0,2015,2021,12,1,166.66666666666666,False,True
8794,8,30.0,2019,2021,9,1,150.0,False,True
8795,8,30.0,2015,2021,1,1,166.66666666666666,False,True
8796,8,30.0,2005,2021,10,1,133.33333333333334,False,True
8797,12,30.0,2018,2021,11,1,183.33333333333334,False,True
8798,8,30.0,2012,2021,3,1,133.33333333333334,False,True
8799,8,30.1,2017,2021,9,1,299.0033222591362,False,True
8800,12,32.0,2012,2021,8,1,321.875,True,False
8801,12,33.0,2018,2021,9,1,398.6969696969697,True,False
8802,12,33.0,2018,2021,9,1,398.6969696969697,True,False
8803,8,33.0,1979,2021,12,1,179.21212121212122,True,False
8804,8,33.0,1993,2021,3,1,178.21212121212122,True,False
8805,8,33.0,2017,2021,6,1,251.24242424242425,True,False
8806,8,33.0,2017,2021,6,1,221.06060606060606,True,False
8807,12,33.0,2017,2021,7,1,260.1818181818182,True,False
8808,8,33.0,2011,2021,6,1,268.8484848484849,True,False
8809,12,33.0,2007,2021,1,1,203.84848484848484,True,False
8810,12,33.0,2002,2021,6,1,129.87878787878788,True,False
8811,8,33.0,2008,2021,8,1,248.9090909090909,True,False
8812,8,33.0,2018,2021,6,1,262.7878787878788,True,False
8813,8,33.0,2010,2021,1,1,250.96969696969697,True,False
8814,12,33.0,2017,2021,2,1,389.6363636363636,True,False
8815,8,33.0,2004,2021,6,1,128.27272727272728,True,False
8816,8,33.0,2019,2021,1,1,319.54545454545456,True,False
8817,8,33.0,2015,2021,3,1,302.3333333333333,True,False
8818,12,33.0,2009,2021,8,1,194.8181818181818,True,False
8819,8,33.0,2016,2021,9,1,268.8181818181818,True,False
8820,8,33.0,2008,2021,1,1,263.09090909090907,True,False
8821,8,33.0,2015,2021,7,1,151.5151515151515,False,True
8822,12,33.0,2018,2021,2,1,181.8181818181818,False,True
8823,8,33.0,2012,2021,4,1,136.36363636363637,False,True
8824,8,33.0,2015,2021,12,1,151.5151515151515,False,True
8825,8,33.0,2010,2021,2,1,106.06060606060606,False,True
8826,8,33.0,2015,2021,7,1,136.36363636363637,False,True
8827,12,33.0,2011,2021,8,1,121.21212121212122,False,True
8828,8,33.0,2019,2021,8,1,136.36363636363637,False,True
8829,8,33.0,2011,2021,2,1,136.36363636363637,False,True
8830,8,33.0,2011,2021,8,1,106.06060606060606,False,True
8831,8,33.0,2010,2021,8,1,136.36363636363637,False,True
8832,8,33.0,2012,2021,2,1,151.5151515151515,False,True
8833,8,33.0,2019,2021,7,1,181.8181818181818,False,True
8834,8,33.05,2018,2021,1,1,291.5582450832073,True,False
8835,8,33.06,2010,2021,1,1,212.28070175438594,True,False
8836,8,34.21,2016,2021,9,1,200.43846828412745,True,False
8837,8,35.0,2008,2021,11,1,272.25714285714287,True,False
8838,12,35.0,2017,2021,5,1,294.2857142857143,True,False
8839,12,35.0,2017,2021,4,1,310.6,True,False
8840,8,35.0,2017,2021,4,1,360.8285714285714,True,False
8841,8,35.0,2017,2021,2,1,263.7142857142857,True,False
8842,12,35.0,2018,2021,7,1,324.48571428571427,True,False
8843,8,35.0,2018,2021,11,1,340.8285714285714,True,False
8844,8,35.0,2015,2021,12,1,253.45714285714286,True,False
8845,8,35.0,2018,2021,12,1,332.25714285714287,True,False
8846,8,35.0,2017,2021,8,1,253.45714285714286,True,False
8847,8,35.42,2019,2021,9,1,246.01919819311124,True,False
8848,8,35.52,2016,2021,4,1,246.93130630630628,True,False
8849,8,35.8,1981,2021,11,1,202.31843575418995,True,False
8850,12,36.3,2017,2021,12,1,255.81267217630855,True,False
8851,12,36.3,2017,2021,8,1,165.28925619834712,False,True
8852,8,36.36,2010,2021,3,1,189.63146314631464,True,False
8853,12,37.21,2019,2021,3,1,147.80972856758936,False,True
8854,12,37.74,2018,2021,2,1,206.43879173290938,True,False
8855,12,39.6,2018,2021,7,1,151.5151515151515,False,True
8856,8,39.66,2004,2021,2,1,75.642965204236,False,True
8857,12,40.0,1995,2021,10,1,248.225,True,False
8858,12,40.0,2017,2021,8,1,333.925,True,False
8859,8,40.0,2015,2021,11,1,271.775,True,False
8860,12,40.0,2017,2021,8,1,226.775,True,False
8861,12,40.0,2017,2021,11,1,307.15,True,False
8862,8,40.0,2017,2021,5,1,312.15,True,False
8863,12,40.0,2006,2021,9,1,275.0,True,False
8864,12,40.0,2017,2021,1,1,290.9,True,False
8865,12,40.0,2017,2021,6,1,179.65,True,False
8866,12,40.0,2016,2021,6,1,186.925,True,False
8867,8,40.0,2015,2021,3,1,214.525,True,False
8868,8,40.0,2015,2021,7,1,283.925,True,False
8869,8,40.0,2012,2021,1,1,254.775,True,False
8870,12,40.0,2017,2021,8,1,333.925,True,False
8871,12,40.0,2015,2021,2,1,100.0,False,True
8872,8,40.0,2019,2021,2,1,162.5,False,True
8873,8,40.0,2011,2021,3,1,150.0,False,True
8874,8,40.0,1988,2021,4,1,67.5,False,True
8875,8,40.0,2012,2021,3,1,112.5,False,True
8876,12,40.0,2019,2021,3,1,125.0,False,True
8877,12,40.0,2019,2021,3,1,125.0,False,True
8878,8,42.0,2013,2021,5,1,318.0238095238095,True,False
8879,12,42.9,2003,2021,6,1,116.55011655011656,False,True
8880,12,43.0,2019,2021,5,1,310.6279069767442,True,False
8881,12,43.58,2011,2021,6,1,111.63377696190913,True,False
8882,12,45.0,2021,2021,11,1,303.1777777777778,True,False
8883,12,45.0,2003,2021,2,1,259.1777777777778,True,False
8884,12,45.0,2011,2021,11,1,250.8,True,False
8885,12,45.0,2003,2021,12,1,292.3777777777778,True,False
8886,8,45.0,2005,2021,9,1,142.86666666666667,True,False
8887,8,45.0,2017,2021,5,1,326.97777777777776,True,False
8888,12,46.0,2010,2021,6,1,237.06521739130434,True,False
8889,8,46.0,2008,2021,2,1,192.8695652173913,True,False
8890,8,46.24,1979,2021,9,1,108.13148788927334,False,True
8891,8,47.0,2014,2021,5,1,197.5744680851064,True,False
8892,8,48.39,1979,2021,5,1,103.32713370531101,False,True
8893,8,49.0,1995,2021,7,1,198.55102040816325,True,False
8894,12,49.0,2015,2021,9,1,224.48979591836735,True,False
8895,8,49.0,2014,2021,7,1,186.59183673469389,True,False
8896,12,49.0,2005,2021,7,1,102.04081632653062,False,True
8897,12,49.0,2011,2021,8,1,153.0612244897959,False,True
8898,8,49.19,1979,2021,3,1,154.11669038422446,True,False
8899,12,49.5,2003,2021,1,1,111.11111111111111,False,True
8900,12,49.5,2003,2021,1,1,111.11111111111111,False,True
8901,12,49.58,2003,2021,6,1,171.9039935457846,True,False
8902,8,49.58,2007,2021,7,1,182.95683743444937,True,False
8903,8,50.0,2014,2021,8,1,267.14,True,False
8904,12,50.0,2016,2021,10,1,175.42,True,False
8905,8,50.0,2010,2021,5,1,191.42,True,False
8906,8,50.0,2007,2021,12,1,204.28,True,False
8907,12,50.0,2021,2021,11,1,345.72,True,False
8908,8,50.0,2007,2021,12,1,267.14,True,False
8909,12,50.0,2021,2021,11,1,188.58,True,False
8910,8,50.0,2013,2021,5,1,177.14,True,False
8911,8,50.0,2013,2021,6,1,175.82,True,False
8912,8,50.0,1979,2021,6,1,233.26,True,False
8913,12,50.0,2017,2021,11,1,204.0,True,False
8914,8,50.0,2017,2021,12,1,248.58,True,False
8915,8,50.0,2018,2021,5,1,234.28,True,False
8916,8,50.0,2021,2021,3,1,305.82,True,False
8917,8,50.0,2014,2021,8,1,277.14,True,False
8918,12,50.0,2019,2021,10,1,180.0,False,True
8919,8,50.0,2006,2021,1,1,120.0,False,True
8920,12,50.0,2016,2021,10,1,180.0,False,True
8921,12,50.0,2019,2021,11,1,170.0,False,True
8922,8,50.0,2010,2021,6,1,110.0,False,True
8923,12,50.0,2012,2021,5,1,140.0,False,True
8924,12,50.0,2019,2021,11,1,100.0,False,True
8925,12,50.0,2019,2021,10,1,120.0,False,True
8926,8,50.0,2016,2021,2,1,170.0,False,True
8927,12,50.0,2019,2021,12,1,100.0,False,True
8928,8,50.26,2004,2021,2,1,89.53442101074414,False,True
8929,8,51.01,2018,2021,7,1,203.03861987845522,True,False
8930,8,51.2,2010,2021,5,1,78.125,False,True
8931,12,52.0,2008,2021,10,1,115.38461538461539,False,True
8932,8,52.0,2011,2021,12,1,153.84615384615384,False,True
8933,8,52.28,2018,2021,2,1,225.5355776587605,True,False
8934,8,52.28,2018,2021,2,1,225.5355776587605,True,False
8935,12,52.84,2014,2021,7,1,246.0257380772142,True,False
8936,8,53.0,1995,2021,7,1,132.0754716981132,False,True
8937,8,53.0,2016,2021,2,1,132.0754716981132,False,True
8938,8,53.36,1980,2021,1,1,65.59220389805097,False,True
8939,8,53.77,1991,2021,2,1,148.78184861446903,False,True
8940,12,54.0,2011,2021,2,1,118.42592592592592,True,False
8941,12,55.0,2012,2021,4,1,220.78181818181818,True,False
8942,8,55.0,2018,2021,12,1,121.56363636363636,True,False
8943,8,55.0,2017,2021,10,1,277.92727272727274,True,False
8944,12,55.0,2017,2021,11,1,277.92727272727274,True,False
8945,8,55.0,2011,2021,9,1,225.98181818181817,True,False
8946,12,55.0,2015,2021,11,1,145.45454545454547,False,True
8947,12,55.0,2006,2021,10,1,127.27272727272727,False,True
8948,12,55.0,2006,2021,10,1,127.27272727272727,False,True
8949,8,55.6,1997,2021,4,1,164.44244604316546,True,False
8950,8,55.82,2016,2021,5,1,125.4030813328556,False,True
8951,12,56.0,2004,2021,1,1,131.5,True,False
8952,12,56.0,2017,2021,6,1,291.94642857142856,True,False
8953,12,56.0,2003,2021,10,1,221.94642857142858,True,False
8954,12,56.0,2007,2021,1,1,125.0,False,True
8955,8,56.0,2017,2021,1,1,142.85714285714286,False,True
8956,8,56.1,2010,2021,3,1,121.8716577540107,True,False
8957,12,56.1,2012,2021,1,1,175.00891265597147,True,False
8958,8,56.1,2007,2021,12,1,17.825311942959,False,True
8959,8,56.12,2018,2021,7,1,202.36992159657876,True,False
8960,8,56.19,1993,2021,3,1,157.8928634988432,True,False
8961,8,56.5,2003,2021,5,1,113.78761061946902,True,False
8962,8,56.59,2006,2021,3,1,80.34988513871708,True,False
8963,8,57.2,2013,2021,6,1,122.37762237762237,False,True
8964,8,57.2,2013,2021,1,1,122.37762237762237,False,True
8965,8,57.65,2019,2021,10,1,130.09540329575023,False,True
8966,8,57.67,2015,2021,11,1,79.24397433674353,True,False
8967,12,58.0,2009,2021,10,1,128.08620689655172,True,False
8968,8,58.0,2018,2021,9,1,253.68965517241378,True,False
8969,12,58.0,2004,2021,4,1,103.44827586206897,False,True
8970,12,58.0,2009,2021,2,1,103.44827586206897,False,True
8971,12,58.07,2016,2021,12,1,156.208024797658,True,False
8972,12,59.0,2012,2021,4,1,234.864406779661,True,False
8973,8,59.0,2017,2021,12,1,157.38983050847457,True,False
8974,12,59.0,2006,2021,12,1,181.59322033898306,True,False
8975,12,59.0,2004,2021,10,1,153.74576271186442,True,False
8976,12,59.0,2004,2021,7,1,116.22033898305085,True,False
8977,8,59.0,2018,2021,1,1,152.54237288135593,False,True
8978,8,59.0,2017,2021,6,1,152.54237288135593,False,True
8979,8,59.2,1996,2021,10,1,147.19594594594594,True,False
8980,8,59.2,1996,2021,1,1,84.45945945945945,False,True
8981,12,59.4,2021,2021,11,1,305.43771043771045,True,False
8982,12,60.0,2021,2021,9,1,159.51666666666668,True,False
8983,12,60.0,2008,2021,9,1,185.71666666666667,True,False
8984,12,60.0,2007,2021,3,1,192.71666666666667,True,False
8985,8,60.0,1991,2021,10,1,151.18333333333334,True,False
8986,8,60.0,2016,2021,12,1,180.95,True,False
8987,12,60.0,2019,2021,11,1,116.66666666666667,False,True
8988,8,60.0,2009,2021,2,1,141.66666666666666,False,True
8989,12,60.0,2008,2021,4,1,116.66666666666667,False,True
8990,12,60.0,2015,2021,1,1,141.66666666666666,False,True
8991,12,60.0,2017,2021,2,1,133.33333333333334,False,True
8992,8,60.0,2011,2021,8,1,83.33333333333333,False,True
8993,12,60.0,2019,2021,6,1,133.33333333333334,False,True
8994,12,60.0,2017,2021,2,1,133.33333333333334,False,True
8995,8,60.27,2010,2021,6,1,116.14401858304296,False,True
8996,8,63.26,2004,2021,1,1,94.84666455896301,False,True
8997,8,63.26,2004,2021,1,1,94.84666455896301,False,True
8998,12,63.57,1987,2021,12,1,86.5187981752399,False,True
8999,12,63.57,1987,2021,10,1,78.65345288658172,False,True
9000,12,64.05,1992,2021,11,1,187.3536299765808,True,False
9001,8,64.24,2012,2021,5,1,134.54234122042342,True,False
9002,8,65.0,2006,2021,10,1,226.36923076923077,True,False
9003,8,65.22,1979,2021,3,1,143.6982520699172,True,False
9004,8,66.0,1988,2021,12,1,128.78787878787878,True,False
9005,8,66.0,2011,2021,5,1,224.03030303030303,True,False
9006,8,66.0,2008,2021,2,1,128.78787878787878,False,True
9007,8,66.11,1980,2021,7,1,137.2107094236878,True,False
9008,8,66.61,2005,2021,7,1,120.10208677375769,False,True
9009,8,66.91,1981,2021,3,1,90.88327604244508,True,False
9010,8,67.69,2003,2021,6,1,55.251883586940465,True,False
9011,8,67.83,1983,2021,2,1,114.86068111455108,True,False
9012,8,68.0,2006,2021,6,1,117.6470588235294,False,True
9013,8,68.5,2002,2021,2,1,145.98540145985402,False,True
9014,8,68.5,2002,2021,2,1,145.98540145985402,False,True
9015,8,69.3,2006,2021,5,1,131.93362193362194,True,False
9016,8,70.0,1989,2021,7,1,171.42857142857142,True,False
9017,12,71.26,2017,2021,1,1,112.26494527083918,False,True
9018,8,73.0,1976,2021,10,1,183.95890410958904,True,False
9019,8,73.81,1993,2021,2,1,94.83809781872375,False,True
9020,8,74.14,2005,2021,11,1,117.53439438899379,True,False
9021,8,74.88,1990,2021,8,1,198.41079059829062,True,False
9022,8,75.0,1979,2021,6,1,151.62666666666667,True,False
9023,8,75.0,2005,2021,5,1,93.33333333333333,False,True
9024,8,75.69,1986,2021,6,1,105.69427929713305,False,True
9025,8,75.82,2005,2021,1,1,31.179108414666317,True,False
9026,12,76.23,2019,2021,3,1,91.82736455463727,False,True
9027,8,77.81,1975,2021,11,1,89.96272972625626,False,True
9028,12,78.0,1976,2021,12,1,128.2051282051282,False,True
9029,12,79.2,2016,2021,11,1,151.5151515151515,False,True
9030,8,80.26,2005,2021,9,1,143.28432594069275,False,True
9031,8,80.55,1982,2021,10,1,60.29795158286779,True,False
9032,12,82.0,1993,2021,6,1,115.0,True,False
9033,8,82.2,2016,2021,10,1,238.09002433090023,True,False
9034,8,82.51,1981,2021,6,1,137.8257180947764,True,False
9035,8,83.8,2019,2021,12,1,289.8090692124105,True,False
9036,8,84.12,2021,2021,8,1,77.21112696148359,True,False
9037,8,84.2,2010,2021,2,1,106.88836104513064,False,True
9038,12,85.0,2004,2021,6,1,159.7764705882353,True,False
9039,12,85.0,1995,2021,7,1,124.36470588235294,True,False
9040,8,85.0,2005,2021,9,1,129.41176470588235,False,True
9041,8,85.0,2005,2021,9,1,129.41176470588235,False,True
9042,8,85.31,2006,2021,2,1,121.84972453405227,True,False
9043,8,85.31,2006,2021,2,1,121.84972453405227,True,False
9044,12,86.52,1986,2021,4,1,160.15950069348128,True,False
9045,8,86.88,1989,2021,10,1,57.55064456721916,False,True
9046,8,87.02,2010,2021,3,1,219.94943691105493,True,False
9047,8,87.5,1976,2021,9,1,125.71428571428571,False,True
9048,8,87.83,2005,2021,9,1,125.24194466583172,False,True
9049,8,88.14,1986,2021,5,1,108.5886090310869,True,False
9050,12,92.96,2010,2021,4,1,92.20094664371773,True,False
9051,8,94.2,2007,2021,9,1,144.06581740976645,True,False
9052,12,95.49,2021,2021,10,1,94.2507068803016,False,True
9053,12,95.49,2021,2021,10,1,94.2507068803016,False,True
9054,8,96.02,2007,2021,2,1,99.7812955634243,True,False
9055,8,97.2,2016,2021,4,1,139.619341563786,True,False
9056,8,97.25,1997,2021,5,1,101.3573264781491,True,False
9057,8,97.85,2015,2021,2,1,144.97700562084825,True,False
9058,8,100.0,1987,2021,2,1,93.72,True,False
9059,8,101.62,1979,2021,11,1,98.40582562487698,False,True
9060,8,106.58,2002,2021,7,1,140.739350722462,True,False
9061,8,108.66,2017,2021,8,1,138.04527885146328,False,True
9062,8,111.96,2004,2021,6,1,44.533762057877816,True,False
9063,8,116.79,2017,2021,12,1,128.4356537374775,False,True
9064,8,126.0,2019,2021,5,1,103.17460317460318,False,True
9065,8,126.29,2016,2021,11,1,95.01939979412462,False,True
9066,8,195.0,2012,2021,7,1,56.41025641025641,False,True
9067,12,14.0,1992,2021,9,1,770.4285714285714,True,False
9068,12,16.09,2012,2021,8,1,391.5475450590429,True,False
9069,12,20.0,2001,2021,1,1,277.75,True,False
9070,8,20.0,2010,2021,8,1,367.15,True,False
9071,12,22.0,2017,2021,8,1,500.0,True,False
9072,8,23.0,2016,2021,1,1,422.9130434782609,True,False
9073,8,23.0,1968,2021,3,1,416.17391304347825,True,False
9074,12,25.0,2012,2021,8,1,274.28,True,False
9075,12,25.0,2012,2021,4,1,274.28,True,False
9076,12,25.0,2018,2021,3,1,380.36,True,False
9077,8,26.4,2018,2021,1,1,411.51515151515156,True,False
9078,8,27.0,2002,2021,12,1,236.5185185185185,True,False
9079,12,27.0,2017,2021,10,1,357.14814814814815,True,False
9080,12,27.0,2016,2021,2,1,398.77777777777777,True,False
9081,8,28.0,2004,2021,5,1,158.17857142857142,True,False
9082,12,28.0,2010,2021,2,1,336.7857142857143,True,False
9083,12,28.5,2017,2021,1,1,306.2105263157895,True,False
9084,12,29.0,1991,2021,1,1,51.724137931034484,False,True
9085,12,29.7,2007,2021,1,1,79.5959595959596,True,False
9086,8,30.0,2001,2021,12,1,146.2,True,False
9087,12,30.0,2010,2021,11,1,289.03333333333336,True,False
9088,12,30.0,2012,2021,12,1,211.9,True,False
9089,8,30.0,2007,2021,6,1,289.06666666666666,True,False
9090,8,30.0,2017,2021,2,1,335.56666666666666,True,False
9091,8,30.0,2009,2021,3,1,189.53333333333333,True,False
9092,12,30.0,2013,2021,2,1,329.06666666666666,True,False
9093,12,30.0,2010,2021,1,1,246.36666666666667,True,False
9094,12,30.0,2001,2021,12,1,146.2,True,False
9095,12,30.0,2017,2021,1,1,230.6,True,False
9096,12,30.0,2017,2021,9,1,292.3666666666667,True,False
9097,8,30.0,2012,2021,9,1,292.3666666666667,True,False
9098,8,30.0,2017,2021,2,1,335.56666666666666,True,False
9099,12,30.0,2013,2021,4,1,414.3,True,False
9100,12,30.0,2010,2021,2,1,282.4,True,False
9101,8,30.0,2006,2021,7,1,295.7,True,False
9102,12,30.0,2016,2021,2,1,295.73333333333335,True,False
9103,8,30.0,2007,2021,2,1,133.33333333333334,False,True
9104,8,30.0,2005,2021,6,1,133.33333333333334,False,True
9105,8,30.0,2005,2021,8,1,133.33333333333334,False,True
9106,8,30.0,2016,2021,4,1,166.66666666666666,False,True
9107,12,30.0,2018,2021,7,1,133.33333333333334,False,True
9108,12,30.0,2018,2021,5,1,133.33333333333334,False,True
9109,12,30.0,2011,2021,4,1,133.33333333333334,False,True
9110,12,31.04,1981,2021,8,1,216.3015463917526,True,False
9111,12,32.0,2017,2021,9,1,229.90625,True,False
9112,12,32.44,2012,2021,10,1,123.30456226880395,False,True
9113,25,32.7,2018,2021,8,1,380.091743119266,True,False
9114,12,33.0,2002,2021,9,1,176.1818181818182,True,False
9115,12,33.0,2018,2021,5,1,318.1818181818182,True,False
9116,12,33.0,2018,2021,3,1,395.6969696969697,True,False
9117,12,33.0,2013,2021,11,1,248.9090909090909,True,False
9118,12,33.0,2018,2021,8,1,395.6666666666667,True,False
9119,12,33.0,2016,2021,6,1,288.93939393939394,True,False
9120,12,33.0,2011,2021,5,1,268.8181818181818,True,False
9121,12,33.0,2018,2021,12,1,306.06060606060606,True,False
9122,12,33.0,2002,2021,7,1,222.5151515151515,True,False
9123,12,33.0,2018,2021,4,1,274.8787878787879,True,False
9124,8,33.0,2017,2021,2,1,322.0,True,False
9125,8,33.0,2018,2021,5,1,376.6363636363636,True,False
9126,8,33.0,1976,2021,4,1,190.4848484848485,True,False
9127,12,33.0,2015,2021,2,1,285.1212121212121,True,False
9128,12,33.0,2012,2021,2,1,262.7878787878788,True,False
9129,8,33.0,2011,2021,6,1,229.72727272727272,True,False
9130,12,33.0,2012,2021,1,1,166.66666666666666,False,True
9131,12,33.0,2012,2021,2,1,121.21212121212122,False,True
9132,8,33.0,2007,2021,2,1,121.21212121212122,False,True
9133,12,33.0,1987,2021,4,1,90.9090909090909,False,True
9134,8,33.15,2016,2021,1,1,191.97586726998492,True,False
9135,8,33.38,2006,2021,3,1,134.81126423007788,False,True
9136,8,33.38,2006,2021,8,1,134.81126423007788,False,True
9137,8,33.38,2006,2021,4,1,134.81126423007788,False,True
9138,8,33.38,2006,2021,1,1,134.81126423007788,False,True
9139,12,33.62,1979,2021,9,1,257.0791195716835,True,False
9140,12,35.0,2018,2021,9,1,378.77142857142854,True,False
9141,12,35.0,2018,2021,8,1,332.25714285714287,True,False
9142,8,35.0,2016,2021,8,1,142.85714285714286,False,True
9143,12,36.0,2015,2021,2,1,238.11111111111111,True,False
9144,25,36.0,2018,2021,8,1,365.47222222222223,True,False
9145,12,36.0,2017,2021,1,1,138.88888888888889,False,True
9146,12,36.36,2015,2021,4,1,137.5137513751375,False,True
9147,8,38.0,2017,2021,12,1,240.60526315789474,True,False
9148,8,38.0,2017,2021,1,1,241.6315789473684,True,False
9149,8,40.0,1992,2021,4,1,142.85,True,False
9150,12,40.0,2013,2021,1,1,220.45,True,False
9151,12,40.0,2014,2021,1,1,257.95,True,False
9152,12,40.25,2013,2021,1,1,191.9751552795031,True,False
9153,12,41.65,1988,2021,2,1,146.00240096038416,True,False
9154,12,42.0,2013,2021,3,1,218.71428571428572,True,False
9155,12,43.0,2013,2021,10,1,116.27906976744185,False,True
9156,8,44.63,1972,2021,11,1,230.78646650235265,True,False
9157,12,45.0,2011,2021,3,1,261.4888888888889,True,False
9158,12,45.0,2015,2021,8,1,212.6888888888889,True,False
9159,12,45.25,2014,2021,1,1,129.59116022099448,True,False
9160,12,48.0,2013,2021,3,1,241.77083333333334,True,False
9161,25,48.2,2010,2021,8,1,201.84647302904563,True,False
9162,12,49.58,1990,2021,1,1,166.86163775716014,True,False
9163,12,50.0,1980,2021,9,1,154.28,True,False
9164,8,50.0,2017,2021,5,1,177.14,True,False
9165,8,50.0,2011,2021,11,1,174.28,True,False
9166,12,50.0,2012,2021,12,1,267.14,True,False
9167,12,50.0,1990,2021,11,1,152.86,True,False
9168,12,50.0,2011,2021,2,1,160.0,False,True
9169,8,50.0,2005,2021,6,1,160.0,False,True
9170,8,50.0,2005,2021,9,1,160.0,False,True
9171,8,50.0,2005,2021,10,1,200.0,False,True
9172,8,50.0,2005,2021,10,1,200.0,False,True
9173,12,50.38,2018,2021,8,1,232.51290194521636,True,False
9174,12,50.49,1993,2021,2,1,169.04337492572785,True,False
9175,12,53.0,2017,2021,4,1,159.03773584905662,True,False
9176,12,53.96,1988,2021,9,1,164.3995552260934,True,False
9177,12,54.0,2013,2021,8,1,201.3148148148148,True,False
9178,12,54.68,2010,2021,7,1,165.89246525237746,True,False
9179,8,55.0,2018,2021,12,1,279.2181818181818,True,False
9180,8,55.0,2018,2021,12,1,279.2181818181818,True,False
9181,12,55.0,2012,2021,12,1,127.27272727272727,False,True
9182,12,56.0,2010,2021,4,1,125.0,False,True
9183,8,56.0,2011,2021,4,1,142.85714285714286,False,True
9184,8,56.1,2016,2021,7,1,160.42780748663102,False,True
9185,12,58.0,2013,2021,6,1,199.67241379310346,True,False
9186,12,58.0,2013,2021,6,1,223.74137931034483,True,False
9187,8,58.0,2017,2021,6,1,151.56896551724137,True,False
9188,12,58.0,2016,2021,6,1,197.63793103448276,True,False
9189,12,58.0,2012,2021,9,1,256.1551724137931,True,False
9190,8,58.0,1972,2021,8,1,103.44827586206897,False,True
9191,12,58.25,2010,2021,12,1,206.00858369098714,True,False
9192,8,58.48,1992,2021,3,1,107.57523939808482,True,False
9193,25,60.0,2001,2021,12,1,169.05,True,False
9194,8,60.0,2010,2021,12,1,270.23333333333335,True,False
9195,12,60.0,2003,2021,8,1,116.66666666666667,False,True
9196,12,60.0,2017,2021,1,1,133.33333333333334,False,True
9197,12,60.0,2017,2021,1,1,150.0,False,True
9198,8,60.21,1993,2021,8,1,166.08536787908986,True,False
9199,8,60.56,1978,2021,11,1,158.04161162483487,True,False
9200,8,61.03,1989,2021,5,1,192.1841717188268,True,False
9201,8,61.92,1974,2021,7,1,126.88953488372093,True,False
9202,12,63.77,1991,2021,10,1,165.76760232084052,True,False
9203,12,65.0,1989,2021,1,1,160.84615384615384,True,False
9204,12,66.0,2016,2021,7,1,127.71212121212122,True,False
9205,12,66.0,2008,2021,7,1,180.74242424242425,True,False
9206,12,66.0,2016,2021,11,1,229.65151515151516,True,False
9207,8,66.12,2017,2021,11,1,187.9764065335753,True,False
9208,8,66.4,1989,2021,1,1,136.91265060240963,True,False
9209,25,66.42,1995,2021,11,1,124.75158084914182,True,False
9210,8,68.0,2016,2021,7,1,176.47058823529412,False,True
9211,12,68.12,1987,2021,6,1,137.5807398708162,True,False
9212,8,69.45,1989,2021,4,1,125.47156227501799,True,False
9213,12,72.4,1992,2021,4,1,110.49723756906076,False,True
9214,12,72.7,1991,2021,2,1,153.86519944979366,True,False
9215,12,72.95,1993,2021,2,1,194.14667580534612,True,False
9216,12,75.0,2012,2021,10,1,217.14666666666668,True,False
9217,8,75.08,2018,2021,7,1,162.67980820458178,True,False
9218,12,75.27,2017,2021,3,1,187.85704796067492,True,False
9219,12,77.29,1977,2021,3,1,116.44455945141674,False,True
9220,12,79.2,2003,2021,1,1,82.07070707070707,False,True
9221,12,82.0,1991,2021,3,1,173.0,True,False
9222,12,82.13,2012,2021,10,1,168.72032144161696,True,False
9223,8,82.19,1988,2021,10,1,189.45127144421463,True,False
9224,12,82.5,2015,2021,3,1,218.75151515151515,True,False
9225,12,83.0,2017,2021,2,1,213.78313253012047,True,False
9226,8,83.0,2013,2021,3,1,127.48192771084338,True,False
9227,12,83.55,2018,2021,11,1,188.0789946140036,True,False
9228,12,84.0,2007,2021,2,1,142.29761904761904,True,False
9229,12,84.0,2015,2021,4,1,154.76190476190476,True,False
9230,8,85.75,2000,2021,2,1,103.46355685131195,True,False
9231,12,86.92,2018,2021,12,1,170.92728946157385,True,False
9232,12,89.22,2011,2021,10,1,145.70724052902938,False,True
9233,12,90.0,2012,2021,1,1,88.88888888888889,False,True
9234,12,90.2,1991,2021,9,1,136.36363636363635,True,False
9235,8,90.61,1996,2021,12,1,105.62851782363978,True,False
9236,8,95.5,1985,2021,8,1,70.30366492146597,True,False
9237,12,97.7,1999,2021,10,1,92.11873080859775,False,True
9238,12,97.7,1999,2021,10,1,92.11873080859775,False,True
9239,12,99.0,2011,2021,1,1,143.7070707070707,True,False
9240,8,99.0,1990,2021,3,1,71.48484848484848,True,False
9241,12,99.0,2018,2021,2,1,136.36363636363637,False,True
9242,8,113.3,1991,2021,10,1,109.69991173874669,True,False
9243,25,125.32,1995,2021,7,1,108.29077561442708,True,False
9244,8,132.0,1995,2021,4,1,36.79545454545455,True,False
9245,12,164.94,1990,2021,1,1,84.87935006669092,False,True
9246,8,172.6,1988,2021,11,1,40.55619930475087,False,True
9247,12,192.4,2012,2021,3,1,42.17255717255717,True,False
9248,12,20.0,1991,2021,7,1,325.0,False,True
9249,12,23.0,2013,2021,1,1,353.7391304347826,True,False
9250,8,24.3,2018,2021,11,1,164.60905349794237,False,True
9251,8,24.66,2018,2021,8,1,162.20600162206003,False,True
9252,8,25.0,2016,2021,5,1,234.28,True,False
9253,12,26.0,2017,2021,3,1,319.7692307692308,True,False
9254,12,26.0,2012,2021,2,1,169.03846153846155,True,False
9255,12,26.0,2012,2021,7,1,326.9230769230769,True,False
9256,12,26.44,2017,2021,1,1,230.37065052950075,True,False
9257,12,26.45,2012,2021,8,1,486.0869565217391,True,False
9258,12,27.0,2017,2021,11,1,352.9259259259259,True,False
9259,12,27.3,2011,2021,12,1,321.28205128205127,True,False
9260,8,28.0,2017,2021,2,1,359.5357142857143,True,False
9261,12,28.0,2017,2021,5,1,313.7857142857143,True,False
9262,12,28.0,2017,2021,6,1,466.35714285714283,True,False
9263,8,28.1,2014,2021,12,1,193.20284697508896,True,False
9264,8,29.0,2013,2021,12,1,342.37931034482756,True,False
9265,8,29.0,2019,2021,6,1,172.41379310344828,False,True
9266,12,30.0,2015,2021,3,1,207.76666666666668,True,False
9267,12,30.0,2013,2021,10,1,295.7,True,False
9268,8,30.0,2017,2021,4,1,324.3,True,False
9269,8,30.0,2019,2021,1,1,251.5,True,False
9270,8,30.0,2019,2021,1,1,251.5,True,False
9271,8,30.0,2018,2021,12,1,430.96666666666664,True,False
9272,8,30.0,2019,2021,2,1,254.26666666666668,True,False
9273,8,30.0,2018,2021,11,1,276.2,True,False
9274,12,30.0,2002,2021,2,1,295.73333333333335,True,False
9275,12,30.0,2018,2021,4,1,347.6333333333333,True,False
9276,12,30.0,2012,2021,8,1,195.23333333333332,True,False
9277,12,30.0,2012,2021,7,1,164.3,True,False
9278,8,30.0,2010,2021,5,1,100.0,False,True
9279,8,30.0,2018,2021,8,1,133.33333333333334,False,True
9280,8,30.0,2018,2021,4,1,133.33333333333334,False,True
9281,8,30.0,2018,2021,2,1,150.0,False,True
9282,8,30.0,2010,2021,3,1,116.66666666666667,False,True
9283,12,30.0,2016,2021,3,1,150.0,False,True
9284,8,30.0,2018,2021,1,1,200.0,False,True
9285,8,30.0,2011,2021,9,1,116.66666666666667,False,True
9286,8,30.0,2018,2021,3,1,133.33333333333334,False,True
9287,8,31.0,2016,2021,10,1,129.03225806451613,False,True
9288,12,31.1,2008,2021,9,1,289.3890675241157,False,True
9289,12,31.1,2008,2021,9,1,289.3890675241157,False,True
9290,8,32.68,1984,2021,7,1,214.1982864137087,False,True
9291,12,33.0,2018,2021,7,1,207.78787878787878,True,False
9292,8,33.0,2019,2021,7,1,404.75757575757575,True,False
9293,12,33.0,2015,2021,1,1,282.3636363636364,True,False
9294,8,33.0,2017,2021,7,1,134.21212121212122,True,False
9295,8,33.0,2019,2021,8,1,251.0909090909091,True,False
9296,12,33.0,2011,2021,12,1,274.8787878787879,True,False
9297,8,33.0,2014,2021,4,1,207.78787878787878,True,False
9298,8,33.0,2018,2021,5,1,268.8181818181818,True,False
9299,8,33.0,2018,2021,3,1,395.6969696969697,True,False
9300,8,33.0,2019,2021,3,1,246.66666666666666,True,False
9301,8,33.0,2019,2021,10,1,320.3333333333333,True,False
9302,8,33.0,2017,2021,2,1,311.1212121212121,True,False
9303,8,33.0,2019,2021,4,1,238.0909090909091,True,False
9304,12,33.0,2011,2021,6,1,203.6060606060606,True,False
9305,8,33.0,2018,2021,10,1,271.8484848484849,True,False
9306,8,33.0,2018,2021,10,1,271.8484848484849,True,False
9307,12,33.0,2014,2021,9,1,190.4848484848485,True,False
9308,12,33.0,2018,2021,5,1,264.06060606060606,True,False
9309,12,33.0,2018,2021,3,1,353.42424242424244,True,False
9310,12,33.0,2015,2021,1,1,106.06060606060606,False,True
9311,8,33.0,2015,2021,9,1,136.36363636363637,False,True
9312,8,33.0,1987,2021,5,1,151.5151515151515,False,True
9313,8,33.0,2019,2021,4,1,121.21212121212122,False,True
9314,12,33.0,2012,2021,5,1,151.5151515151515,False,True
9315,8,33.0,2017,2021,7,1,121.21212121212122,False,True
9316,12,34.55,1979,2021,8,1,217.07670043415342,False,True
9317,8,35.0,2018,2021,8,1,310.6,True,False
9318,12,35.0,2018,2021,12,1,307.74285714285713,True,False
9319,12,35.0,2018,2021,12,1,356.74285714285713,True,False
9320,12,35.0,2011,2021,12,1,242.45714285714286,True,False
9321,12,35.0,2018,2021,11,1,355.1142857142857,True,False
9322,12,36.0,2017,2021,4,1,369.05555555555554,True,False
9323,8,36.0,2019,2021,8,1,166.66666666666666,False,True
9324,12,36.3,2017,2021,12,1,165.28925619834712,False,True
9325,12,37.52,1976,2021,5,1,308.3955223880597,True,False
9326,8,39.0,2012,2021,10,1,188.64102564102564,True,False
9327,12,39.0,2018,2021,12,1,249.07692307692307,True,False
9328,8,40.0,2013,2021,4,1,257.5,True,False
9329,12,40.0,2018,2021,6,1,361.325,True,False
9330,8,40.0,2013,2021,3,1,277.625,True,False
9331,12,40.0,2017,2021,12,1,333.925,True,False
9332,12,40.0,2018,2021,10,1,310.725,True,False
9333,12,40.0,2015,2021,12,1,173.225,True,False
9334,12,40.0,2017,2021,1,1,264.775,True,False
9335,12,40.0,2013,2021,9,1,203.575,True,False
9336,12,40.0,2019,2021,12,1,264.275,True,False
9337,12,40.0,2018,2021,12,1,264.275,True,False
9338,12,40.0,2014,2021,6,1,147.5,False,True
9339,8,40.0,2013,2021,1,1,112.5,False,True
9340,12,42.3,2013,2021,3,1,231.46572104018915,True,False
9341,12,42.3,2014,2021,3,1,118.2033096926714,False,True
9342,8,42.9,2013,2021,8,1,223.1002331002331,True,False
9343,12,43.0,2012,2021,7,1,205.97674418604652,True,False
9344,12,45.0,2013,2021,3,1,239.26666666666668,True,False
9345,12,45.0,2014,2021,4,1,279.35555555555555,True,False
9346,12,45.0,2016,2021,12,1,228.88888888888889,True,False
9347,12,45.0,2015,2021,6,1,153.75555555555556,True,False
9348,12,46.48,2004,2021,4,1,212.06970740103273,True,False
9349,8,46.99,1988,2021,7,1,170.54692487763353,True,False
9350,8,48.0,1979,2021,7,1,123.52083333333333,True,False
9351,12,48.53,1979,2021,7,1,216.36101380589326,True,False
9352,8,48.66,1999,2021,6,1,61.652281134401974,False,True
9353,12,49.0,2004,2021,6,1,215.9387755102041,True,False
9354,8,49.58,1992,2021,2,1,144.93747478822107,True,False
9355,12,49.62,2018,2021,9,1,296.5336557839581,True,False
9356,12,50.0,2017,2021,10,1,157.14,True,False
9357,8,50.0,2005,2021,12,1,135.72,True,False
9358,12,50.0,2016,2021,1,1,282.72,True,False
9359,12,50.0,2004,2021,6,1,211.62,True,False
9360,12,50.0,2012,2021,8,1,204.0,True,False
9361,12,50.0,2018,2021,6,1,391.62,True,False
9362,12,50.0,2012,2021,7,1,222.86,True,False
9363,8,50.0,2016,2021,1,1,167.28,True,False
9364,12,50.0,2014,2021,3,1,180.0,False,True
9365,8,50.0,2019,2021,9,1,170.0,False,True
9366,8,50.0,2019,2021,9,1,170.0,False,True
9367,8,50.0,2018,2021,1,1,120.0,False,True
9368,12,50.06,2011,2021,2,1,149.82021574111067,False,True
9369,8,50.26,2013,2021,2,1,89.53442101074414,False,True
9370,8,50.26,2013,2021,2,1,89.53442101074414,False,True
9371,12,51.04,1979,2021,6,1,166.5360501567398,False,True
9372,12,51.04,1979,2021,6,1,166.5360501567398,False,True
9373,12,52.0,2004,2021,10,1,115.38461538461539,False,True
9374,8,53.74,1987,2021,5,1,167.47301823595086,False,True
9375,12,55.0,2013,2021,5,1,244.16363636363636,True,False
9376,12,55.0,2018,2021,10,1,277.92727272727274,True,False
9377,12,55.0,2012,2021,7,1,202.6,True,False
9378,8,55.0,2018,2021,3,1,181.8181818181818,False,True
9379,12,56.0,2013,2021,1,1,116.07142857142857,False,True
9380,12,56.0,2013,2021,1,1,116.07142857142857,False,True
9381,8,56.19,2018,2021,1,1,229.73838761345436,True,False
9382,12,56.76,2018,2021,6,1,172.49823819591262,True,False
9383,12,57.14,2019,2021,11,1,122.50612530626532,False,True
9384,12,58.0,2017,2021,6,1,206.5,True,False
9385,8,58.0,2013,2021,10,1,152.70689655172413,True,False
9386,12,59.0,2016,2021,3,1,244.96610169491527,True,False
9387,12,59.09,1987,2021,5,1,153.51159248603824,True,False
9388,8,59.68,2018,2021,4,1,189.10857908847186,True,False
9389,12,60.0,2018,2021,7,1,235.71666666666667,True,False
9390,8,60.0,2011,2021,10,1,188.1,True,False
9391,8,60.0,2019,2021,4,1,141.66666666666666,False,True
9392,8,60.52,1983,2021,9,1,145.17514871116984,True,False
9393,12,61.4,2016,2021,9,1,278.0293159609121,True,False
9394,8,62.4,2010,2021,1,1,145.68910256410257,True,False
9395,12,62.7,2015,2021,3,1,143.54066985645932,False,True
9396,12,64.53,1986,2021,11,1,148.31861149852782,True,False
9397,8,64.83,1987,2021,7,1,123.39966065093321,False,True
9398,8,65.0,2013,2021,10,1,213.1846153846154,True,False
9399,12,65.49,2018,2021,10,1,152.69506794930524,False,True
9400,8,65.64,1986,2021,10,1,113.39122486288848,True,False
9401,8,66.0,1996,2021,7,1,134.4090909090909,True,False
9402,12,66.12,1991,2021,10,1,168.52692075015122,True,False
9403,8,70.0,2018,2021,1,1,222.07142857142858,True,False
9404,8,70.71,1988,2021,1,1,163.27252156696366,True,False
9405,8,72.72,1989,2021,3,1,102.81903190319032,True,False
9406,8,75.24,1989,2021,10,1,139.55342902711325,True,False
9407,12,75.97,1978,2021,5,1,137.2778728445439,True,False
9408,8,76.0,2018,2021,2,1,205.01315789473685,True,False
9409,8,76.0,2018,2021,2,1,205.01315789473685,True,False
9410,8,76.0,2018,2021,8,1,105.26315789473684,False,True
9411,8,77.29,1976,2021,6,1,164.5879156423858,True,False
9412,8,77.47,2019,2021,1,1,234.69730218148962,True,False
9413,8,77.47,2019,2021,2,1,167.80689299083517,False,True
9414,8,79.97,1979,2021,10,1,158.09678629486058,True,False
9415,8,80.0,2012,2021,3,1,164.25,True,False
9416,12,80.3,1980,2021,7,1,126.31382316313824,True,False
9417,12,82.0,2016,2021,2,1,225.1829268292683,True,False
9418,12,85.0,2018,2021,7,1,151.25882352941176,True,False
9419,12,85.0,2012,2021,8,1,159.65882352941176,True,False
9420,8,85.26,1980,2021,1,1,82.10180623973727,False,True
9421,12,93.22,2017,2021,6,1,175.62754773653722,True,False
9422,12,95.0,2016,2021,1,1,147.3684210526316,False,True
9423,8,97.34,2019,2021,6,1,113.00595849599343,False,True
9424,8,97.34,2019,2021,2,1,113.00595849599343,False,True
9425,8,98.04,1997,2021,2,1,112.67849857201142,True,False
9426,12,98.44,2015,2021,2,1,162.0581064607883,True,False
9427,12,100.0,2002,2021,6,1,135.58,True,False
9428,12,101.46,2015,2021,1,1,141.57303370786516,True,False
9429,12,102.6,2012,2021,1,1,92.5925925925926,False,True
9430,12,104.24,2004,2021,9,1,156.23561013046816,True,False
9431,12,105.83,2013,2021,9,1,120.8164036662572,True,False
9432,8,108.0,2013,2021,2,1,145.88888888888889,True,False
9433,12,112.0,2018,2021,1,1,155.03571428571428,True,False
9434,12,115.0,2012,2021,1,1,79.84347826086956,True,False
9435,8,116.0,2005,2021,2,1,34.48275862068966,False,True
9436,8,119.58,2018,2021,3,1,195.93577521324636,True,False
9437,8,125.4,2016,2021,1,1,111.64274322169058,False,True
9438,8,132.23,1989,2021,5,1,57.80080163351736,True,False
9439,8,133.32,2019,2021,12,1,127.51275127512751,False,True
9440,0,189.59,1989,2021,11,1,49.28002531779102,True,False
9441,8,13.2,1957,2021,8,1,339.8484848484849,True,False
9442,8,25.0,2011,2021,11,1,162.28,True,False
9443,12,30.0,2001,2021,4,1,188.1,True,False
9444,12,30.0,2001,2021,12,1,145.23333333333332,True,False
9445,8,49.03,1986,2021,12,1,138.40505812767694,True,False
9446,8,50.0,1968,2021,8,1,173.42,True,False
9447,12,52.04,1993,2021,9,1,57.64796310530361,False,True
9448,8,52.8,1993,2021,3,1,90.73863636363637,True,False
9449,8,55.0,2010,2021,12,1,127.27272727272727,False,True
9450,25,64.56,1991,2021,7,1,106.21127633209417,True,False
9451,8,80.16,2000,2021,4,1,145.24700598802397,True,False
9452,12,81.51,1992,2021,1,1,77.29112992270886,False,True
9453,8,160.32,2010,2021,1,1,43.662674650698605,False,True
9454,12,16.0,2014,2021,1,1,598.3125,True,False
9455,12,16.52,2018,2021,2,1,380.81113801452784,True,False
9456,12,16.52,2018,2021,2,1,434.98789346246974,True,False
9457,12,16.52,2018,2021,1,1,376.9370460048426,True,False
9458,12,20.0,2015,2021,2,1,200.0,False,True
9459,12,23.0,2014,2021,2,1,361.4782608695652,True,False
9460,8,24.55,2017,2021,12,1,485.90631364562114,True,False
9461,8,25.0,2001,2021,11,1,244.0,True,False
9462,12,25.0,2018,2021,2,1,346.88,True,False
9463,12,25.0,1994,2021,5,1,154.28,True,False
9464,12,26.0,2015,2021,1,1,447.53846153846155,True,False
9465,12,26.4,2002,2021,1,1,269.6212121212121,True,False
9466,12,26.4,2010,2021,3,1,151.51515151515153,False,True
9467,12,26.4,2010,2021,1,1,151.51515151515153,False,True
9468,8,26.4,1997,2021,6,1,208.33333333333334,False,True
9469,12,26.4,2006,2021,1,1,151.51515151515153,False,True
9470,12,26.44,2011,2021,12,1,470.0832072617246,True,False
9471,12,28.0,2010,2021,3,1,309.7142857142857,True,False
9472,12,28.0,2008,2021,2,1,366.67857142857144,True,False
9473,12,28.0,2010,2021,12,1,311.2142857142857,True,False
9474,12,28.0,2011,2021,5,1,178.57142857142858,False,True
9475,12,28.0,2008,2021,3,1,142.85714285714286,False,True
9476,8,28.1,2007,2021,3,1,415.0533807829181,True,False
9477,12,29.0,2010,2021,12,1,120.6896551724138,False,True
9478,12,30.0,2008,2021,2,1,312.4,True,False
9479,12,30.0,2006,2021,7,1,306.6666666666667,True,False
9480,8,30.0,2008,2021,7,1,244.76666666666668,True,False
9481,8,30.0,2008,2021,3,1,239.23333333333332,True,False
9482,12,30.0,2008,2021,4,1,302.3666666666667,True,False
9483,12,30.0,2006,2021,2,1,252.7,True,False
9484,8,30.0,2017,2021,2,1,332.56666666666666,True,False
9485,12,30.0,2011,2021,1,1,334.8333333333333,True,False
9486,12,30.0,2003,2021,4,1,241.43333333333334,True,False
9487,12,30.0,2017,2021,2,1,211.63333333333333,True,False
9488,12,30.0,2008,2021,1,1,334.8333333333333,True,False
9489,12,30.0,2006,2021,12,1,302.3666666666667,True,False
9490,12,30.0,2008,2021,12,1,366.6666666666667,True,False
9491,12,30.0,2011,2021,12,1,324.3,True,False
9492,8,30.0,2008,2021,12,1,254.3,True,False
9493,8,30.0,2020,2021,2,1,313.6333333333333,True,False
9494,12,30.0,2015,2021,2,1,254.66666666666666,True,False
9495,12,30.0,2017,2021,8,1,273.8,True,False
9496,12,30.0,2011,2021,12,1,321.43333333333334,True,False
9497,12,30.0,2010,2021,7,1,254.76666666666668,True,False
9498,12,30.0,2010,2021,12,1,343.3333333333333,True,False
9499,12,30.0,2007,2021,12,1,319.03333333333336,True,False
9500,12,30.0,2006,2021,12,1,133.33333333333334,False,True
9501,12,30.0,2010,2021,2,1,133.33333333333334,False,True
9502,12,30.0,2010,2021,11,1,133.33333333333334,False,True
9503,8,30.0,2010,2021,2,1,116.66666666666667,False,True
9504,12,30.0,2010,2021,12,1,133.33333333333334,False,True
9505,12,30.0,2011,2021,1,1,166.66666666666666,False,True
9506,12,30.59,2001,2021,1,1,115.88754494932985,True,False
9507,12,33.0,2008,2021,2,1,326.27272727272725,True,False
9508,12,33.0,2018,2021,8,1,318.1818181818182,True,False
9509,8,33.0,2017,2021,3,1,267.09090909090907,True,False
9510,12,33.0,2011,2021,7,1,294.8181818181818,True,False
9511,8,33.0,2010,2021,1,1,304.3939393939394,True,False
9512,12,33.0,2011,2021,2,1,284.0,True,False
9513,8,33.0,2014,2021,1,1,257.030303030303,True,False
9514,12,33.0,2004,2021,8,1,274.8787878787879,True,False
9515,12,33.0,2018,2021,3,1,395.6969696969697,True,False
9516,12,33.0,2008,2021,3,1,256.8787878787879,True,False
9517,12,33.0,2013,2021,10,1,305.1818181818182,True,False
9518,8,33.0,2017,2021,1,1,359.24242424242425,True,False
9519,12,33.0,2016,2021,10,1,268.8181818181818,True,False
9520,25,33.0,2017,2021,7,1,416.030303030303,True,False
9521,8,33.0,2010,2021,12,1,378.7878787878788,True,False
9522,8,33.0,2018,2021,3,1,372.72727272727275,True,False
9523,12,33.0,2006,2021,5,1,294.3636363636364,True,False
9524,12,33.0,2019,2021,2,1,369.969696969697,True,False
9525,8,33.0,2012,2021,11,1,312.1212121212121,True,False
9526,12,33.0,2016,2021,11,1,290.030303030303,True,False
9527,25,33.0,2017,2021,8,1,393.93939393939394,True,False
9528,12,33.0,2019,2021,1,1,377.42424242424244,True,False
9529,12,33.0,1983,2021,4,1,90.9090909090909,False,True
9530,25,33.0,1997,2021,5,1,151.5151515151515,False,True
9531,12,33.0,2006,2021,2,1,151.5151515151515,False,True
9532,12,33.06,2016,2021,12,1,397.9733817301875,True,False
9533,8,33.1,1992,2021,9,1,75.52870090634441,False,True
9534,12,33.25,2001,2021,12,1,118.16541353383458,True,False
9535,8,34.0,2017,2021,2,1,316.6764705882353,True,False
9536,12,34.56,1994,2021,9,1,305.87384259259255,True,False
9537,12,35.0,2015,2021,2,1,333.22857142857146,True,False
9538,12,35.0,2008,2021,2,1,142.85714285714286,False,True
9539,12,36.0,2019,2021,12,1,373.02777777777777,True,False
9540,12,36.0,2013,2021,2,1,376.6111111111111,True,False
9541,12,36.0,2019,2021,12,1,424.6111111111111,True,False
9542,12,36.0,2015,2021,4,1,218.25,True,False
9543,12,39.67,1994,2021,3,1,258.8101840181497,True,False
9544,8,40.0,2018,2021,1,1,387.5,True,False
9545,8,40.0,2018,2021,2,1,373.825,True,False
9546,12,40.0,2010,2021,6,1,277.025,True,False
9547,8,40.0,2008,2021,7,1,167.85,True,False
9548,8,40.0,2018,2021,1,1,175.0,False,True
9549,8,40.0,2018,2021,1,1,175.0,False,True
9550,8,40.0,2018,2021,10,1,200.0,False,True
9551,12,40.0,2011,2021,7,1,125.0,False,True
9552,12,44.0,2014,2021,5,1,253.25,True,False
9553,25,44.08,1997,2021,8,1,228.47096188747733,True,False
9554,8,45.0,1996,2021,4,1,149.2,True,False
9555,8,45.0,2004,2021,11,1,190.46666666666667,True,False
9556,8,45.0,2010,2021,11,1,311.4222222222222,True,False
9557,8,45.0,2010,2021,11,1,212.6888888888889,True,False
9558,12,45.0,1995,2021,5,1,234.9111111111111,True,False
9559,12,45.0,2007,2021,11,1,193.64444444444445,True,False
9560,12,45.0,1994,2021,5,1,131.75555555555556,True,False
9561,25,45.72,1997,2021,2,1,131.23359580052494,False,True
9562,12,46.28,2011,2021,3,1,217.523768366465,True,False
9563,8,48.0,2018,2021,8,1,241.0625,True,False
9564,8,49.0,1994,2021,7,1,209.91836734693877,True,False
9565,12,49.0,2004,2021,2,1,146.6530612244898,True,False
9566,12,49.58,1997,2021,5,1,145.502218636547,True,False
9567,12,49.58,1992,2021,9,1,121.0165389269867,False,True
9568,12,50.0,2015,2021,7,1,226.0,True,False
9569,12,50.0,2015,2021,2,1,243.72,True,False
9570,8,50.0,1994,2021,5,1,231.42,True,False
9571,12,50.0,2018,2021,11,1,300.0,True,False
9572,12,50.0,2018,2021,11,1,271.42,True,False
9573,8,50.0,2003,2021,9,1,100.0,False,True
9574,12,50.25,2017,2021,7,1,137.6318407960199,True,False
9575,12,50.25,2017,2021,7,1,119.54228855721394,True,False
9576,8,50.8,2003,2021,11,1,127.95275590551182,False,True
9577,12,52.0,1995,2021,6,1,138.19230769230768,True,False
9578,12,52.89,1983,2021,11,1,91.8321043675553,True,False
9579,12,52.89,2006,2021,7,1,156.66477595008507,True,False
9580,8,54.8,1995,2021,8,1,116.0036496350365,True,False
9581,8,55.0,1997,2021,5,1,242.85454545454544,True,False
9582,12,55.0,2019,2021,12,1,350.6545454545454,True,False
9583,8,55.0,2009,2021,9,1,222.07272727272726,True,False
9584,12,55.0,2006,2021,8,1,159.74545454545455,True,False
9585,12,55.2,1994,2021,10,1,126.81159420289855,False,True
9586,12,56.0,2019,2021,10,1,211.73214285714286,True,False
9587,8,56.19,1998,2021,6,1,134.91724506139883,True,False
9588,12,57.0,2019,2021,4,1,240.59649122807016,True,False
9589,12,57.2,2004,2021,2,1,148.60139860139859,False,True
9590,12,57.86,1988,2021,12,1,159.24645696508816,True,False
9591,25,58.0,2015,2021,12,1,266.01724137931035,True,False
9592,25,58.0,2015,2021,12,1,206.89655172413794,False,True
9593,12,58.32,2019,2021,4,1,171.46776406035664,False,True
9594,12,59.0,1997,2021,11,1,313.5593220338983,True,False
9595,8,59.0,2018,2021,1,1,211.864406779661,True,False
9596,12,59.09,2018,2021,6,1,79.67507192418344,True,False
9597,8,59.12,2003,2021,6,1,101.48849797023004,False,True
9598,12,59.4,1995,2021,3,1,175.40404040404042,True,False
9599,12,59.49,1992,2021,8,1,123.66784333501428,True,False
9600,8,60.0,2003,2021,11,1,159.51666666666668,True,False
9601,8,60.0,2003,2021,8,1,159.51666666666668,True,False
9602,8,60.0,2003,2021,12,1,159.51666666666668,True,False
9603,12,60.0,2012,2021,6,1,228.68333333333334,True,False
9604,8,60.0,2003,2021,11,1,130.95,True,False
9605,8,60.0,1994,2021,9,1,120.23333333333333,True,False
9606,8,60.0,1988,2021,8,1,106.9,True,False
9607,8,60.0,2003,2021,8,1,100.0,False,True
9608,25,60.0,2017,2021,6,1,150.0,False,True
9609,8,63.7,1997,2021,9,1,107.64521193092621,True,False
9610,12,64.8,1988,2021,12,1,147.70061728395063,True,False
9611,12,65.16,1988,2021,9,1,190.74585635359117,True,False
9612,12,66.0,2013,2021,6,1,220.92424242424244,True,False
9613,8,66.0,1996,2021,5,1,126.62121212121212,True,False
9614,8,66.0,1996,2021,8,1,88.74242424242425,True,False
9615,12,66.0,1994,2021,9,1,110.39393939393939,True,False
9616,25,66.0,2018,2021,3,1,128.78787878787878,False,True
9617,8,66.12,1994,2021,3,1,91.96914700544464,True,False
9618,12,66.12,2017,2021,4,1,136.11615245009074,False,True
9619,12,66.47,2005,2021,8,1,159.03415074469686,True,False
9620,8,67.66,1994,2021,5,1,99.23145137451966,True,False
9621,8,67.99,1987,2021,9,1,95.60229445506693,False,True
9622,12,70.92,2013,2021,8,1,227.62267343485618,True,False
9623,8,71.0,1997,2021,2,1,91.54929577464789,False,True
9624,12,72.12,1988,2021,7,1,161.43926788685522,True,False
9625,8,72.69,1980,2021,9,1,224.04732425368002,True,False
9626,8,75.0,1991,2021,11,1,66.66666666666667,False,True
9627,8,75.15,1990,2021,11,1,91.24417831004656,True,False
9628,12,76.0,1996,2021,1,1,52.63157894736842,False,True
9629,8,76.26,2018,2021,1,1,78.67820613690007,False,True
9630,25,78.12,2003,2021,9,1,171.9022017409114,True,False
9631,8,80.15,1986,2021,7,1,183.58078602620085,True,False
9632,12,82.65,2000,2021,11,1,164.19842710223836,True,False
9633,8,83.46,1986,2021,1,1,179.72681524083396,False,True
9634,8,84.0,2007,2021,10,1,168.36904761904762,True,False
9635,8,84.02,1995,2021,6,1,130.9212092358962,False,True
9636,8,86.7,1993,2021,8,1,89.80392156862744,True,False
9637,12,90.9,1996,2021,12,1,130.9130913091309,True,False
9638,25,92.0,2018,2021,4,1,152.17391304347825,False,True
9639,12,92.78,2018,2021,8,1,161.67277430480706,False,True
9640,12,93.0,2000,2021,11,1,119.04301075268818,True,False
9641,8,95.58,1997,2021,6,1,123.36262816488805,True,False
9642,8,96.66,1993,2021,6,1,154.6968756465963,True,False
9643,12,100.53,1987,2021,1,1,86.36227991644286,True,False
9644,8,109.55,1997,2021,11,1,139.53445915107258,True,False
9645,12,110.61,1995,2021,8,1,134.31877768737004,True,False
9646,8,113.13,1997,2021,1,1,65.89763988332008,True,False
9647,12,116.94,1995,2021,8,1,90.39678467590217,True,False
9648,12,126.4,2007,2021,5,1,71.76424050632912,True,False
9649,25,146.27,2017,2021,7,1,169.93915362001778,True,False
9650,12,192.45,1994,2021,3,1,44.58820472850091,True,False
9651,8,21.2,1966,2021,5,1,243.25471698113208,True,False
9652,8,22.0,1987,2021,12,1,198.04545454545453,True,False
9653,8,23.1,1973,2021,6,1,216.45021645021643,False,True
9654,8,33.0,2017,2021,12,1,248.9090909090909,True,False
9655,8,33.0,2017,2021,3,1,181.8181818181818,False,True
9656,12,33.0,2007,2021,4,1,181.8181818181818,False,True
9657,8,36.26,1995,2021,11,1,27.57859900717044,False,True
9658,8,38.0,2018,2021,10,1,313.92105263157896,True,False
9659,8,39.0,2019,2021,11,1,128.2051282051282,False,True
9660,8,39.0,2019,2021,11,1,128.2051282051282,False,True
9661,8,47.75,1998,2021,12,1,73.29842931937172,False,True
9662,8,58.26,1998,2021,12,1,205.9732234809475,False,True
9663,8,58.9,2017,2021,11,1,144.31239388794566,False,True
9664,8,70.31,1998,2021,7,1,65.42454842838856,False,True
9665,8,72.0,1970,2021,6,1,55.55555555555556,False,True
9666,8,72.97,1992,2021,7,1,143.89475126764424,True,False
9667,12,75.9,2007,2021,3,1,79.05138339920948,False,True
9668,12,76.0,2007,2021,3,1,126.0657894736842,True,False
9669,12,76.0,2007,2021,3,1,85.52631578947368,False,True
9670,8,81.6,1995,2021,12,1,122.54901960784315,False,True
9671,8,83.45,2019,2021,10,1,142.08508088675853,True,False
9672,8,84.96,2018,2021,12,1,129.4726930320151,False,True
9673,8,84.96,2018,2021,12,1,129.4726930320151,False,True
9674,8,97.74,2018,2021,12,1,112.54348270922857,False,True
9675,8,104.9,1996,2021,12,1,28.59866539561487,False,True
9676,8,109.0,1970,2021,4,1,79.94495412844037,True,False
9677,8,28.8,1985,2021,5,1,282.74305555555554,True,False
9678,8,70.0,1994,2021,5,1,142.85714285714286,False,True
9679,8,70.0,1994,2021,1,1,142.85714285714286,False,True
9680,8,99.32,2019,2021,4,1,161.09544905356424,False,True
9681,12,15.0,1991,2021,4,1,33.333333333333336,False,True
9682,12,23.1,2017,2021,1,1,464.37229437229433,True,False
9683,8,24.0,2010,2021,2,1,357.1666666666667,True,False
9684,12,25.0,2017,2021,6,1,200.0,False,True
9685,8,30.0,2019,2021,11,1,295.7,True,False
9686,8,30.0,2012,2021,2,1,252.56666666666666,True,False
9687,8,30.0,2018,2021,2,1,271.3333333333333,True,False
9688,8,30.0,2018,2021,2,1,271.3333333333333,True,False
9689,12,30.0,2011,2021,1,1,242.43333333333334,True,False
9690,12,30.0,2011,2021,9,1,133.33333333333334,False,True
9691,12,33.0,2017,2021,1,1,349.8484848484849,True,False
9692,12,33.0,2017,2021,1,1,349.8484848484849,True,False
9693,12,33.0,2017,2021,1,1,349.8484848484849,True,False
9694,8,33.0,2019,2021,1,1,308.54545454545456,True,False
9695,8,33.0,2017,2021,10,1,312.1212121212121,True,False
9696,12,33.0,2011,2021,9,1,121.21212121212122,False,True
9697,8,34.2,2010,2021,12,1,229.73684210526315,True,False
9698,12,35.0,2017,2021,2,1,373.0857142857143,True,False
9699,8,35.0,2010,2021,3,1,245.17142857142858,True,False
9700,12,35.0,2017,2021,1,1,329.85714285714283,True,False
9701,8,35.1,2010,2021,1,1,205.89743589743588,True,False
9702,8,35.2,2010,2021,6,1,202.84090909090907,True,False
9703,12,36.0,2017,2021,1,1,297.97222222222223,True,False
9704,8,39.06,2019,2021,1,1,197.82386072708653,True,False
9705,8,40.0,2019,2021,10,1,150.0,False,True
9706,8,41.0,2009,2021,2,1,228.58536585365854,True,False
9707,8,45.0,2009,2021,8,1,88.88888888888889,False,True
9708,8,50.0,2017,2021,4,1,120.0,False,True
9709,8,52.16,1989,2021,3,1,116.58358895705523,True,False
9710,8,55.0,2018,2021,2,1,127.27272727272727,False,True
9711,8,57.96,1989,2021,6,1,123.82677708764665,True,False
9712,8,59.87,2019,2021,10,1,141.97427760146985,False,True
9713,8,60.0,2017,2021,4,1,226.18333333333334,True,False
9714,8,60.0,2017,2021,4,1,133.33333333333334,False,True
9715,8,62.8,1989,2021,3,1,141.27388535031847,True,False
9716,12,66.0,2008,2021,5,1,162.33333333333334,True,False
9717,8,66.01,1987,2021,10,1,121.19375852143614,False,True
9718,8,66.01,1987,2021,9,1,121.19375852143614,False,True
9719,8,67.66,1988,2021,1,1,73.89890629618682,False,True
9720,8,73.15,1988,2021,5,1,130.84073820915924,True,False
9721,8,73.15,1988,2021,11,1,130.84073820915924,True,False
9722,8,79.54,2011,2021,10,1,125.72290671360321,False,True
9723,8,92.86,2019,2021,2,1,174.30540598750807,True,False
9724,8,94.22,2018,2021,11,1,62.87412438972618,True,False
9725,8,107.0,1955,2021,4,1,23.364485981308412,False,True
9726,8,118.46,2012,2021,4,1,101.30001688333616,False,True
9727,12,16.52,1991,2021,6,1,377.72397094430994,True,False
9728,8,25.0,2008,2021,2,1,369.2,True,False
9729,12,25.0,2018,2021,3,1,522.32,True,False
9730,12,25.4,2012,2021,6,1,396.3385826771654,True,False
9731,12,26.0,2018,2021,6,1,308.2307692307692,True,False
9732,8,26.44,2012,2021,12,1,151.285930408472,False,True
9733,8,28.7,2010,2021,10,1,323.55400696864115,True,False
9734,12,30.0,2008,2021,3,1,307.6666666666667,True,False
9735,8,30.0,2001,2021,6,1,196.03333333333333,True,False
9736,8,30.0,2016,2021,1,1,378.8,True,False
9737,8,30.0,2009,2021,12,1,254.76666666666668,True,False
9738,8,30.0,2017,2021,5,1,276.6666666666667,True,False
9739,8,30.0,2017,2021,12,1,319.03333333333336,True,False
9740,8,30.0,2012,2021,3,1,133.33333333333334,False,True
9741,8,31.74,1974,2021,6,1,189.03591682419662,False,True
9742,30,33.0,2009,2021,9,1,265.7878787878788,True,False
9743,8,33.0,2015,2021,7,1,361.4848484848485,True,False
9744,8,33.0,2018,2021,7,1,344.1515151515151,True,False
9745,12,33.0,2014,2021,4,1,430.72727272727275,True,False
9746,12,33.0,2012,2021,11,1,268.8181818181818,True,False
9747,8,33.0,2017,2021,6,1,294.2121212121212,True,False
9748,8,33.0,2015,2021,12,1,320.3333333333333,True,False
9749,8,33.0,2008,2021,12,1,274.8787878787879,True,False
9750,12,33.0,2014,2021,8,1,277.06060606060606,True,False
9751,12,33.0,2013,2021,7,1,268.8181818181818,True,False
9752,12,33.0,2012,2021,4,1,147.1818181818182,True,False
9753,12,33.0,2013,2021,7,1,268.8181818181818,True,False
9754,8,33.0,2010,2021,4,1,259.72727272727275,True,False
9755,30,33.0,2009,2021,8,1,251.5151515151515,True,False
9756,8,33.0,2012,2021,3,1,121.21212121212122,False,True
9757,12,33.0,2017,2021,4,1,151.5151515151515,False,True
9758,12,33.0,2003,2021,5,1,151.5151515151515,False,True
9759,8,33.0,2014,2021,3,1,151.5151515151515,False,True
9760,8,33.0,2014,2021,3,1,151.5151515151515,False,True
9761,8,33.0,2014,2021,3,1,151.5151515151515,False,True
9762,8,33.62,2012,2021,8,1,327.18619869125524,True,False
9763,12,34.08,2020,2021,6,1,128.69718309859155,True,False
9764,12,35.0,2014,2021,11,1,224.4857142857143,True,False
9765,12,35.0,2014,2021,7,1,212.25714285714287,True,False
9766,8,35.0,2014,2021,1,1,114.28571428571429,False,True
9767,8,36.0,2017,2021,10,1,269.8333333333333,True,False
9768,12,37.0,2005,2021,6,1,177.86486486486487,True,False
9769,8,39.0,2015,2021,7,1,235.15384615384616,True,False
9770,8,39.6,2015,2021,9,1,317.8282828282828,True,False
9771,8,39.6,2017,2021,2,1,245.17676767676767,True,False
9772,8,40.0,2018,2021,11,1,162.5,False,True
9773,8,41.02,1974,2021,5,1,121.89176011701608,False,True
9774,8,41.02,1974,2021,5,1,121.89176011701608,False,True
9775,8,41.98,1979,2021,3,1,140.09051929490235,True,False
9776,8,42.2,2016,2021,10,1,230.18957345971563,True,False
9777,8,42.2,2016,2021,3,1,163.38862559241704,True,False
9778,12,43.0,2003,2021,2,1,67.23255813953489,True,False
9779,12,43.99,1991,2021,12,1,250.0568310979768,True,False
9780,12,45.0,2012,2021,7,1,263.4888888888889,True,False
9781,8,49.58,2006,2021,8,1,121.0165389269867,False,True
9782,8,50.0,2004,2021,6,1,234.84,True,False
9783,12,50.0,2008,2021,11,1,220.0,True,False
9784,12,50.0,2008,2021,7,1,208.58,True,False
9785,8,50.0,2015,2021,8,1,256.86,True,False
9786,8,50.0,2008,2021,11,1,187.14,True,False
9787,8,50.0,2009,2021,4,1,120.0,False,True
9788,8,50.0,2009,2021,4,1,120.0,False,True
9789,12,52.88,2001,2021,7,1,189.10741301059,True,False
9790,8,52.89,2006,2021,4,1,182.32179996218568,True,False
9791,12,52.89,2006,2021,4,1,113.44299489506523,False,True
9792,8,54.09,2006,2021,2,1,129.41393973007948,False,True
9793,8,54.58,2007,2021,11,1,212.00073286918285,True,False
9794,8,55.0,2010,2021,3,1,261.72727272727275,True,False
9795,8,56.45,2017,2021,2,1,159.43312666076173,False,True
9796,8,56.5,2017,2021,1,1,241.34513274336283,True,False
9797,8,58.0,2005,2021,10,1,152.70689655172413,True,False
9798,30,58.0,2008,2021,7,1,263.55172413793105,True,False
9799,12,58.0,2018,2021,9,1,137.93103448275863,False,True
9800,8,58.08,2009,2021,8,1,229.9758953168044,True,False
9801,8,58.17,2017,2021,3,1,219.8899776517105,True,False
9802,8,58.17,2017,2021,3,1,219.8899776517105,True,False
9803,8,58.78,1974,2021,11,1,76.55665192242259,False,True
9804,8,59.0,2008,2021,9,1,144.0677966101695,False,True
9805,12,60.0,2012,2021,2,1,170.15,True,False
9806,12,60.0,2018,2021,5,1,269.05,True,False
9807,8,60.0,1975,2021,2,1,200.0,False,True
9808,8,60.0,1975,2021,1,1,200.0,False,True
9809,8,60.0,2012,2021,4,1,116.66666666666667,False,True
9810,8,63.25,1987,2021,6,1,154.79841897233203,True,False
9811,12,64.83,1993,2021,7,1,121.19389171679778,True,False
9812,12,66.0,2007,2021,9,1,94.15151515151516,True,False
9813,8,66.26,2005,2021,1,1,105.64443102927859,False,True
9814,8,75.68,1977,2021,1,1,132.1353065539112,False,True
9815,12,79.2,1987,2021,9,1,164.14141414141415,True,False
9816,8,79.2,2013,2021,7,1,113.63636363636363,False,True
9817,8,80.0,2006,2021,1,1,211.3625,True,False
9818,8,82.0,2018,2021,3,1,182.9268292682927,False,True
9819,12,88.9,2003,2021,9,1,155.87176602924634,True,False
9820,12,90.0,2002,2021,9,1,139.67777777777778,True,False
9821,12,96.11,2017,2021,1,1,124.85693476225158,False,True
9822,12,97.89,1991,2021,6,1,157.2683624476453,True,False
9823,12,99.0,1987,2021,9,1,111.11111111111111,True,False
9824,8,99.17,2008,2021,6,1,121.00433598870626,False,True
9825,8,107.35,2006,2021,4,1,110.4517931998137,True,False
9826,8,110.0,2009,2021,2,1,121.77272727272727,True,False
9827,8,114.0,2008,2021,2,1,87.71929824561404,False,True
9828,8,114.0,2008,2021,2,1,87.71929824561404,False,True
9829,8,115.01,2005,2021,8,1,95.64385705590817,False,True
9830,8,118.22,2013,2021,4,1,130.51091185924548,True,False
9831,8,19.8,1954,2021,12,1,308.78787878787875,True,False
9832,8,24.79,1972,2021,1,1,421.7426381605486,True,False
9833,12,30.0,2012,2021,3,1,302.4,True,False
9834,8,33.0,2011,2021,4,1,151.5151515151515,False,True
9835,8,41.0,2011,2021,4,1,146.34146341463415,False,True
9836,8,45.27,1986,2021,5,1,148.31013916500993,True,False
9837,12,50.0,2012,2021,11,1,240.0,True,False
9838,8,56.34,1989,2021,6,1,116.8086616968406,True,False
9839,8,56.34,1989,2021,6,1,53.24813631522896,False,True
9840,8,60.0,2013,2021,6,1,144.61666666666667,True,False
9841,8,75.12,2019,2021,3,1,218.5702875399361,True,False
9842,8,84.37,2011,2021,7,1,187.945952352732,True,False
9843,12,132.0,1977,2021,10,1,49.24242424242424,False,True
9844,8,50.0,1998,2021,9,1,191.42,True,False
9845,12,21.0,2016,2021,10,1,166.66666666666666,False,True
9846,12,21.59,2019,2021,1,1,277.9064381658175,False,True
9847,12,23.1,2016,2021,2,1,359.9134199134199,True,False
9848,12,26.4,2013,2021,1,1,342.15909090909093,True,False
9849,12,30.0,2014,2021,7,1,314.6333333333333,True,False
9850,12,30.0,2016,2021,5,1,390.96666666666664,True,False
9851,12,30.0,2016,2021,8,1,295.7,True,False
9852,12,33.0,2019,2021,11,1,318.1818181818182,True,False
9853,12,40.0,2019,2021,5,1,262.5,True,False
9854,12,42.0,2016,2021,4,1,279.26190476190476,True,False
9855,12,45.0,2014,2021,8,1,230.8,True,False
9856,25,45.0,2016,2021,11,1,201.57777777777778,True,False
9857,25,50.0,2016,2021,2,1,215.34,True,False
9858,12,50.0,2014,2021,11,1,202.0,True,False
9859,12,60.0,2013,2021,3,1,186.81666666666666,True,False
9860,12,60.0,2014,2021,6,1,240.88333333333333,True,False
9861,12,186.31,2013,2021,12,1,48.07578766571842,True,False
9862,25,188.69,2019,2021,3,1,74.50315332026075,True,False
9863,12,193.18,2016,2021,2,1,44.8907754425924,True,False
9864,8,15.0,1969,2021,10,1,489.53333333333336,True,False
9865,8,28.0,2016,2021,6,1,320.60714285714283,True,False
9866,8,30.0,2015,2021,12,1,343.3333333333333,True,False
9867,8,30.0,2015,2021,12,1,350.0,True,False
9868,8,30.0,2016,2021,2,1,133.33333333333334,False,True
9869,25,32.0,2001,2021,1,1,272.71875,True,False
9870,8,33.0,2014,2021,2,1,175.4848484848485,True,False
9871,8,33.0,2017,2021,12,1,225.12121212121212,True,False
9872,8,33.0,2002,2021,1,1,176.57575757575756,True,False
9873,12,33.0,2005,2021,1,1,215.6969696969697,True,False
9874,8,33.0,2017,2021,12,1,225.12121212121212,True,False
9875,12,33.0,2005,2021,1,1,215.6969696969697,True,False
9876,8,38.35,1971,2021,8,1,204.8761408083442,True,False
9877,8,40.0,1992,2021,3,1,100.0,False,True
9878,8,55.0,2015,2021,10,1,179.21818181818182,True,False
9879,8,55.0,2015,2021,10,1,179.21818181818182,True,False
9880,8,73.98,2005,2021,6,1,85.82049202487158,True,False
9881,25,77.52,2001,2021,1,1,168.87254901960785,True,False
9882,8,82.0,2017,2021,6,1,158.53658536585365,False,True
9883,8,82.0,2017,2021,3,1,158.53658536585365,False,True
9884,12,84.86,1982,2021,7,1,112.78576478906434,True,False
9885,8,108.12,2012,2021,3,1,73.99186089530151,False,True
9886,8,13.22,1990,2021,4,1,253.93343419062026,True,False
9887,12,32.0,2012,2021,12,1,151.78125,True,False
9888,12,33.0,2012,2021,9,1,121.21212121212122,False,True
9889,12,40.0,2015,2021,2,1,100.0,False,True
9890,25,50.0,2011,2021,5,1,206.0,True,False
9891,12,95.87,1993,2021,5,1,70.03233545426097,True,False
9892,8,81.65,1997,2021,6,1,34.18248622167789,True,False
9893,12,46.28,2001,2021,5,1,43.2152117545376,False,True
9894,8,96.2,2019,2021,5,1,207.9002079002079,False,True
9895,25,20.0,2016,2021,3,1,652.9,True,False
9896,8,23.0,2014,2021,6,1,385.7391304347826,True,False
9897,12,25.0,2018,2021,7,1,362.84,True,False
9898,12,25.0,2018,2021,1,1,367.28,True,False
9899,25,26.0,2016,2021,6,1,153.84615384615384,False,True
9900,12,27.0,2018,2021,12,1,410.037037037037,True,False
9901,25,28.0,2016,2021,1,1,308.42857142857144,True,False
9902,12,28.0,2016,2021,11,1,426.0357142857143,True,False
9903,12,28.0,2014,2021,7,1,272.9642857142857,True,False
9904,12,29.0,2017,2021,10,1,421.17241379310343,True,False
9905,12,29.7,2016,2021,12,1,337.1717171717172,True,False
9906,12,29.75,2017,2021,6,1,241.54621848739495,True,False
9907,12,30.0,2018,2021,6,1,329.06666666666666,True,False
9908,12,30.0,2017,2021,12,1,302.3666666666667,True,False
9909,8,30.0,2014,2021,11,1,330.96666666666664,True,False
9910,12,30.0,2016,2021,9,1,445.23333333333335,True,False
9911,12,30.0,2016,2021,8,1,397.6333333333333,True,False
9912,12,30.0,2016,2021,8,1,397.6333333333333,True,False
9913,12,30.0,2017,2021,3,1,307.6666666666667,True,False
9914,12,30.0,2016,2021,4,1,166.66666666666666,False,True
9915,8,30.0,2014,2021,8,1,133.33333333333334,False,True
9916,12,33.0,2016,2021,2,1,353.42424242424244,True,False
9917,25,33.0,2015,2021,12,1,396.09090909090907,True,False
9918,12,33.0,2017,2021,1,1,339.6666666666667,True,False
9919,12,33.0,2018,2021,12,1,448.06060606060606,True,False
9920,12,33.0,2017,2021,2,1,241.0,True,False
9921,25,33.0,2011,2021,8,1,290.030303030303,True,False
9922,8,33.0,2011,2021,8,1,318.1818181818182,True,False
9923,12,33.0,2016,2021,7,1,376.6363636363636,True,False
9924,25,33.0,2016,2021,12,1,396.09090909090907,True,False
9925,8,33.0,2018,2021,8,1,320.3333333333333,True,False
9926,12,33.0,2017,2021,11,1,363.6363636363636,True,False
9927,12,33.0,2016,2021,12,1,274.8787878787879,True,False
9928,25,33.0,2019,2021,10,1,387.45454545454544,True,False
9929,25,33.0,2016,2021,10,1,318.1818181818182,True,False
9930,12,33.0,2018,2021,12,1,404.75757575757575,True,False
9931,25,33.0,2018,2021,12,1,350.6363636363636,True,False
9932,25,33.0,2016,2021,12,1,361.4848484848485,True,False
9933,12,33.0,2016,2021,4,1,290.030303030303,True,False
9934,12,33.0,2016,2021,4,1,290.030303030303,True,False
9935,12,33.0,2016,2021,2,1,136.36363636363637,False,True
9936,8,33.0,2018,2021,2,1,166.66666666666666,False,True
9937,12,33.0,2015,2021,5,1,121.21212121212122,False,True
9938,12,33.0,2011,2021,2,1,90.9090909090909,False,True
9939,12,33.05,2014,2021,12,1,360.9379727685326,True,False
9940,12,33.1,2017,2021,9,1,1139.3957703927492,True,False
9941,12,35.0,2016,2021,5,1,365.3142857142857,True,False
9942,12,35.0,2016,2021,7,1,359.6,True,False
9943,12,35.0,2015,2021,8,1,259.1714285714286,True,False
9944,12,36.0,2017,2021,4,1,359.1388888888889,True,False
9945,12,36.0,2016,2021,11,1,331.3611111111111,True,False
9946,12,36.0,2017,2021,2,1,288.1111111111111,True,False
9947,12,36.0,2018,2021,3,1,238.36111111111111,True,False
9948,12,36.0,2018,2021,12,1,325.0,True,False
9949,12,36.0,2016,2021,11,1,331.3611111111111,True,False
9950,12,36.63,2017,2021,6,1,280.2893802893803,True,False
9951,12,36.63,2017,2021,9,1,247.63854763854764,True,False
9952,12,39.0,2012,2021,2,1,270.43589743589746,True,False
9953,12,39.0,2016,2021,11,1,232.5897435897436,True,False
9954,12,39.0,2018,2021,5,1,337.35897435897436,True,False
9955,25,39.0,2016,2021,8,1,305.87179487179486,True,False
9956,12,39.0,2017,2021,12,1,342.4871794871795,True,False
9957,12,39.0,2017,2021,9,1,342.4871794871795,True,False
9958,8,39.06,2019,2021,6,1,65.94982078853046,True,False
9959,8,39.06,2019,2021,6,1,59.34459805427547,True,False
9960,12,39.6,2017,2021,8,1,279.57070707070704,True,False
9961,12,39.6,2017,2021,2,1,259.26767676767673,True,False
9962,12,39.66,2017,2021,9,1,336.7876954109935,True,False
9963,12,40.0,2017,2021,12,1,242.85,True,False
9964,12,40.0,2017,2021,8,1,333.925,True,False
9965,12,40.0,2017,2021,2,1,386.325,True,False
9966,12,40.0,2017,2021,4,1,207.15,True,False
9967,12,40.0,2016,2021,1,1,280.225,True,False
9968,12,40.2,2016,2021,10,1,195.44776119402982,True,False
9969,12,43.0,2020,2021,1,1,232.5581395348837,False,True
9970,12,45.0,2016,2021,1,1,305.0444444444444,True,False
9971,8,45.03,2013,2021,6,1,134.9544747945814,True,False
9972,12,49.58,2016,2021,9,1,319.82654296087134,True,False
9973,12,50.0,2012,2021,5,1,196.58,True,False
9974,12,50.0,2011,2021,2,1,192.56,True,False
9975,25,50.0,2011,2021,2,1,203.72,True,False
9976,12,50.0,2016,2021,1,1,220.9,True,False
9977,12,50.0,2016,2021,1,1,201.82,True,False
9978,12,50.0,2016,2021,4,1,210.0,True,False
9979,12,50.0,2017,2021,2,1,231.62,True,False
9980,12,50.0,2012,2021,1,1,146.36,True,False
9981,12,50.0,2011,2021,10,1,150.0,False,True
9982,25,50.0,2011,2021,1,1,140.0,False,True
9983,12,50.0,2011,2021,8,1,140.0,False,True
9984,25,50.0,2011,2021,11,1,130.0,False,True
9985,12,50.0,2011,2021,8,1,150.0,False,True
9986,12,50.0,2013,2021,3,1,140.0,False,True
9987,12,51.48,2011,2021,8,1,165.11266511266513,False,True
9988,12,51.48,2011,2021,1,1,155.4001554001554,False,True
9989,12,51.48,2011,2021,1,1,165.11266511266513,False,True
9990,12,51.48,2011,2021,9,1,165.11266511266513,False,True
9991,12,52.8,2020,2021,4,1,317.9166666666667,True,False
9992,25,52.9,2011,2021,10,1,225.50094517958414,True,False
9993,12,53.0,2016,2021,8,1,314.0188679245283,True,False
9994,12,53.25,2004,2021,2,1,136.69483568075117,True,False
9995,25,54.21,2018,2021,10,1,255.6170448256779,True,False
9996,12,55.0,2017,2021,12,1,249.34545454545454,True,False
9997,25,55.0,2014,2021,2,1,264.6909090909091,True,False
9998,12,55.0,2016,2021,11,1,127.27272727272727,False,True
9999,12,55.99,2012,2021,7,1,165.85104482943382,True,False
10000,8,56.0,2011,2021,8,1,209.17857142857142,True,False
10001,25,56.0,2016,2021,2,1,200.16071428571428,True,False
10002,12,56.0,2012,2021,10,1,239.80357142857142,True,False
10003,12,56.0,2017,2021,8,1,234.94642857142858,True,False
10004,12,56.0,2017,2021,7,1,191.32142857142858,True,False
10005,12,56.0,2017,2021,3,1,220.92857142857142,True,False
10006,12,56.0,2012,2021,5,1,160.71428571428572,False,True
10007,12,56.02,2016,2021,10,1,178.5076758300607,False,True
10008,12,56.17,2017,2021,1,1,231.44027060708564,False,True
10009,12,57.0,2015,2021,10,1,199.24561403508773,True,False
10010,25,57.0,2016,2021,1,1,241.6315789473684,True,False
10011,25,57.0,2016,2021,1,1,241.6315789473684,True,False
10012,12,57.47,2018,2021,6,1,146.163215590743,False,True
10013,25,57.78,2016,2021,10,1,257.1304949809623,True,False
10014,12,58.0,2016,2021,2,1,234.1551724137931,True,False
10015,25,58.0,2016,2021,4,1,280.7931034482759,True,False
10016,25,58.0,2018,2021,3,1,213.31034482758622,True,False
10017,25,59.0,2015,2021,7,1,251.8135593220339,True,False
10018,12,59.0,2017,2021,7,1,239.71186440677965,True,False
10019,12,59.0,2013,2021,11,1,167.0677966101695,True,False
10020,25,59.0,2017,2021,7,1,180.38983050847457,True,False
10021,12,59.0,2020,2021,10,1,295.40677966101697,True,False
10022,12,59.0,2014,2021,11,1,184.01694915254237,True,False
10023,12,59.0,2014,2021,11,1,184.01694915254237,True,False
10024,12,59.0,2014,2021,11,1,184.01694915254237,True,False
10025,25,59.0,2017,2021,3,1,253.4406779661017,True,False
10026,25,59.0,2016,2021,10,1,193.71186440677965,True,False
10027,25,59.0,2016,2021,12,1,230.01694915254237,True,False
10028,12,59.0,2014,2021,10,1,220.33898305084745,True,False
10029,12,59.0,2014,2021,10,1,220.33898305084745,True,False
10030,12,59.0,2021,2021,12,1,292.9830508474576,True,False
10031,12,59.0,2016,2021,11,1,239.71186440677965,True,False
10032,12,59.0,2012,2021,6,1,223.10169491525423,True,False
10033,25,59.0,2015,2021,8,1,159.8135593220339,True,False
10034,12,59.0,2017,2021,1,1,248.0677966101695,True,False
10035,8,59.0,2011,2021,11,1,205.8135593220339,True,False
10036,12,59.0,2016,2021,11,1,152.54237288135593,False,True
10037,12,59.0,2016,2021,11,1,152.54237288135593,False,True
10038,25,59.0,2011,2021,2,1,135.59322033898306,False,True
10039,12,59.4,2018,2021,12,1,274.1750841750842,True,False
10040,12,59.4,2016,2021,6,1,228.63636363636365,True,False
10041,12,59.4,2019,2021,12,1,269.36026936026934,True,False
10042,8,59.4,2018,2021,1,1,134.68013468013467,False,True
10043,25,59.49,2016,2021,11,1,201.71457387796266,False,True
10044,12,60.0,2016,2021,1,1,221.21666666666667,True,False
10045,12,60.0,2017,2021,3,1,242.63333333333333,True,False
10046,25,60.0,2016,2021,11,1,252.38333333333333,True,False
10047,12,60.0,2017,2021,1,1,164.4,True,False
10048,12,60.0,2015,2021,2,1,246.11666666666667,True,False
10049,12,60.0,2017,2021,1,1,184.85,True,False
10050,12,60.0,2018,2021,12,1,271.43333333333334,True,False
10051,12,60.0,2017,2021,8,1,211.9,True,False
10052,12,60.0,2016,2021,2,1,226.35,True,False
10053,25,60.0,2016,2021,4,1,228.56666666666666,True,False
10054,12,60.0,2011,2021,11,1,133.33333333333334,False,True
10055,12,60.0,2018,2021,1,1,166.66666666666666,False,True
10056,12,60.0,2016,2021,11,1,141.66666666666666,False,True
10057,12,60.0,2016,2021,11,1,141.66666666666666,False,True
10058,12,60.0,2012,2021,1,1,141.66666666666666,False,True
10059,25,60.0,2018,2021,1,1,166.66666666666666,False,True
10060,12,60.0,2017,2021,1,1,141.66666666666666,False,True
10061,25,60.0,2012,2021,2,1,116.66666666666667,False,True
10062,25,60.0,2018,2021,2,1,166.66666666666666,False,True
10063,25,60.0,2018,2021,2,1,166.66666666666666,False,True
10064,25,60.0,2018,2021,8,1,166.66666666666666,False,True
10065,12,60.0,2011,2021,10,1,125.0,False,True
10066,12,60.0,2016,2021,10,1,200.0,False,True
10067,12,60.0,2016,2021,3,1,116.66666666666667,False,True
10068,12,62.0,2018,2021,8,1,198.16129032258064,True,False
10069,8,64.0,1995,2021,8,1,104.90625,True,False
10070,8,64.09,1997,2021,9,1,127.05570291777188,True,False
10071,12,65.0,2019,2021,4,1,338.46153846153845,True,False
10072,12,66.0,2017,2021,11,1,296.530303030303,True,False
10073,12,66.0,2016,2021,6,1,211.77272727272728,True,False
10074,12,66.0,2018,2021,1,1,152.8939393939394,True,False
10075,12,66.0,2017,2021,8,1,231.6060606060606,True,False
10076,12,66.0,2018,2021,7,1,231.6060606060606,True,False
10077,8,66.11,2014,2021,7,1,142.62592648615944,True,False
10078,12,66.11,2016,2021,4,1,196.64196036908183,False,True
10079,8,66.12,2018,2021,12,1,203.10042347247426,True,False
10080,12,73.0,2014,2021,10,1,164.3835616438356,False,True
10081,12,73.07,1998,2021,5,1,132.94101546462298,True,False
10082,8,73.2,1999,2021,2,1,121.20218579234972,True,False
10083,12,74.0,2017,2021,8,1,108.10810810810811,False,True
10084,12,78.0,2014,2021,6,1,128.2051282051282,False,True
10085,12,78.0,2014,2021,6,1,128.2051282051282,False,True
10086,25,78.0,2012,2021,4,1,166.66666666666666,False,True
10087,12,80.0,2012,2021,6,1,181.975,True,False
10088,25,80.0,2016,2021,4,1,228.575,True,False
10089,12,80.0,2010,2021,9,1,242.8625,True,False
10090,12,80.0,1996,2021,10,1,126.7875,True,False
10091,12,80.0,2012,2021,10,1,187.5,True,False
10092,12,80.0,2013,2021,8,1,100.0,False,True
10093,12,81.2,2014,2021,4,1,216.39162561576353,True,False
10094,25,82.0,2012,2021,1,1,121.95121951219512,False,True
10095,25,84.0,2012,2021,12,1,227.89285714285714,True,False
10096,12,84.0,2016,2021,10,1,190.47619047619048,False,True
10097,25,84.5,2014,2021,10,1,217.24260355029585,True,False
10098,12,84.56,2014,2021,4,1,201.0406811731315,False,True
10099,12,84.56,2014,2021,4,1,201.0406811731315,False,True
10100,8,85.0,2011,2021,7,1,173.10588235294117,True,False
10101,12,85.0,2014,2021,6,1,227.08235294117648,True,False
10102,25,90.0,2016,2021,4,1,230.15555555555557,True,False
10103,12,94.77,2013,2021,3,1,206.37332489184342,True,False
10104,8,95.29,2004,2021,2,1,98.35239794312099,True,False
10105,25,98.0,2018,2021,12,1,195.33673469387756,True,False
10106,25,98.44,2013,2021,3,1,192.299878098334,True,False
10107,12,99.0,2016,2021,8,1,161.6161616161616,False,True
10108,12,99.0,2016,2021,8,1,161.6161616161616,False,True
10109,12,102.5,2014,2021,4,1,165.85365853658536,False,True
10110,12,103.0,2017,2021,10,1,210.81553398058253,True,False
10111,25,105.76,2015,2021,8,1,178.9807110438729,True,False
10112,25,110.0,2015,2021,6,1,145.02727272727273,True,False
10113,12,112.0,2012,2021,7,1,196.42857142857142,False,True
10114,12,115.0,2018,2021,12,1,274.5304347826087,True,False
10115,12,121.22,2004,2021,8,1,152.02936809107408,True,False
10116,12,125.0,2017,2021,6,1,193.672,True,False
10117,12,125.6,2014,2021,11,1,135.35031847133757,False,True
10118,12,130.0,2018,2021,8,1,213.1846153846154,True,False
10119,12,133.0,2016,2021,11,1,279.2706766917293,True,False
10120,12,133.67,2012,2021,9,1,197.7182613899903,True,False
10121,12,146.31,2013,2021,4,1,90.80719021256236,True,False
10122,25,148.0,2018,2021,4,1,144.79054054054055,True,False
10123,12,23.0,2017,2021,2,1,567.7391304347826,True,False
10124,12,33.0,2017,2021,10,1,346.3333333333333,True,False
10125,12,39.0,2017,2021,12,1,322.3333333333333,True,False
10126,12,40.0,2016,2021,3,1,249.175,True,False
10127,8,48.0,2016,2021,8,1,268.75,False,True
10128,25,50.0,2016,2021,10,1,297.14,True,False
10129,25,56.0,2017,2021,2,1,235.05357142857142,True,False
10130,8,60.0,2018,2021,9,1,319.05,True,False
10131,12,62.93,2019,2021,12,1,324.6305418719212,True,False
10132,25,66.0,2016,2021,10,1,155.84848484848484,True,False
10133,12,66.41,2017,2021,5,1,72.0674597199217,True,False
10134,12,77.0,2016,2021,10,1,224.4935064935065,True,False
10135,12,82.0,2018,2021,3,1,228.58536585365854,True,False
10136,12,82.3,2021,2021,8,1,302.0291616038882,True,False
10137,12,84.0,2018,2021,9,1,304.4166666666667,True,False
10138,12,84.24,2017,2021,5,1,162.79677113010447,True,False
10139,12,85.0,2015,2021,3,1,176.47058823529412,False,True
10140,8,86.49,2018,2021,1,1,173.43045438779052,False,True
10141,12,89.96,2021,2021,10,1,357.30324588706094,True,False
10142,25,94.34,2015,2021,3,1,150.37099851600593,True,False
10143,12,97.56,2019,2021,8,1,265.03690036900366,True,False
10144,12,100.52,2015,2021,5,1,191.8623159570235,True,False
10145,12,100.52,2015,2021,6,1,218.86191802626345,False,True
10146,25,100.6,2016,2021,1,1,168.98608349900599,False,True
10147,25,100.64,2016,2021,11,1,248.41017488076312,False,True
10148,12,102.31,2017,2021,6,1,195.48431238393118,False,True
10149,12,108.0,2017,2021,11,1,277.77777777777777,False,True
10150,12,113.11,2016,2021,2,1,147.62620457961276,True,False
10151,12,115.47,2017,2021,7,1,207.84619381657575,False,True
10152,12,123.23,2019,2021,2,1,162.2981416862777,False,True
10153,12,123.9,2021,2021,12,1,282.4858757062147,False,True
10154,12,124.6,2018,2021,6,1,176.5650080256822,False,True
10155,12,130.29,2016,2021,4,1,145.06101772967995,False,True
10156,12,130.4,2017,2021,4,1,168.7116564417178,False,True
10157,12,137.18,2018,2021,4,1,211.4010788744715,False,True
10158,8,163.38,2017,2021,3,1,171.3796058269066,False,True
10159,12,173.79,2017,2021,1,1,135.2206686230508,False,True
10160,8,12.0,2014,2021,8,1,166.66666666666666,False,True
10161,12,15.0,2015,2021,3,1,615.3333333333334,True,False
10162,12,15.2,2019,2021,1,1,131.57894736842107,False,True
10163,12,15.71,2003,2021,1,1,596.0534691279439,True,False
10164,8,17.0,2015,2021,11,1,505.05882352941177,True,False
10165,8,18.04,2015,2021,4,1,221.72949002217297,False,True
10166,12,18.5,2016,2021,3,1,162.16216216216216,False,True
10167,12,18.5,2016,2021,8,1,189.1891891891892,False,True
10168,12,18.5,2016,2021,2,1,189.1891891891892,False,True
10169,12,19.5,2014,2021,7,1,376.56410256410254,True,False
10170,12,20.0,2016,2021,10,1,347.85,True,False
10171,12,20.0,2016,2021,12,1,290.7,True,False
10172,12,20.0,2011,2021,3,1,428.6,True,False
10173,12,20.0,2016,2021,12,1,295.7,True,False
10174,12,20.0,2016,2021,11,1,290.7,True,False
10175,12,20.0,2013,2021,1,1,465.0,True,False
10176,8,22.0,2002,2021,12,1,225.3181818181818,True,False
10177,12,23.0,2016,2021,1,1,211.47826086956522,True,False
10178,12,23.1,2015,2021,2,1,315.021645021645,True,False
10179,12,23.1,2013,2021,12,1,408.78787878787875,True,False
10180,8,23.14,2007,2021,10,1,317.32929991356957,True,False
10181,8,24.0,2014,2021,2,1,114.04166666666667,True,False
10182,12,25.0,2016,2021,11,1,312.56,True,False
10183,12,25.0,2014,2021,2,1,335.72,True,False
10184,12,25.0,2015,2021,11,1,293.72,True,False
10185,8,25.0,2002,2021,12,1,312.56,True,False
10186,12,25.0,2015,2021,2,1,332.56,True,False
10187,12,25.0,2014,2021,8,1,160.0,False,True
10188,12,25.0,2019,2021,9,1,140.0,False,True
10189,12,25.0,2015,2021,12,1,160.0,False,True
10190,12,25.0,2015,2021,12,1,160.0,False,True
10191,8,25.0,2016,2021,2,1,160.0,False,True
10192,8,25.0,2016,2021,2,1,160.0,False,True
10193,12,25.0,2011,2021,2,1,140.0,False,True
10194,12,25.0,2011,2021,12,1,180.0,False,True
10195,8,25.0,2007,2021,6,1,120.0,False,True
10196,8,25.41,2013,2021,8,1,177.0956316410862,False,True
10197,12,25.64,2003,2021,10,1,156.00624024961,False,True
10198,12,26.0,2011,2021,4,1,362.65384615384613,True,False
10199,25,26.0,2001,2021,12,1,330.2307692307692,True,False
10200,12,26.4,2016,2021,8,1,305.719696969697,True,False
10201,12,26.44,2011,2021,10,1,170.19667170953102,False,True
10202,8,26.45,2013,2021,4,1,396.97542533081287,True,False
10203,8,26.45,2013,2021,7,1,396.97542533081287,True,False
10204,12,26.94,2018,2021,10,1,129.91833704528582,False,True
10205,12,26.94,2018,2021,9,1,129.91833704528582,False,True
10206,8,26.96,2015,2021,1,1,233.67952522255192,True,False
10207,12,27.0,2015,2021,6,1,229.11111111111111,True,False
10208,12,27.0,2018,2021,2,1,111.11111111111111,False,True
10209,8,28.0,2006,2021,2,1,306.14285714285717,True,False
10210,8,28.0,2010,2021,6,1,296.92857142857144,True,False
10211,12,28.0,2012,2021,6,1,366.67857142857144,True,False
10212,12,28.0,2013,2021,1,1,279.85714285714283,True,False
10213,8,28.0,2014,2021,5,1,367.85714285714283,True,False
10214,12,28.0,2012,2021,2,1,502.07142857142856,True,False
10215,8,28.0,2014,2021,2,1,256.32142857142856,True,False
10216,8,28.0,2014,2021,1,1,357.14285714285717,True,False
10217,8,28.0,2015,2021,11,1,53.57142857142857,False,True
10218,8,28.0,2011,2021,11,1,142.85714285714286,False,True
10219,8,28.0,2011,2021,12,1,142.85714285714286,False,True
10220,12,29.75,2012,2021,10,1,321.7142857142857,True,False
10221,12,29.82,2004,2021,11,1,294.13145539906105,True,False
10222,12,29.86,2020,2021,7,1,109.97990622906899,True,False
10223,12,30.0,2012,2021,10,1,371.9,True,False
10224,12,30.0,2014,2021,9,1,397.6333333333333,True,False
10225,8,30.0,2013,2021,4,1,343.3333333333333,True,False
10226,12,30.0,2016,2021,2,1,282.4,True,False
10227,12,30.0,2016,2021,1,1,271.2,True,False
10228,8,30.0,2011,2021,1,1,282.73333333333335,True,False
10229,12,30.0,2012,2021,7,1,350.0,True,False
10230,12,30.0,2015,2021,2,1,247.3,True,False
10231,12,30.0,2018,2021,2,1,213.16666666666666,True,False
10232,12,30.0,2018,2021,3,1,213.16666666666666,True,False
10233,12,30.0,2011,2021,2,1,312.4,True,False
10234,12,30.0,2006,2021,8,1,314.76666666666665,True,False
10235,8,30.0,2013,2021,1,1,322.73333333333335,True,False
10236,12,30.0,2018,2021,2,1,335.56666666666666,True,False
10237,12,30.0,2012,2021,12,1,319.03333333333336,True,False
10238,8,30.0,2007,2021,5,1,350.0,True,False
10239,25,30.0,2012,2021,9,1,397.6333333333333,True,False
10240,12,30.0,2012,2021,9,1,350.0,True,False
10241,25,30.0,1998,2021,2,1,307.6666666666667,True,False
10242,12,30.0,2012,2021,1,1,281.2,True,False
10243,25,30.0,2012,2021,6,1,222.86666666666667,True,False
10244,8,30.0,2007,2021,11,1,166.66666666666666,False,True
10245,8,30.0,2011,2021,12,1,150.0,False,True
10246,12,30.0,2001,2021,7,1,100.0,False,True
10247,8,30.0,2007,2021,7,1,100.0,False,True
10248,12,30.0,2007,2021,8,1,133.33333333333334,False,True
10249,12,30.0,2018,2021,1,1,166.66666666666666,False,True
10250,12,30.0,2011,2021,2,1,150.0,False,True
10251,8,30.0,2007,2021,1,1,100.0,False,True
10252,12,30.0,2011,2021,4,1,150.0,False,True
10253,8,30.05,2002,2021,3,1,149.7504159733777,False,True
10254,12,30.2,2001,2021,6,1,142.38410596026492,False,True
10255,8,30.4,2012,2021,9,1,343.0592105263158,True,False
10256,12,30.4,2001,2021,12,1,131.57894736842107,False,True
10257,12,30.5,2011,2021,6,1,330.0655737704918,True,False
10258,8,31.24,2020,2021,2,1,119.33418693982075,True,False
10259,8,31.33,1992,2021,11,1,123.10884136610278,True,False
10260,12,32.1,2013,2021,2,1,326.7289719626168,True,False
10261,12,32.48,2011,2021,10,1,387.50000000000006,True,False
10262,8,33.0,2005,2021,3,1,217.4848484848485,True,False
10263,12,33.0,2007,2021,2,1,187.45454545454547,True,False
10264,12,33.0,2011,2021,8,1,268.8181818181818,True,False
10265,12,33.0,2011,2021,11,1,268.8181818181818,True,False
10266,8,33.0,2011,2021,5,1,171.0,True,False
10267,12,33.0,2012,2021,2,1,268.8484848484849,True,False
10268,12,33.0,2012,2021,2,1,268.8484848484849,True,False
10269,8,33.0,1986,2021,12,1,202.15151515151516,True,False
10270,8,33.0,2017,2021,8,1,260.1818181818182,True,False
10271,8,33.0,2016,2021,8,1,307.3636363636364,True,False
10272,12,33.0,2016,2021,8,1,323.8181818181818,True,False
10273,12,33.0,2003,2021,2,1,204.03030303030303,True,False
10274,12,33.0,2004,2021,1,1,279.6060606060606,True,False
10275,12,33.0,2011,2021,7,1,260.1818181818182,True,False
10276,12,33.0,2016,2021,6,1,296.6060606060606,True,False
10277,8,33.0,2013,2021,1,1,336.09090909090907,True,False
10278,12,33.0,2011,2021,6,1,259.75757575757575,True,False
10279,8,33.0,2010,2021,1,1,209.63636363636363,True,False
10280,8,33.0,2010,2021,11,1,265.7878787878788,True,False
10281,12,33.0,2011,2021,12,1,266.24242424242425,True,False
10282,8,33.0,2007,2021,7,1,290.030303030303,True,False
10283,12,33.0,2011,2021,11,1,283.1212121212121,True,False
10284,8,33.0,2007,2021,12,1,260.1818181818182,True,False
10285,12,33.0,2013,2021,5,1,335.4848484848485,True,False
10286,8,33.0,2013,2021,1,1,298.3333333333333,True,False
10287,12,33.0,2012,2021,8,1,312.1212121212121,True,False
10288,12,33.0,2012,2021,10,1,344.1515151515151,True,False
10289,8,33.0,2009,2021,2,1,184.27272727272728,True,False
10290,12,33.0,2012,2021,9,1,265.7878787878788,True,False
10291,12,33.0,2011,2021,6,1,151.5151515151515,False,True
10292,8,33.0,2011,2021,2,1,166.66666666666666,False,True
10293,8,33.0,2011,2021,10,1,121.21212121212122,False,True
10294,8,33.0,2012,2021,2,1,181.8181818181818,False,True
10295,12,33.0,2011,2021,10,1,121.21212121212122,False,True
10296,12,33.0,2014,2021,12,1,136.36363636363637,False,True
10297,8,33.06,1974,2021,8,1,174.34966727162734,True,False
10298,12,35.0,2012,2021,2,1,267.77142857142854,True,False
10299,12,39.08,2001,2021,7,1,115.14841351074719,False,True
10300,12,39.6,2011,2021,3,1,196.74242424242425,True,False
10301,12,39.6,2011,2021,7,1,151.5151515151515,False,True
10302,12,39.6,2011,2021,12,1,164.14141414141415,False,True
10303,25,40.0,2011,2021,2,1,291.275,True,False
10304,12,40.0,2010,2021,9,1,219.275,True,False
10305,12,40.0,2009,2021,4,1,262.5,True,False
10306,12,42.98,1998,2021,8,1,211.05165193113078,True,False
10307,12,43.0,2011,2021,11,1,239.53488372093022,True,False
10308,12,43.0,2011,2021,7,1,289.04651162790697,True,False
10309,12,43.0,2011,2021,7,1,289.04651162790697,True,False
10310,12,45.0,2010,2021,3,1,316.73333333333335,True,False
10311,8,45.0,2005,2021,12,1,258.4222222222222,True,False
10312,12,45.0,2012,2021,4,1,177.77777777777777,False,True
10313,12,45.39,1982,2021,8,1,273.82683410442826,True,False
10314,12,48.09,2020,2021,5,1,79.30962778124349,True,False
10315,25,49.0,2012,2021,4,1,227.40816326530611,True,False
10316,8,50.0,2012,2021,2,1,257.16,True,False
10317,12,50.0,2011,2021,12,1,216.0,True,False
10318,8,50.0,2012,2021,7,1,240.0,True,False
10319,8,50.0,2010,2021,4,1,220.0,True,False
10320,8,50.0,2015,2021,12,1,267.14,True,False
10321,12,50.0,2002,2021,6,1,229.26,True,False
10322,25,50.0,2011,2021,9,1,214.28,True,False
10323,12,50.0,2012,2021,9,1,170.0,False,True
10324,12,50.0,2007,2021,9,1,140.0,False,True
10325,12,50.5,2011,2021,5,1,275.8217821782178,True,False
10326,12,50.74,1998,2021,3,1,136.36184469846273,True,False
10327,12,52.17,2007,2021,8,1,153.34483419589802,False,True
10328,12,52.2,1997,2021,1,1,178.50574712643677,True,False
10329,8,52.89,1990,2021,5,1,109.92626205331821,True,False
10330,8,53.02,2008,2021,6,1,204.18709920784607,True,False
10331,12,55.0,2011,2021,12,1,211.6909090909091,True,False
10332,25,55.0,2013,2021,12,1,268.8363636363636,True,False
10333,12,55.0,2015,2021,4,1,194.8,True,False
10334,25,55.0,2012,2021,2,1,163.63636363636363,False,True
10335,25,55.0,2012,2021,2,1,163.63636363636363,False,True
10336,12,56.25,2014,2021,1,1,147.23555555555555,True,False
10337,8,56.86,1973,2021,12,1,136.93281744635948,True,False
10338,8,56.86,1973,2021,12,1,136.93281744635948,True,False
10339,8,57.5,2010,2021,6,1,249.94782608695652,True,False
10340,12,58.0,2012,2021,2,1,216.91379310344828,True,False
10341,12,58.0,2012,2021,2,1,216.91379310344828,True,False
10342,12,59.4,2014,2021,11,1,121.93602693602693,True,False
10343,8,59.5,2011,2021,12,1,180.0672268907563,True,False
10344,12,59.5,2011,2021,5,1,258.10084033613447,True,False
10345,12,59.5,2016,2021,2,1,211.4453781512605,True,False
10346,25,60.0,2013,2021,3,1,225.96666666666667,True,False
10347,8,60.0,2010,2021,2,1,196.51666666666668,True,False
10348,25,60.0,2013,2021,6,1,214.3,True,False
10349,12,60.0,2011,2021,9,1,133.33333333333334,False,True
10350,12,60.0,2011,2021,9,1,133.33333333333334,False,True
10351,12,61.53,1999,2021,5,1,97.51340809361287,False,True
10352,8,62.25,1987,2021,1,1,80.32128514056225,False,True
10353,12,63.0,2011,2021,5,1,158.73015873015873,True,False
10354,12,63.36,2011,2021,12,1,157.82828282828282,True,False
10355,12,66.0,2013,2021,6,1,187.45454545454547,True,False
10356,8,66.0,2013,2021,11,1,227.27272727272728,True,False
10357,12,66.0,2013,2021,2,1,166.66666666666666,False,True
10358,12,66.0,2016,2021,6,1,136.36363636363637,False,True
10359,12,66.0,2016,2021,6,1,136.36363636363637,False,True
10360,8,66.12,1973,2021,7,1,123.15486993345432,True,False
10361,12,66.86,2016,2021,4,1,273.4968591085851,True,False
10362,25,68.0,2013,2021,6,1,212.5441176470588,True,False
10363,12,69.46,1983,2021,12,1,160.42326518859778,True,False
10364,12,72.6,1985,2021,2,1,131.96969696969697,True,False
10365,8,74.14,1995,2021,8,1,150.2967359050445,True,False
10366,8,75.54,1988,2021,4,1,129.5472597299444,True,False
10367,12,80.09,2017,2021,3,1,124.85953302534648,False,True
10368,12,82.0,2012,2021,10,1,146.34146341463415,False,True
10369,12,82.75,2016,2021,9,1,200.25377643504532,True,False
10370,12,84.0,2011,2021,1,1,154.76190476190476,False,True
10371,12,85.53,2014,2021,1,1,175.377060680463,False,True
10372,8,85.95,1981,2021,1,1,193.5543920884235,True,False
10373,12,87.0,2013,2021,4,1,159.27586206896552,True,False
10374,12,88.06,2012,2021,11,1,206.0299795593913,True,False
10375,8,88.27,1987,2021,4,1,113.28877308258753,False,True
10376,12,95.0,1992,2021,2,1,73.6842105263158,False,True
10377,12,101.15,1994,2021,3,1,95.30400395452298,True,False
10378,25,102.28,1984,2021,4,1,145.25811497849043,True,False
10379,12,102.53,1997,2021,3,1,86.5307714815176,True,False
10380,12,107.93,2017,2021,12,1,112.50810710645789,True,False
10381,12,26.0,2019,2021,10,1,513.7307692307693,True,False
10382,12,40.0,2019,2021,7,1,278.575,True,False
10383,12,21.06,2012,2021,6,1,158.21462488129157,True,False
10384,12,23.14,2012,2021,3,1,467.847882454624,True,False
10385,12,23.78,2010,2021,6,1,104.8780487804878,True,False
10386,8,24.0,2010,2021,5,1,318.4583333333333,True,False
10387,12,25.0,2008,2021,12,1,354.84,True,False
10388,12,25.0,1992,2021,2,1,299.08,True,False
10389,12,25.0,2007,2021,7,1,160.0,False,True
10390,12,26.0,2012,2021,7,1,348.88461538461536,True,False
10391,12,26.44,2012,2021,3,1,420.0075642965204,True,False
10392,12,26.45,2002,2021,8,1,284.6502835538752,True,False
10393,12,29.4,2001,2021,10,1,357.14285714285717,True,False
10394,12,30.0,2010,2021,2,1,265.9,True,False
10395,12,30.0,2013,2021,1,1,236.36666666666667,True,False
10396,8,30.0,2014,2021,4,1,248.1,True,False
10397,8,30.0,2011,2021,2,1,133.33333333333334,False,True
10398,25,30.53,2018,2021,2,1,473.40320995741894,True,False
10399,12,33.0,2004,2021,2,1,214.57575757575756,True,False
10400,12,33.0,2010,2021,12,1,318.1818181818182,True,False
10401,12,33.0,2012,2021,2,1,326.27272727272725,True,False
10402,12,33.0,2018,2021,1,1,338.8484848484849,True,False
10403,12,33.0,2010,2021,10,1,312.1212121212121,True,False
10404,12,33.0,2012,2021,8,1,188.3030303030303,True,False
10405,12,33.0,2007,2021,1,1,181.8181818181818,False,True
10406,12,33.0,2007,2021,1,1,181.8181818181818,False,True
10407,12,33.22,2001,2021,1,1,195.66526189042747,False,True
10408,12,33.22,2001,2021,9,1,150.51173991571343,False,True
10409,12,35.0,2017,2021,3,1,347.51428571428573,True,False
10410,12,36.0,2017,2021,3,1,244.19444444444446,True,False
10411,12,36.0,2017,2021,6,1,258.0833333333333,True,False
10412,12,36.0,2017,2021,6,1,258.0833333333333,True,False
10413,12,36.0,2017,2021,1,1,227.27777777777777,True,False
10414,12,38.0,2017,2021,10,1,225.94736842105263,True,False
10415,12,38.0,2012,2021,6,1,365.6578947368421,True,False
10416,12,39.6,1999,2021,2,1,63.13131313131313,False,True
10417,12,40.0,2008,2021,11,1,212.5,True,False
10418,12,40.98,2012,2021,6,1,232.04001952171794,True,False
10419,8,41.39,1997,2021,12,1,84.56148828219376,False,True
10420,8,41.39,1997,2021,9,1,84.56148828219376,False,True
10421,12,44.56,2007,2021,12,1,267.7064631956912,True,False
10422,12,44.97,2010,2021,1,1,268.8681343117634,True,False
10423,12,45.0,2010,2021,2,1,139.8,True,False
10424,12,45.0,2012,2021,11,1,223.8,True,False
10425,12,46.2,2012,2021,12,1,129.87012987012986,False,True
10426,12,47.4,2001,2021,6,1,126.58227848101266,False,True
10427,12,47.4,2001,2021,6,1,126.58227848101266,False,True
10428,12,48.0,2017,2021,3,1,332.3541666666667,True,False
10429,12,48.0,2018,2021,3,1,104.16666666666667,False,True
10430,12,49.5,2014,2021,9,1,131.31313131313132,False,True
10431,12,49.59,2005,2021,6,1,183.3635813672111,True,False
10432,12,50.0,2000,2021,11,1,277.14,True,False
10433,12,50.0,2001,2021,8,1,210.0,True,False
10434,12,50.0,2017,2021,10,1,362.86,True,False
10435,12,50.0,2012,2021,1,1,224.18,True,False
10436,12,50.0,1992,2021,9,1,267.14,True,False
10437,12,50.0,2010,2021,6,1,153.72,True,False
10438,12,50.0,1994,2021,5,1,100.0,False,True
10439,12,50.0,2011,2021,9,1,160.0,False,True
10440,12,50.03,2007,2021,9,1,219.8680791525085,True,False
10441,12,52.0,2010,2021,12,1,304.9423076923077,True,False
10442,8,52.8,1995,2021,7,1,142.04545454545456,False,True
10443,12,55.0,2007,2021,2,1,178.01818181818183,True,False
10444,12,55.0,2012,2021,8,1,267.5272727272727,True,False
10445,12,58.0,2000,2021,4,1,135.4655172413793,True,False
10446,12,59.0,2005,2021,9,1,133.16949152542372,True,False
10447,12,59.0,2014,2021,11,1,169.4915254237288,False,True
10448,12,59.6,2018,2021,5,1,142.61744966442953,False,True
10449,12,60.0,2018,2021,5,1,207.15,True,False
10450,12,60.0,2012,2021,7,1,254.76666666666668,True,False
10451,12,60.0,2017,2021,7,1,295.23333333333335,True,False
10452,25,60.0,2017,2021,2,1,295.73333333333335,True,False
10453,12,60.0,2017,2021,12,1,116.66666666666667,False,True
10454,8,60.0,2014,2021,12,1,125.0,False,True
10455,8,60.0,2014,2021,2,1,125.0,False,True
10456,25,60.03,2018,2021,1,1,237.76445110777945,True,False
10457,12,66.0,2013,2021,2,1,266.030303030303,True,False
10458,25,66.0,2017,2021,6,1,214.93939393939394,True,False
10459,12,66.0,2014,2021,12,1,143.93939393939394,False,True
10460,12,66.0,2019,2021,4,1,151.5151515151515,False,True
10461,12,66.0,2019,2021,4,1,151.5151515151515,False,True
10462,12,72.6,2004,2021,1,1,96.41873278236915,False,True
10463,12,72.61,2017,2021,6,1,206.58311527337833,False,True
10464,12,75.0,2018,2021,12,1,148.57333333333332,True,False
10465,25,75.0,2017,2021,7,1,200.0,False,True
10466,12,76.0,2005,2021,9,1,76.3157894736842,False,True
10467,8,77.7,2006,2021,9,1,172.8314028314028,True,False
10468,12,80.0,2000,2021,7,1,112.5,False,True
10469,12,80.0,2004,2021,11,1,87.5,False,True
10470,12,80.26,2003,2021,8,1,124.59506603538499,False,True
10471,12,80.26,2003,2021,8,1,124.59506603538499,False,True
10472,12,80.55,2000,2021,10,1,216.37492240844196,True,False
10473,8,80.85,2004,2021,8,1,74.38466295609153,True,False
10474,12,82.0,2018,2021,3,1,258.0853658536585,True,False
10475,12,82.6,1995,2021,3,1,60.53268765133172,False,True
10476,12,82.64,1995,2021,3,1,60.50338818973862,False,True
10477,12,83.0,2017,2021,5,1,218.59036144578315,True,False
10478,12,83.0,2018,2021,2,1,144.57831325301206,False,True
10479,12,84.0,2019,2021,7,1,171.77380952380952,True,False
10480,8,84.85,2021,2021,8,1,78.80966411314084,True,False
10481,12,86.61,2007,2021,4,1,188.0383327560328,True,False
10482,12,87.48,2021,2021,5,1,91.44947416552354,False,True
10483,12,87.76,2001,2021,4,1,153.01959890610755,True,False
10484,12,95.88,2000,2021,10,1,115.46725073007927,True,False
10485,12,96.58,2019,2021,3,1,186.37399047421826,False,True
10486,12,99.0,2015,2021,9,1,174.6060606060606,True,False
10487,25,100.0,2019,2021,6,1,200.0,False,True
10488,12,101.3,2016,2021,11,1,177.69002961500493,False,True
10489,25,102.03,2002,2021,2,1,168.21523081446634,True,False
10490,25,102.03,2002,2021,10,1,170.82230716455945,True,False
10491,12,103.0,2000,2021,7,1,87.37864077669903,False,True
10492,12,103.06,2003,2021,4,1,134.45565689889384,True,False
10493,12,104.03,1996,2021,3,1,76.90089397289243,False,True
10494,12,104.97,2016,2021,12,1,176.7838430027627,True,False
10495,25,105.98,2017,2021,5,1,141.53613889413097,False,True
10496,12,109.4,2017,2021,9,1,236.35283363802557,True,False
10497,12,110.0,2018,2021,3,1,181.8181818181818,False,True
10498,12,111.19,1991,2021,8,1,143.89783253889738,True,False
10499,12,113.0,2001,2021,7,1,78.38053097345133,True,False
10500,12,124.46,2010,2021,7,1,64.27767957576732,False,True
10501,12,128.26,2017,2021,5,1,194.916575705598,False,True
10502,12,144.08,2017,2021,2,1,177.54719600222097,True,False
10503,25,145.04,2017,2021,6,1,222.87644787644788,True,False
10504,12,148.7,2015,2021,7,1,154.67383994620042,False,True
10505,25,33.0,2011,2021,3,1,368.57575757575756,True,False
10506,8,33.0,2016,2021,4,1,181.8181818181818,False,True
10507,8,33.0,2016,2021,10,1,181.8181818181818,False,True
10508,25,60.0,2011,2021,1,1,243.93333333333334,True,False
10509,12,106.8,1989,2021,7,1,84.93445692883896,True,False
10510,12,13.0,2016,2021,12,1,478.0,True,False
10511,12,13.22,2018,2021,3,1,529.500756429652,False,True
10512,8,16.0,2015,2021,7,1,512.5,True,False
10513,8,16.0,2015,2021,7,1,512.5,True,False
10514,8,19.41,2017,2021,7,1,298.0937660999485,True,False
10515,12,19.8,2014,2021,1,1,176.76767676767676,False,True
10516,12,19.8,2010,2021,8,1,126.26262626262626,False,True
10517,12,20.0,2017,2021,8,1,443.55,True,False
10518,8,21.21,2018,2021,12,1,350.9193776520509,True,False
10519,12,23.0,2011,2021,8,1,319.2608695652174,True,False
10520,12,23.0,2006,2021,11,1,381.3478260869565,True,False
10521,12,24.0,1990,2021,9,1,321.4166666666667,True,False
10522,12,25.0,2002,2021,10,1,293.72,True,False
10523,12,25.0,2017,2021,12,1,404.0,True,False
10524,12,25.0,2013,2021,7,1,305.72,True,False
10525,12,25.0,2014,2021,9,1,401.2,True,False
10526,12,25.0,2013,2021,3,1,354.88,True,False
10527,12,25.0,2018,2021,6,1,362.88,True,False
10528,12,25.0,2018,2021,10,1,339.44,True,False
10529,8,25.0,2014,2021,7,1,120.0,False,True
10530,12,27.0,2012,2021,6,1,303.44444444444446,True,False
10531,8,27.0,2017,2021,6,1,185.1851851851852,False,True
10532,12,28.0,2017,2021,2,1,290.7142857142857,True,False
10533,8,29.7,2011,2021,1,1,238.75420875420875,True,False
10534,12,29.7,2003,2021,12,1,101.01010101010101,False,True
10535,8,30.0,2018,2021,5,1,321.43333333333334,True,False
10536,12,30.0,2003,2021,5,1,289.03333333333336,True,False
10537,8,30.0,2016,2021,5,1,276.2,True,False
10538,12,30.0,2013,2021,5,1,271.43333333333334,True,False
10539,8,30.0,2017,2021,9,1,261.46666666666664,True,False
10540,12,30.0,2012,2021,2,1,236.03333333333333,True,False
10541,12,30.0,2006,2021,11,1,244.76666666666668,True,False
10542,12,30.0,2018,2021,1,1,339.4,True,False
10543,12,30.0,2003,2021,4,1,289.03333333333336,True,False
10544,8,30.0,1988,2021,5,1,178.56666666666666,True,False
10545,12,30.0,2016,2021,7,1,250.96666666666667,True,False
10546,12,30.0,2018,2021,9,1,226.2,True,False
10547,12,30.0,2015,2021,2,1,289.06666666666666,True,False
10548,12,30.0,2010,2021,12,1,295.7,True,False
10549,12,30.0,2018,2021,3,1,293.8,True,False
10550,12,30.0,2017,2021,4,1,371.9,True,False
10551,12,30.0,2018,2021,7,1,150.0,False,True
10552,12,30.0,1988,2021,12,1,100.0,False,True
10553,12,30.0,2017,2021,1,1,133.33333333333334,False,True
10554,12,30.1,2018,2021,7,1,346.4784053156146,True,False
10555,8,33.0,2016,2021,10,1,285.72727272727275,True,False
10556,8,33.0,1992,2021,5,1,186.15151515151516,True,False
10557,12,33.0,2016,2021,9,1,277.06060606060606,True,False
10558,12,33.0,2017,2021,5,1,398.6969696969697,True,False
10559,12,33.0,2017,2021,2,1,241.72727272727272,True,False
10560,12,33.0,2017,2021,1,1,256.2121212121212,True,False
10561,12,33.0,2010,2021,6,1,268.8484848484849,True,False
10562,12,33.0,2016,2021,7,1,281.3939393939394,True,False
10563,12,33.0,2016,2021,11,1,348.4848484848485,True,False
10564,12,33.0,2017,2021,8,1,437.24242424242425,True,False
10565,8,33.0,2010,2021,7,1,265.7878787878788,True,False
10566,12,33.0,2017,2021,8,1,350.6363636363636,True,False
10567,12,33.0,2016,2021,12,1,290.030303030303,True,False
10568,8,33.0,2018,2021,8,1,320.3333333333333,True,False
10569,12,33.0,2016,2021,6,1,393.93939393939394,True,False
10570,12,33.0,2016,2021,2,1,187.45454545454547,True,False
10571,8,33.0,2002,2021,10,1,265.7878787878788,True,False
10572,12,33.0,2016,2021,2,1,310.7878787878788,True,False
10573,12,33.0,2017,2021,7,1,259.72727272727275,True,False
10574,12,33.0,2018,2021,12,1,264.06060606060606,True,False
10575,8,33.0,2019,2021,1,1,181.8181818181818,False,True
10576,12,33.0,2019,2021,2,1,181.8181818181818,False,True
10577,12,33.05,1991,2021,4,1,116.70196671709532,True,False
10578,8,35.0,2017,2021,4,1,294.2857142857143,True,False
10579,12,35.0,2018,2021,6,1,234.0857142857143,True,False
10580,12,35.0,2018,2021,3,1,333.22857142857146,True,False
10581,12,35.0,2015,2021,8,1,300.0,True,False
10582,8,35.0,2013,2021,5,1,314.2857142857143,True,False
10583,8,35.0,1997,2021,10,1,179.6,True,False
10584,12,35.0,2018,2021,11,1,287.74285714285713,True,False
10585,12,35.13,1991,2021,10,1,142.32849416453172,False,True
10586,12,36.0,2015,2021,6,1,277.44444444444446,True,False
10587,8,36.0,2018,2021,6,1,323.97222222222223,True,False
10588,12,36.0,2017,2021,10,1,166.66666666666666,False,True
10589,12,36.12,2019,2021,2,1,166.11295681063123,False,True
10590,12,36.12,2019,2021,4,1,166.11295681063123,False,True
10591,12,36.36,2018,2021,1,1,328.7953795379538,True,False
10592,12,36.6,2021,2021,12,1,249.8087431693989,True,False
10593,8,37.8,1995,2021,5,1,89.94708994708995,False,True
10594,12,38.0,2017,2021,8,1,351.5,True,False
10595,12,38.52,2018,2021,8,1,155.7632398753894,False,True
10596,12,39.0,2015,2021,3,1,256.1025641025641,True,False
10597,12,39.0,2017,2021,8,1,153.84615384615384,False,True
10598,12,39.27,2018,2021,9,1,152.78838808250572,False,True
10599,8,39.6,1990,2021,3,1,125.37878787878788,True,False
10600,12,39.6,1991,2021,4,1,156.91919191919192,True,False
10601,12,39.67,2010,2021,3,1,294.00050415931435,True,False
10602,8,40.0,2000,2021,12,1,191.075,True,False
10603,12,40.0,2017,2021,8,1,243.225,True,False
10604,8,40.0,2016,2021,11,1,269.275,True,False
10605,12,40.0,2016,2021,9,1,251.775,True,False
10606,12,40.0,2018,2021,9,1,298.225,True,False
10607,8,40.0,2017,2021,7,1,269.275,True,False
10608,8,40.0,2016,2021,11,1,257.5,True,False
10609,12,40.0,2016,2021,10,1,250.0,True,False
10610,12,40.0,2002,2021,10,1,298.225,True,False
10611,25,40.0,2018,2021,3,1,242.725,True,False
10612,12,40.0,2016,2021,4,1,310.725,True,False
10613,8,40.0,2007,2021,1,1,278.625,True,False
10614,12,40.0,2010,2021,12,1,251.775,True,False
10615,8,40.0,2016,2021,8,1,297.85,True,False
10616,8,40.0,2016,2021,8,1,290.725,True,False
10617,8,40.0,1990,2021,9,1,75.0,False,True
10618,8,40.0,2007,2021,12,1,125.0,False,True
10619,12,40.72,1991,2021,10,1,98.23182711198429,False,True
10620,12,40.76,2018,2021,7,1,252.35525024533857,True,False
10621,8,42.0,1994,2021,9,1,147.95238095238096,True,False
10622,8,42.4,2008,2021,11,1,213.93867924528303,True,False
10623,8,42.97,1993,2021,8,1,137.6309052827554,True,False
10624,12,45.0,2007,2021,1,1,228.2888888888889,True,False
10625,12,45.0,2013,2021,1,1,266.6666666666667,True,False
10626,8,45.0,2011,2021,11,1,133.33333333333334,False,True
10627,12,46.0,2012,2021,7,1,119.56521739130434,False,True
10628,8,46.2,1997,2021,11,1,86.58008658008657,False,True
10629,12,46.38,2003,2021,2,1,107.80508840017248,False,True
10630,8,47.0,1988,2021,4,1,135.25531914893617,True,False
10631,12,47.4,2000,2021,7,1,191.37130801687763,True,False
10632,8,47.7,2002,2021,3,1,155.53459119496856,True,False
10633,8,47.7,2002,2021,6,1,167.2327044025157,True,False
10634,12,47.7,2006,2021,7,1,125.78616352201257,False,True
10635,12,48.0,2004,2021,6,1,178.77083333333334,True,False
10636,12,49.0,2011,2021,4,1,253.6530612244898,True,False
10637,12,49.0,2010,2021,12,1,185.12244897959184,True,False
10638,12,49.0,2005,2021,2,1,116.3265306122449,False,True
10639,12,49.0,1989,2021,4,1,102.04081632653062,False,True
10640,12,49.47,1989,2021,12,1,80.85708510208207,False,True
10641,12,49.5,1987,2021,3,1,151.05050505050505,True,False
10642,8,49.5,1995,2021,2,1,130.1010101010101,True,False
10643,12,49.5,1998,2021,1,1,147.2929292929293,True,False
10644,8,49.5,1992,2021,8,1,145.73737373737373,True,False
10645,12,49.5,2003,2021,10,1,154.40404040404042,True,False
10646,12,50.0,1995,2021,2,1,117.62,True,False
10647,12,50.0,2012,2021,4,1,205.42,True,False
10648,8,50.0,2019,2021,3,1,215.82,True,False
10649,12,50.0,2011,2021,12,1,249.72,True,False
10650,12,50.0,2011,2021,5,1,177.14,True,False
10651,12,50.0,2011,2021,5,1,177.14,True,False
10652,8,50.0,2010,2021,7,1,244.28,True,False
10653,12,50.0,2005,2021,2,1,215.34,True,False
10654,8,50.0,2010,2021,8,1,234.58,True,False
10655,12,50.0,2003,2021,10,1,145.72,True,False
10656,12,50.0,2008,2021,2,1,204.18,True,False
10657,12,50.0,2004,2021,11,1,211.42,True,False
10658,12,50.0,2016,2021,4,1,324.28,True,False
10659,12,50.0,1995,2021,5,1,85.72,True,False
10660,12,50.0,2014,2021,6,1,289.06,True,False
10661,12,50.0,2003,2021,11,1,220.0,True,False
10662,8,50.0,2012,2021,6,1,110.0,False,True
10663,12,50.0,2013,2021,8,1,200.0,False,True
10664,8,50.0,1995,2021,7,1,114.0,False,True
10665,8,50.0,1995,2021,7,1,114.0,False,True
10666,8,50.0,2008,2021,8,1,160.0,False,True
10667,8,50.0,2008,2021,8,1,160.0,False,True
10668,8,50.0,2018,2021,8,1,160.0,False,True
10669,8,50.0,2016,2021,7,1,110.0,False,True
10670,8,50.25,2012,2021,1,1,173.67164179104478,True,False
10671,12,50.92,2012,2021,10,1,115.86802827965435,False,True
10672,8,51.0,2012,2021,4,1,117.6470588235294,False,True
10673,12,51.73,2013,2021,3,1,154.64913976416008,False,True
10674,12,51.73,2013,2021,5,1,135.31799729364008,False,True
10675,12,52.0,2002,2021,12,1,170.59615384615384,True,False
10676,12,52.0,2014,2021,5,1,255.5,True,False
10677,8,52.0,2013,2021,10,1,211.53846153846155,True,False
10678,8,52.02,2002,2021,1,1,150.2883506343714,True,False
10679,12,52.27,2002,2021,2,1,125.90396020661947,True,False
10680,12,52.5,2011,2021,4,1,133.33333333333334,False,True
10681,8,52.8,2012,2021,2,1,220.89015151515153,True,False
10682,8,53.0,1994,2021,2,1,80.86792452830188,True,False
10683,8,53.0,1997,2021,8,1,190.56603773584905,True,False
10684,12,53.0,2010,2021,4,1,132.0754716981132,False,True
10685,12,53.35,2014,2021,5,1,214.22680412371133,True,False
10686,12,53.76,1986,2021,6,1,204.18526785714286,True,False
10687,12,54.2,2018,2021,10,1,309.7047970479705,True,False
10688,12,54.22,1997,2021,2,1,110.66027296200664,False,True
10689,12,54.6,2011,2021,5,1,149.13919413919413,True,False
10690,12,54.63,2010,2021,1,1,128.1347245103423,False,True
10691,12,55.0,2005,2021,11,1,225.98181818181817,True,False
10692,12,55.0,2004,2021,10,1,190.65454545454546,True,False
10693,12,55.0,2011,2021,6,1,237.4181818181818,True,False
10694,8,55.0,2011,2021,4,1,218.1818181818182,True,False
10695,12,55.0,2018,2021,1,1,315.7090909090909,True,False
10696,12,55.0,2011,2021,11,1,246.74545454545455,True,False
10697,8,55.0,2016,2021,12,1,293.5090909090909,True,False
10698,12,55.0,2017,2021,12,1,277.92727272727274,True,False
10699,8,55.0,1995,2021,12,1,101.81818181818181,False,True
10700,8,56.0,1997,2021,7,1,65.05357142857143,True,False
10701,12,56.0,2017,2021,8,1,238.51785714285714,True,False
10702,8,56.0,1991,2021,11,1,62.5,False,True
10703,12,56.1,1984,2021,1,1,89.12655971479501,False,True
10704,12,56.1,2011,2021,1,1,115.8645276292335,False,True
10705,8,56.13,2017,2021,8,1,142.52627828255834,False,True
10706,12,57.0,2007,2021,6,1,213.3859649122807,True,False
10707,12,57.0,2007,2021,6,1,213.3859649122807,True,False
10708,8,57.48,2017,2021,8,1,139.17884481558804,False,True
10709,12,58.0,2013,2021,2,1,137.93103448275863,False,True
10710,12,58.01,2021,2021,12,1,288.1227374590588,True,False
10711,12,58.01,2021,2021,12,1,248.73297707291846,True,False
10712,12,59.0,1995,2021,12,1,141.40677966101694,True,False
10713,8,59.0,2008,2021,4,1,250.61016949152543,True,False
10714,12,59.0,2018,2021,11,1,288.3728813559322,True,False
10715,12,59.0,1995,2021,3,1,138.59322033898306,True,False
10716,8,59.5,1988,2021,4,1,75.63025210084034,False,True
10717,12,60.0,2004,2021,5,1,151.18333333333334,True,False
10718,12,60.0,2018,2021,12,1,209.51666666666668,True,False
10719,12,60.0,2006,2021,8,1,207.15,True,False
10720,12,60.0,2006,2021,8,1,207.15,True,False
10721,8,60.0,1989,2021,6,1,141.28333333333333,True,False
10722,12,60.0,2006,2021,7,1,192.85,True,False
10723,12,60.0,2006,2021,7,1,192.85,True,False
10724,12,60.0,2018,2021,9,1,204.76666666666668,True,False
10725,12,60.0,2009,2021,3,1,185.08333333333334,True,False
10726,8,60.0,1996,2021,6,1,66.66666666666667,False,True
10727,8,61.41,1997,2021,3,1,99.02296042989741,True,False
10728,12,62.0,2012,2021,7,1,96.7741935483871,False,True
10729,12,62.7,2015,2021,1,1,179.05901116427432,True,False
10730,8,62.8,1986,2021,4,1,144.44267515923568,True,False
10731,12,62.83,2003,2021,1,1,127.3277096928219,False,True
10732,8,63.24,1979,2021,4,1,144.5762175838077,True,False
10733,12,63.99,1988,2021,4,1,91.52992655102359,True,False
10734,12,65.0,2011,2021,2,1,196.41538461538462,True,False
10735,12,65.0,2007,2021,3,1,165.64615384615385,True,False
10736,8,65.01,1996,2021,2,1,76.91124442393478,False,True
10737,12,66.0,1991,2021,7,1,180.74242424242425,True,False
10738,12,66.0,2012,2021,6,1,169.4848484848485,True,False
10739,12,66.0,2012,2021,5,1,127.71212121212122,True,False
10740,12,66.0,1988,2021,4,1,94.15151515151516,True,False
10741,12,66.0,1988,2021,2,1,128.43939393939394,True,False
10742,12,66.0,2013,2021,4,1,166.66666666666666,True,False
10743,12,66.0,2009,2021,5,1,140.6969696969697,True,False
10744,12,66.0,2017,2021,5,1,164.5,True,False
10745,12,66.0,2004,2021,7,1,77.92424242424242,True,False
10746,12,66.6,2004,2021,5,1,179.11411411411413,True,False
10747,12,66.92,2005,2021,3,1,173.05738194859532,True,False
10748,8,67.31,1996,2021,5,1,114.6040707175754,True,False
10749,8,67.79,1988,2021,2,1,111.83065348871514,True,False
10750,12,67.8,1991,2021,5,1,191.74041297935105,False,True
10751,12,69.0,2014,2021,1,1,167.31884057971016,True,False
10752,12,69.0,2014,2021,1,1,167.31884057971016,True,False
10753,12,70.0,2017,2021,6,1,121.42857142857143,False,True
10754,12,70.58,1982,2021,4,1,149.77330688580335,True,False
10755,12,70.58,1982,2021,10,1,149.77330688580335,True,False
10756,12,71.34,1986,2021,4,1,129.15615363050182,True,False
10757,12,72.0,1991,2021,9,1,158.73611111111111,True,False
10758,12,72.31,1999,2021,4,1,108.6571705158346,True,False
10759,12,72.9,2006,2021,10,1,171.46776406035664,True,False
10760,12,74.01,2007,2021,8,1,138.9812187542224,True,False
10761,8,74.02,1986,2021,8,1,108.07889759524454,False,True
10762,12,75.0,2018,2021,5,1,177.14666666666668,True,False
10763,12,75.16,1991,2021,7,1,79.82969664715274,False,True
10764,12,75.9,2002,2021,3,1,105.40184453227931,False,True
10765,12,75.9,2002,2021,3,1,105.40184453227931,False,True
10766,12,77.44,1991,2021,3,1,64.56611570247934,False,True
10767,8,78.93,2006,2021,12,1,114.02508551881412,False,True
10768,12,79.16,2005,2021,3,1,142.33198585144012,True,False
10769,12,79.16,2005,2021,3,1,142.33198585144012,True,False
10770,8,79.18,1985,2021,5,1,119.08310179338216,True,False
10771,8,79.18,1985,2021,5,1,119.08310179338216,True,False
10772,12,79.25,1991,2021,8,1,164.0378548895899,False,True
10773,12,79.3,2013,2021,3,1,153.3795712484237,True,False
10774,12,79.54,1991,2021,5,1,164.33241136535077,True,False
10775,8,80.0,2008,2021,8,1,158.925,True,False
10776,12,80.84,1989,2021,10,1,94.54477981197427,True,False
10777,12,81.03,2002,2021,5,1,86.38775762063433,False,True
10778,8,81.11,1985,2021,1,1,96.38762174824313,True,False
10779,8,81.52,1983,2021,12,1,147.20314033366046,True,False
10780,8,82.0,1987,2021,1,1,66.52439024390245,True,False
10781,12,82.0,2018,2021,12,1,252.609756097561,True,False
10782,12,82.0,2010,2021,12,1,198.609756097561,True,False
10783,8,82.0,2016,2021,9,1,134.14634146341464,False,True
10784,8,82.08,1990,2021,11,1,85.28265107212476,False,True
10785,8,82.5,1988,2021,11,1,82.25454545454545,True,False
10786,8,83.23,2005,2021,1,1,84.10428931875525,False,True
10787,12,84.0,2003,2021,6,1,119.04761904761905,False,True
10788,12,84.24,1996,2021,12,1,177.2198480531814,True,False
10789,8,84.39,2016,2021,8,1,165.89643322668562,False,True
10790,12,84.47,2018,2021,1,1,142.06227062862555,False,True
10791,8,84.74,1985,2021,8,1,151.72291715836678,True,False
10792,12,84.83,2018,2021,1,1,141.45938936696925,False,True
10793,12,85.0,2000,2021,3,1,159.7764705882353,True,False
10794,12,85.0,2018,2021,4,1,141.1764705882353,False,True
10795,12,85.0,2018,2021,7,1,141.1764705882353,False,True
10796,12,86.14,1989,2021,9,1,100.66171348966799,True,False
10797,12,86.7,2010,2021,10,1,166.4244521337947,True,False
10798,8,89.76,1992,2021,4,1,100.26737967914438,False,True
10799,12,90.0,2017,2021,5,1,122.22222222222223,False,True
10800,8,90.8,1988,2021,11,1,44.05286343612335,False,True
10801,12,91.33,2016,2021,12,1,187.70393080039418,True,False
10802,12,91.44,1990,2021,6,1,98.4251968503937,False,True
10803,12,93.6,1995,2021,2,1,105.47008547008548,True,False
10804,12,94.34,2001,2021,12,1,184.74666101335595,True,False
10805,12,94.94,2004,2021,9,1,124.88940383400042,True,False
10806,12,95.0,1999,2021,4,1,100.74736842105263,True,False
10807,8,95.21,2006,2021,5,1,105.03098414032141,False,True
10808,8,96.03,2010,2021,1,1,132.53150057273768,True,False
10809,12,97.64,2012,2021,3,1,143.9266693977878,True,False
10810,12,99.0,2007,2021,8,1,115.44444444444444,True,False
10811,12,99.15,1996,2021,10,1,108.0584972264246,True,False
10812,12,99.99,1995,2021,5,1,108.72087208720873,True,False
10813,8,100.5,2018,2021,5,1,129.35323383084577,False,True
10814,12,101.66,2017,2021,11,1,136.30729883926816,True,False
10815,12,106.56,2003,2021,1,1,112.61261261261261,False,True
10816,12,115.44,2014,2021,5,1,103.95010395010395,False,True
10817,8,116.64,2009,2021,5,1,168.4070644718793,True,False
10818,12,118.28,2018,2021,3,1,118.36320595197836,False,True
10819,12,120.0,2010,2021,2,1,132.94166666666666,True,False
10820,8,127.66,2019,2021,5,1,142.1196929343569,True,False
10821,12,135.47,2019,2021,11,1,110.72562190890972,False,True
10822,12,148.0,2016,2021,7,1,202.7027027027027,False,True
10823,8,168.4,1991,2021,7,1,23.752969121140143,False,True
10824,8,172.0,2014,2021,12,1,81.3953488372093,False,True
10825,12,192.1,1997,2021,6,1,41.525247267048414,True,False
10826,12,19.8,2016,2021,10,1,563.4848484848485,True,False
10827,8,20.0,2017,2021,6,1,414.65,True,False
10828,8,20.0,2017,2021,2,1,379.05,True,False
10829,8,21.0,2018,2021,7,1,458.5238095238095,True,False
10830,12,21.0,2014,2021,2,1,408.1904761904762,True,False
10831,8,21.0,2017,2021,11,1,319.7142857142857,True,False
10832,8,21.0,2014,2021,12,1,119.04761904761905,False,True
10833,8,22.0,2017,2021,2,1,377.90909090909093,True,False
10834,8,22.0,2017,2021,7,1,403.22727272727275,True,False
10835,8,22.5,2018,2021,1,1,408.8888888888889,True,False
10836,8,23.1,2017,2021,8,1,363.030303030303,True,False
10837,8,23.1,2017,2021,3,1,359.004329004329,True,False
10838,12,23.4,2016,2021,9,1,501.2393162393163,True,False
10839,25,24.0,2016,2021,12,1,500.5833333333333,True,False
10840,8,24.0,2001,2021,12,1,238.08333333333334,True,False
10841,25,24.0,2011,2021,9,1,166.66666666666666,False,True
10842,8,25.0,2004,2021,2,1,342.88,True,False
10843,8,25.0,2012,2021,2,1,352.56,True,False
10844,8,25.0,2018,2021,12,1,350.84,True,False
10845,8,25.0,2014,2021,4,1,244.0,True,False
10846,8,25.0,2019,2021,1,1,180.0,False,True
10847,8,25.3,2011,2021,9,1,455.69169960474306,True,False
10848,8,26.0,2001,2021,8,1,245.6153846153846,True,False
10849,25,26.0,2011,2021,2,1,211.53846153846155,False,True
10850,12,26.4,2012,2021,9,1,151.51515151515153,False,True
10851,8,26.45,2011,2021,2,1,170.13232514177693,False,True
10852,8,26.45,2011,2021,2,1,189.0359168241966,False,True
10853,8,27.0,2000,2021,12,1,441.81481481481484,True,False
10854,25,27.0,2017,2021,7,1,354.48148148148147,True,False
10855,12,27.0,2017,2021,11,1,346.55555555555554,True,False
10856,25,27.0,2017,2021,2,1,347.1111111111111,True,False
10857,8,27.96,2002,2021,12,1,178.826895565093,False,True
10858,25,28.0,2016,2021,10,1,323.9642857142857,True,False
10859,8,28.0,2000,2021,3,1,299.75,True,False
10860,8,28.0,2012,2021,6,1,306.14285714285717,True,False
10861,25,28.0,2016,2021,11,1,323.9642857142857,True,False
10862,25,28.0,2016,2021,8,1,323.9642857142857,True,False
10863,8,28.0,2012,2021,3,1,302.57142857142856,True,False
10864,8,28.0,2012,2021,2,1,342.42857142857144,True,False
10865,8,28.0,2012,2021,10,1,337.25,True,False
10866,8,28.0,2012,2021,12,1,316.82142857142856,True,False
10867,8,28.0,2018,2021,1,1,178.57142857142858,False,True
10868,8,28.0,2006,2021,11,1,178.57142857142858,False,True
10869,8,28.0,2006,2021,1,1,178.57142857142858,False,True
10870,8,29.0,2007,2021,5,1,355.17241379310343,True,False
10871,8,29.2,2005,2021,8,1,308.2191780821918,False,True
10872,8,29.2,2005,2021,8,1,308.2191780821918,False,True
10873,8,29.3,2012,2021,7,1,238.90784982935153,False,True
10874,8,30.0,2006,2021,1,1,310.0,True,False
10875,25,30.0,2016,2021,5,1,414.3,True,False
10876,25,30.0,2002,2021,12,1,324.3,True,False
10877,8,30.0,2004,2021,12,1,241.43333333333334,True,False
10878,8,30.0,2017,2021,5,1,330.46666666666664,True,False
10879,8,30.0,2000,2021,3,1,342.23333333333335,True,False
10880,8,30.0,2001,2021,1,1,261.2,True,False
10881,12,30.0,2018,2021,2,1,335.56666666666666,True,False
10882,8,30.0,2016,2021,7,1,319.03333333333336,True,False
10883,8,30.0,2004,2021,1,1,261.2,True,False
10884,8,30.0,2009,2021,2,1,304.3333333333333,True,False
10885,8,30.0,2004,2021,9,1,273.3333333333333,True,False
10886,8,30.0,2002,2021,4,1,297.1333333333333,True,False
10887,8,30.0,2002,2021,11,1,397.6333333333333,True,False
10888,8,30.0,2000,2021,7,1,299.03333333333336,True,False
10889,8,30.0,2003,2021,4,1,166.66666666666666,False,True
10890,8,30.0,2011,2021,5,1,150.0,False,True
10891,12,30.0,2001,2021,8,1,116.66666666666667,False,True
10892,8,30.0,2012,2021,6,1,150.0,False,True
10893,25,30.2,2011,2021,9,1,298.0132450331126,False,True
10894,8,33.0,2016,2021,4,1,376.6363636363636,True,False
10895,8,33.0,2005,2021,4,1,177.4848484848485,True,False
10896,8,33.0,2004,2021,12,1,251.5151515151515,True,False
10897,8,33.0,2004,2021,12,1,260.1818181818182,True,False
10898,8,33.0,2016,2021,12,1,407.3636363636364,True,False
10899,8,33.0,2007,2021,3,1,294.2121212121212,True,False
10900,25,33.0,2016,2021,3,1,344.6060606060606,True,False
10901,8,33.0,2008,2021,2,1,262.7878787878788,True,False
10902,8,33.0,2011,2021,7,1,333.3333333333333,True,False
10903,8,33.0,2016,2021,10,1,274.8787878787879,True,False
10904,8,33.0,2013,2021,1,1,287.8787878787879,True,False
10905,8,33.0,2003,2021,3,1,276.6666666666667,True,False
10906,8,33.0,2009,2021,4,1,220.78787878787878,True,False
10907,8,33.0,2007,2021,6,1,259.75757575757575,True,False
10908,8,33.0,2012,2021,12,1,268.8181818181818,True,False
10909,8,33.0,2012,2021,3,1,288.1515151515151,True,False
10910,25,33.0,2016,2021,11,1,345.8787878787879,True,False
10911,8,33.0,2009,2021,9,1,251.5151515151515,True,False
10912,8,33.0,2016,2021,1,1,345.72727272727275,True,False
10913,8,33.0,2007,2021,4,1,281.3939393939394,True,False
10914,8,33.0,2007,2021,3,1,284.0,True,False
10915,8,33.0,2013,2021,1,1,260.3333333333333,True,False
10916,8,33.0,2008,2021,6,1,209.03030303030303,True,False
10917,8,33.0,2012,2021,6,1,305.06060606060606,True,False
10918,8,33.0,2016,2021,1,1,323.6969696969697,True,False
10919,8,33.0,2007,2021,2,1,284.0,True,False
10920,8,33.0,2016,2021,6,1,284.0,True,False
10921,8,33.0,2000,2021,3,1,305.06060606060606,True,False
10922,8,33.0,2000,2021,3,1,268.8484848484849,True,False
10923,8,33.0,2013,2021,6,1,251.93939393939394,True,False
10924,8,33.0,2004,2021,2,1,262.7878787878788,True,False
10925,8,33.0,2004,2021,7,1,233.75757575757575,True,False
10926,8,33.0,2000,2021,2,1,297.3939393939394,True,False
10927,25,33.0,2016,2021,5,1,322.5151515151515,True,False
10928,8,33.0,2004,2021,1,1,327.8181818181818,True,False
10929,8,33.0,2003,2021,7,1,265.7878787878788,True,False
10930,25,33.0,2016,2021,4,1,324.6666666666667,True,False
10931,12,33.0,2016,2021,2,1,136.36363636363637,False,True
10932,8,33.0,2011,2021,2,1,136.36363636363637,False,True
10933,8,33.0,2005,2021,12,1,106.06060606060606,False,True
10934,8,33.0,2002,2021,1,1,136.36363636363637,False,True
10935,8,33.0,2005,2021,2,1,106.06060606060606,False,True
10936,8,33.0,2005,2021,2,1,106.06060606060606,False,True
10937,8,33.0,2018,2021,2,1,151.5151515151515,False,True
10938,8,33.0,2002,2021,1,1,151.5151515151515,False,True
10939,8,33.0,2000,2021,7,1,90.9090909090909,False,True
10940,8,33.0,2005,2021,11,1,106.06060606060606,False,True
10941,8,33.0,2014,2021,2,1,90.9090909090909,False,True
10942,12,33.0,2002,2021,2,1,90.9090909090909,False,True
10943,8,33.0,2005,2021,6,1,106.06060606060606,False,True
10944,12,35.0,2015,2021,7,1,240.0,True,False
10945,25,35.0,2016,2021,2,1,296.34285714285716,True,False
10946,25,35.0,2016,2021,12,1,289.8,True,False
10947,8,35.0,2002,2021,8,1,142.85714285714286,False,True
10948,8,35.1,2012,2021,11,1,256.4102564102564,False,True
10949,12,35.32,2014,2021,1,1,190.45866364665912,True,False
10950,25,36.0,2002,2021,8,1,285.72222222222223,True,False
10951,25,38.0,2016,2021,11,1,300.7631578947368,True,False
10952,8,40.0,2011,2021,9,1,275.0,True,False
10953,8,40.0,2002,2021,9,1,293.225,True,False
10954,8,40.0,2016,2021,2,1,284.3,True,False
10955,8,40.0,2001,2021,12,1,226.775,True,False
10956,8,40.0,2003,2021,12,1,275.0,True,False
10957,12,40.0,2002,2021,3,1,184.875,True,False
10958,8,40.0,2016,2021,11,1,219.65,True,False
10959,25,40.0,2016,2021,5,1,266.075,True,False
10960,8,40.0,2001,2021,12,1,100.0,False,True
10961,8,40.3,2012,2021,1,1,241.3647642679901,True,False
10962,8,42.0,2016,2021,10,1,285.7142857142857,True,False
10963,8,42.0,2016,2021,1,1,283.54761904761904,True,False
10964,8,42.9,2004,2021,5,1,203.12354312354313,True,False
10965,8,42.9,2018,2021,7,1,174.82517482517483,False,True
10966,8,42.9,2018,2021,7,1,174.82517482517483,False,True
10967,8,43.0,2018,2021,3,1,93.02325581395348,False,True
10968,8,45.0,2007,2021,6,1,155.55555555555554,False,True
10969,8,46.0,2012,2021,10,1,259.32608695652175,True,False
10970,12,48.45,2010,2021,8,1,150.38183694530443,True,False
10971,8,49.0,1999,2021,1,1,148.79591836734693,True,False
10972,8,49.0,1999,2021,1,1,148.79591836734693,True,False
10973,8,50.0,2012,2021,12,1,274.58,True,False
10974,8,50.0,2012,2021,2,1,263.26,True,False
10975,8,50.0,2006,2021,9,1,134.28,True,False
10976,8,50.0,2004,2021,1,1,217.28,True,False
10977,25,50.0,2005,2021,9,1,182.86,True,False
10978,8,50.0,1999,2021,7,1,192.58,True,False
10979,8,50.0,2012,2021,3,1,228.38,True,False
10980,8,50.0,2012,2021,10,1,191.42,True,False
10981,8,50.0,2002,2021,12,1,140.0,False,True
10982,8,50.0,2012,2021,7,1,110.0,False,True
10983,8,50.0,2008,2021,6,1,130.0,False,True
10984,8,50.0,2012,2021,8,1,160.0,False,True
10985,12,52.8,2011,2021,10,1,262.4431818181818,True,False
10986,8,54.0,2007,2021,2,1,111.11111111111111,False,True
10987,8,55.0,2007,2021,4,1,179.21818181818182,True,False
10988,8,55.0,2006,2021,4,1,127.27272727272727,False,True
10989,8,55.0,2008,2021,6,1,127.27272727272727,False,True
10990,8,59.4,2018,2021,6,1,126.26262626262627,False,True
10991,8,59.4,2018,2021,1,1,151.51515151515153,False,True
10992,12,60.0,2011,2021,1,1,227.26666666666668,True,False
10993,12,60.0,2013,2021,6,1,202.71666666666667,True,False
10994,25,60.0,2016,2021,1,1,242.41666666666666,True,False
10995,8,62.7,2008,2021,10,1,103.6682615629984,False,True
10996,12,64.0,2016,2021,11,1,276.78125,True,False
10997,25,66.0,2004,2021,1,1,107.43939393939394,True,False
10998,12,66.0,2010,2021,1,1,106.06060606060606,False,True
10999,12,66.0,2010,2021,1,1,106.06060606060606,False,True
11000,8,78.33,2009,2021,11,1,173.25418102897996,True,False
11001,8,79.3,2012,2021,8,1,179.24337957124843,True,False
11002,8,80.0,2001,2021,1,1,176.7,True,False
11003,8,82.0,2004,2021,12,1,186.41463414634146,True,False
11004,8,82.0,2012,2021,5,1,191.6341463414634,True,False
11005,8,82.0,2001,2021,3,1,148.32926829268294,True,False
11006,12,82.0,2015,2021,10,1,121.95121951219512,False,True
11007,8,84.6,2014,2021,7,1,167.68321513002365,True,False
11008,8,89.0,2005,2021,10,1,112.35955056179775,False,True
11009,25,90.78,1999,2021,5,1,77.1094954835867,False,True
11010,8,100.68,2004,2021,8,1,133.3829956297179,True,False
11011,8,107.97,2016,2021,6,1,146.25358895989626,True,False
11012,12,111.16,2010,2021,2,1,107.95250089960417,False,True
11013,8,118.0,2004,2021,3,1,132.04237288135593,True,False
11014,12,126.18,2014,2021,7,1,144.91995561895703,True,False
11015,8,127.17,2008,2021,5,1,116.82786820791067,True,False
11016,8,127.17,2008,2021,12,1,116.82786820791067,True,False
11017,8,12.0,2017,2022,2,0,722.6666666666666,True,False
11018,8,12.0,2017,2022,2,0,416.6666666666667,False,True
11019,12,13.2,2007,2022,1,0,672.0454545454546,True,False
11020,12,13.22,1996,2022,1,0,663.464447806354,True,False
11021,8,15.0,2017,2022,2,0,578.1333333333333,True,False
11022,12,15.0,2016,2022,1,0,591.4,True,False
11023,8,15.0,1990,2022,2,0,497.06666666666666,True,False
11024,12,15.0,2018,2022,2,0,571.4666666666667,True,False
11025,12,15.0,2016,2022,2,0,578.1333333333333,True,False
11026,8,15.0,2016,2022,8,0,266.6666666666667,False,True
11027,25,16.0,2015,2022,2,0,535.75,True,False
11028,12,17.0,2016,2022,2,0,471.4117647058824,True,False
11029,12,17.0,2016,2022,1,0,264.70588235294116,False,True
11030,12,18.0,2008,2022,2,0,481.77777777777777,True,False
11031,8,18.0,2016,2022,2,0,476.22222222222223,True,False
11032,8,18.0,1991,2022,1,0,492.8333333333333,True,False
11033,12,18.0,2017,2022,8,0,487.27777777777777,True,False
11034,12,18.0,2007,2022,1,0,583.3333333333334,True,False
11035,12,18.0,2019,2022,2,0,277.77777777777777,False,True
11036,12,18.0,2016,2022,1,0,250.0,False,True
11037,8,18.18,2019,2022,1,0,487.95379537953795,True,False
11038,12,18.18,2019,2022,1,0,275.027502750275,False,True
11039,12,18.18,2019,2022,5,0,275.027502750275,False,True
11040,12,18.3,2009,2022,1,0,479.2896174863388,True,False
11041,8,18.33,2015,2022,1,0,218.22149481723952,False,True
11042,8,18.5,2019,2022,2,0,468.7567567567568,True,False
11043,12,19.0,2016,2022,8,0,461.63157894736844,True,False
11044,8,19.0,1987,2022,2,0,456.42105263157896,True,False
11045,8,19.0,2016,2022,2,0,456.42105263157896,True,False
11046,12,19.0,2016,2022,2,0,456.42105263157896,True,False
11047,8,19.0,1997,2022,2,0,427.05263157894734,True,False
11048,8,19.0,1987,2022,2,0,451.1578947368421,True,False
11049,8,19.0,2009,2022,2,0,451.1578947368421,True,False
11050,12,19.3,2006,2022,2,0,352.2279792746114,True,False
11051,25,19.56,2016,2022,2,0,390.33742331288346,True,False
11052,12,19.8,2006,2022,9,0,171.46464646464645,True,False
11053,12,19.8,2014,2022,2,0,437.979797979798,True,False
11054,12,19.8,2021,2022,8,0,563.4848484848485,True,False
11055,12,19.83,1996,2022,2,0,460.4135148764499,True,False
11056,12,19.83,2022,2022,6,0,437.3171961674231,True,False
11057,12,20.0,2016,2022,9,0,428.6,True,False
11058,12,20.0,2016,2022,1,0,443.55,True,False
11059,8,20.0,2016,2022,2,0,433.6,True,False
11060,8,20.0,2019,2022,1,0,443.55,True,False
11061,12,20.0,2015,2022,2,0,433.6,True,False
11062,12,20.0,2018,2022,2,0,451.5,True,False
11063,8,20.0,2016,2022,1,0,443.55,True,False
11064,8,20.0,2017,2022,1,0,438.55,True,False
11065,12,20.0,2010,2022,5,0,289.05,True,False
11066,8,20.0,2017,2022,1,0,372.15,True,False
11067,8,20.0,1988,2022,1,0,443.55,True,False
11068,12,20.0,2007,2022,7,0,441.05,True,False
11069,12,20.0,2016,2022,1,0,390.7,True,False
11070,8,20.0,2016,2022,1,0,438.55,True,False
11071,12,20.0,2015,2022,8,0,443.55,True,False
11072,8,20.0,2017,2022,2,0,433.6,True,False
11073,12,20.0,2010,2022,1,0,443.55,True,False
11074,8,20.0,2016,2022,2,0,433.6,True,False
11075,12,20.0,2019,2022,2,0,443.6,True,False
11076,8,20.0,2019,2022,2,0,433.6,True,False
11077,12,20.0,2015,2022,2,0,433.6,True,False
11078,12,20.0,2011,2022,6,0,503.35,True,False
11079,12,20.0,2019,2022,2,0,433.6,True,False
11080,12,20.0,2016,2022,2,0,433.6,True,False
11081,12,20.0,2014,2022,2,0,391.75,True,False
11082,12,20.0,2018,2022,2,0,421.1,True,False
11083,8,20.0,2010,2022,2,0,214.3,True,False
11084,8,20.0,2006,2022,4,0,325.95,True,False
11085,8,20.0,2015,2022,1,0,443.55,True,False
11086,12,20.0,2016,2022,2,0,433.6,True,False
11087,12,20.0,2016,2022,1,0,443.55,True,False
11088,30,20.0,2012,2022,2,0,428.6,True,False
11089,30,20.0,2012,2022,2,0,428.6,True,False
11090,8,20.0,2018,2022,2,0,479.05,True,False
11091,12,20.0,2016,2022,1,0,390.7,True,False
11092,12,20.0,2016,2022,2,0,433.6,True,False
11093,25,20.0,2022,2022,6,0,443.6,True,False
11094,12,20.0,2018,2022,1,0,419.3,True,False
11095,25,20.0,2015,2022,1,0,447.85,True,False
11096,8,20.0,2016,2022,1,0,443.55,True,False
11097,8,20.0,2018,2022,7,0,453.55,True,False
11098,8,20.0,2010,2022,3,0,214.3,True,False
11099,12,20.0,2019,2022,1,0,250.0,False,True
11100,12,20.0,2012,2022,2,0,250.0,False,True
11101,8,20.0,2018,2022,1,0,250.0,False,True
11102,8,20.0,2016,2022,2,0,200.0,False,True
11103,8,20.0,2014,2022,7,0,100.0,False,True
11104,8,20.0,2018,2022,2,0,250.0,False,True
11105,8,20.0,2018,2022,2,0,300.0,False,True
11106,12,20.0,2009,2022,6,0,290.0,False,True
11107,12,20.0,1989,2022,2,0,225.0,False,True
11108,8,20.0,2015,2022,2,0,225.0,False,True
11109,12,20.3,2006,2022,2,0,427.192118226601,True,False
11110,12,20.3,2011,2022,2,0,422.7093596059113,True,False
11111,12,20.3,2011,2022,2,0,197.04433497536945,False,True
11112,12,20.3,2011,2022,2,0,197.04433497536945,False,True
11113,12,20.3,2011,2022,2,0,197.04433497536945,False,True
11114,12,21.0,2010,2022,2,0,419.7142857142857,True,False
11115,8,21.0,2016,2022,1,0,349.6666666666667,True,False
11116,12,21.0,2018,2022,2,0,412.95238095238096,True,False
11117,12,21.0,2017,2022,2,0,412.95238095238096,True,False
11118,8,21.0,2014,2022,1,0,422.42857142857144,True,False
11119,8,21.0,2015,2022,7,0,422.42857142857144,True,False
11120,8,21.0,2018,2022,1,0,238.0952380952381,False,True
11121,12,21.0,1989,2022,8,0,214.28571428571428,False,True
11122,12,21.3,2011,2022,2,0,407.13615023474176,True,False
11123,12,21.3,2009,2022,2,0,407.13615023474176,True,False
11124,12,21.3,2011,2022,2,0,234.7417840375587,False,True
11125,12,21.3,2010,2022,1,0,211.26760563380282,False,True
11126,12,21.56,1987,2022,1,0,398.2374768089054,True,False
11127,12,22.0,2019,2022,2,0,394.1818181818182,True,False
11128,12,22.0,2014,2022,1,0,442.22727272727275,True,False
11129,12,22.62,2019,2022,1,0,221.04332449160034,False,True
11130,12,23.0,2008,2022,2,0,469.7826086956522,True,False
11131,8,23.0,2015,2022,2,0,232.04347826086956,True,False
11132,8,23.0,1987,2022,3,0,336.30434782608694,True,False
11133,8,23.0,2012,2022,2,0,377.04347826086956,True,False
11134,8,23.1,2014,2022,2,0,435.8008658008658,True,False
11135,25,23.1,2016,2022,2,0,419.3939393939394,True,False
11136,12,23.14,2008,2022,1,0,383.362143474503,True,False
11137,12,24.0,2010,2022,1,0,377.9583333333333,True,False
11138,8,24.0,2017,2022,2,0,361.3333333333333,True,False
11139,25,24.0,1989,2022,2,0,361.3333333333333,True,False
11140,12,24.0,2008,2022,2,0,299.0416666666667,True,False
11141,12,24.0,2015,2022,2,0,361.3333333333333,True,False
11142,12,24.0,2007,2022,1,0,369.625,True,False
11143,12,24.24,2010,2022,2,0,423.5561056105611,True,False
11144,12,24.24,2010,2022,2,0,392.28547854785484,True,False
11145,12,24.24,2010,2022,2,0,400.5363036303631,True,False
11146,12,24.24,2010,2022,1,0,401.3613861386139,True,False
11147,12,24.24,2010,2022,2,0,400.5363036303631,True,False
11148,12,24.24,2010,2022,2,0,389.02640264026405,True,False
11149,8,25.0,2020,2022,1,0,354.84,True,False
11150,12,25.0,2014,2022,3,0,354.88,True,False
11151,8,25.0,2021,2022,1,0,354.84,True,False
11152,12,25.0,2014,2022,1,0,412.0,True,False
11153,12,25.0,2015,2022,2,0,346.88,True,False
11154,12,25.0,2014,2022,2,0,421.04,True,False
11155,12,25.0,1989,2022,1,0,354.84,True,False
11156,8,25.0,2014,2022,1,0,412.0,True,False
11157,8,25.0,2017,2022,2,0,346.88,True,False
11158,12,25.0,2008,2022,2,0,313.4,True,False
11159,8,25.0,2015,2022,1,0,325.72,True,False
11160,8,25.0,2012,2022,1,0,446.28,True,False
11161,8,25.0,2018,2022,7,0,354.84,True,False
11162,12,25.0,2011,2022,2,0,342.88,True,False
11163,8,25.0,2011,2022,1,0,350.84,True,False
11164,12,25.0,2007,2022,7,0,354.84,True,False
11165,12,25.0,2002,2022,2,0,298.24,True,False
11166,12,25.0,2008,2022,1,0,446.28,True,False
11167,12,25.0,2010,2022,2,0,354.88,True,False
11168,12,25.0,2008,2022,5,0,332.56,True,False
11169,12,25.0,2012,2022,8,0,324.0,True,False
11170,12,25.0,2015,2022,8,0,343.44,True,False
11171,8,25.0,2016,2022,2,0,346.88,True,False
11172,8,25.0,2018,2022,2,0,346.88,True,False
11173,12,25.0,2019,2022,2,0,346.88,True,False
11174,8,25.0,2017,2022,2,0,346.88,True,False
11175,12,25.0,2014,2022,1,0,420.0,True,False
11176,12,25.0,1992,2022,1,0,350.84,True,False
11177,8,25.0,2015,2022,2,0,342.88,True,False
11178,12,25.0,2006,2022,2,0,346.88,True,False
11179,8,25.0,2018,2022,2,0,346.88,True,False
11180,8,25.0,1989,2022,1,0,232.56,True,False
11181,12,25.0,2017,2022,2,0,320.56,True,False
11182,12,25.0,1987,2022,2,0,320.56,True,False
11183,8,25.0,2021,2022,1,0,354.84,True,False
11184,12,25.0,2006,2022,1,0,289.72,True,False
11185,8,25.0,2014,2022,2,0,309.4,True,False
11186,8,25.0,2019,2022,1,0,354.84,True,False
11187,12,25.0,2017,2022,2,0,346.88,True,False
11188,12,25.0,2014,2022,2,0,346.88,True,False
11189,8,25.0,2018,2022,7,0,354.84,True,False
11190,12,25.0,2008,2022,1,0,580.0,True,False
11191,12,25.0,2009,2022,1,0,197.16,True,False
11192,8,25.0,2015,2022,8,0,354.84,True,False
11193,12,25.0,2007,2022,1,0,554.28,True,False
11194,8,25.0,2017,2022,2,0,346.88,True,False
11195,8,25.0,2017,2022,2,0,200.0,False,True
11196,12,25.0,2019,2022,2,0,200.0,False,True
11197,12,25.0,2007,2022,2,0,220.0,False,True
11198,12,25.0,2017,2022,2,0,200.0,False,True
11199,12,25.0,2019,2022,2,0,180.0,False,True
11200,12,25.0,2017,2022,1,0,200.0,False,True
11201,12,25.0,2019,2022,1,0,200.0,False,True
11202,12,25.0,2019,2022,1,0,200.0,False,True
11203,12,25.0,2019,2022,1,0,240.0,False,True
11204,8,25.0,2016,2022,2,0,200.0,False,True
11205,12,25.0,2019,2022,2,0,200.0,False,True
11206,12,25.0,2017,2022,1,0,200.0,False,True
11207,12,25.0,2017,2022,2,0,200.0,False,True
11208,8,25.0,2019,2022,1,0,240.0,False,True
11209,12,25.0,2019,2022,2,0,200.0,False,True
11210,8,25.0,2018,2022,2,0,240.0,False,True
11211,8,25.0,2016,2022,1,0,160.0,False,True
11212,12,25.0,2019,2022,2,0,200.0,False,True
11213,12,25.0,2019,2022,2,0,240.0,False,True
11214,8,25.0,2018,2022,1,0,200.0,False,True
11215,8,25.0,2018,2022,2,0,240.0,False,True
11216,12,25.3,2016,2022,3,0,334.8616600790514,True,False
11217,12,25.3,2010,2022,2,0,342.7667984189723,True,False
11218,12,25.3,2009,2022,2,0,260.1185770750988,True,False
11219,12,25.3,2011,2022,2,0,342.7667984189723,True,False
11220,12,26.0,2007,2022,2,0,416.38461538461536,True,False
11221,12,26.0,2006,2022,8,0,300.53846153846155,True,False
11222,12,26.0,2011,2022,2,0,419.4230769230769,True,False
11223,25,26.0,1989,2022,6,0,230.76923076923077,False,True
11224,12,26.4,2010,2022,3,0,336.06060606060606,True,False
11225,8,26.4,2012,2022,2,0,307.3484848484849,True,False
11226,12,27.0,2011,2022,2,0,313.77777777777777,True,False
11227,12,27.0,2011,2022,7,0,402.6296296296296,True,False
11228,12,27.2,2008,2022,1,0,326.1397058823529,True,False
11229,12,27.2,2008,2022,2,0,318.8235294117647,True,False
11230,12,28.0,2010,2022,2,0,309.7142857142857,True,False
11231,25,28.0,2003,2022,2,0,256.32142857142856,True,False
11232,8,28.0,2012,2022,1,0,316.82142857142856,True,False
11233,12,28.3,2010,2022,2,0,362.791519434629,True,False
11234,12,28.3,2011,2022,2,0,306.43109540636044,True,False
11235,12,28.3,2010,2022,2,0,336.0070671378092,True,False
11236,12,28.3,2008,2022,1,0,141.3427561837456,False,True
11237,12,30.0,2015,2022,1,0,286.2,True,False
11238,12,30.0,2019,2022,3,0,481.76666666666665,True,False
11239,12,30.0,2010,2022,9,0,289.06666666666666,True,False
11240,8,30.0,1986,2022,7,0,235.7,True,False
11241,8,30.0,2018,2022,1,0,295.7,True,False
11242,12,30.0,2015,2022,1,0,295.7,True,False
11243,8,30.0,2008,2022,6,0,289.06666666666666,True,False
11244,8,30.0,2021,2022,1,0,295.7,True,False
11245,12,30.0,2012,2022,1,0,295.7,True,False
11246,12,30.0,2011,2022,2,0,279.76666666666665,True,False
11247,8,30.0,2012,2022,1,0,295.7,True,False
11248,12,30.0,2010,2022,1,0,276.6666666666667,True,False
11249,12,30.0,2018,2022,6,0,342.23333333333335,True,False
11250,8,30.0,2016,2022,1,0,292.8666666666667,True,False
11251,8,30.0,2017,2022,2,0,267.1333333333333,True,False
11252,12,30.0,2015,2022,2,0,235.9,True,False
11253,12,30.0,2011,2022,1,0,295.7,True,False
11254,12,30.0,2007,2022,6,0,382.1,True,False
11255,12,30.0,2011,2022,2,0,279.76666666666665,True,False
11256,8,30.0,2015,2022,1,0,200.0,True,False
11257,25,30.0,2013,2022,8,0,286.2,True,False
11258,8,30.0,2006,2022,2,0,270.46666666666664,True,False
11259,25,30.0,1982,2022,2,0,279.76666666666665,True,False
11260,12,30.0,2008,2022,6,0,289.06666666666666,True,False
11261,12,30.0,2006,2022,1,0,295.7,True,False
11262,12,30.0,2010,2022,2,0,289.06666666666666,True,False
11263,12,30.0,2007,2022,2,0,289.06666666666666,True,False
11264,8,30.0,2019,2022,1,0,295.7,True,False
11265,25,30.0,1987,2022,2,0,289.06666666666666,True,False
11266,12,30.0,2012,2022,1,0,309.53333333333336,True,False
11267,12,30.0,2014,2022,2,0,248.53333333333333,True,False
11268,8,30.0,2008,2022,2,0,289.06666666666666,True,False
11269,8,30.0,2012,2022,1,0,295.7,True,False
11270,12,30.0,2010,2022,2,0,289.06666666666666,True,False
11271,12,30.0,2011,2022,1,0,343.3333333333333,True,False
11272,8,30.0,2008,2022,2,0,289.06666666666666,True,False
11273,12,30.0,2011,2022,2,0,279.76666666666665,True,False
11274,12,30.0,2009,2022,2,0,299.23333333333335,True,False
11275,8,30.0,2016,2022,1,0,290.46666666666664,True,False
11276,12,30.0,2014,2022,6,0,100.0,False,True
11277,8,30.0,2016,2022,1,0,150.0,False,True
11278,8,30.0,2016,2022,1,0,166.66666666666666,False,True
11279,12,30.0,2014,2022,2,0,100.0,False,True
11280,12,30.0,2014,2022,8,0,100.0,False,True
11281,12,30.0,2014,2022,2,0,100.0,False,True
11282,12,30.0,2008,2022,2,0,166.66666666666666,False,True
11283,12,30.0,2009,2022,3,0,100.0,False,True
11284,12,30.0,2018,2022,2,0,116.66666666666667,False,True
11285,8,30.0,1989,2022,2,0,166.66666666666666,False,True
11286,12,30.0,2012,2022,4,0,233.33333333333334,False,True
11287,12,30.0,2014,2022,2,0,100.0,False,True
11288,12,30.44,2007,2022,3,0,180.68331143232587,False,True
11289,12,32.0,2009,2022,2,0,271.0,True,False
11290,12,33.0,2010,2022,6,0,262.7878787878788,True,False
11291,8,33.0,1989,2022,8,0,277.3636363636364,True,False
11292,12,33.0,2010,2022,2,0,262.7878787878788,True,False
11293,12,33.0,2006,2022,2,0,263.6969696969697,True,False
11294,12,33.0,2010,2022,2,0,262.7878787878788,True,False
11295,12,33.0,2007,2022,2,0,262.7878787878788,True,False
11296,12,33.0,2016,2022,2,0,259.75757575757575,True,False
11297,12,33.0,2006,2022,1,0,274.8787878787879,True,False
11298,8,33.0,2012,2022,1,0,268.8181818181818,True,False
11299,12,33.0,2014,2022,1,0,164.5151515151515,True,False
11300,12,35.0,1980,2022,5,0,276.8,True,False
11301,12,36.6,2011,2022,4,0,338.0327868852459,True,False
11302,12,39.0,2007,2022,1,0,128.2051282051282,False,True
11303,12,39.6,2007,2022,1,0,241.6919191919192,True,False
11304,12,39.6,2007,2022,2,0,236.66666666666666,True,False
11305,12,39.6,2007,2022,1,0,373.3838383838384,True,False
11306,8,40.0,2021,2022,9,0,216.8,True,False
11307,12,40.0,2009,2022,2,0,431.1,True,False
11308,12,40.0,2007,2022,8,0,226.775,True,False
11309,12,40.0,2014,2022,8,0,178.575,True,False
11310,12,40.3,2007,2022,2,0,331.8114143920596,True,False
11311,12,40.86,1980,2022,1,0,134.6059716103769,False,True
11312,12,42.18,2020,2022,6,0,150.3082029397819,True,False
11313,12,43.0,2008,2022,4,0,323.13953488372096,True,False
11314,12,45.0,2007,2022,2,0,425.3333333333333,True,False
11315,12,45.0,2008,2022,1,0,197.13333333333333,True,False
11316,12,45.0,2007,2022,2,0,279.53333333333336,True,False
11317,12,45.0,1996,2022,1,0,360.31111111111113,True,False
11318,8,45.0,2018,2022,5,0,258.4,True,False
11319,12,45.3,2007,2022,1,0,242.82560706401767,False,True
11320,12,46.2,2011,2022,7,0,196.34199134199133,True,False
11321,12,48.3,2011,2022,1,0,301.9875776397516,True,False
11322,12,49.5,2010,2022,1,0,269.83838383838383,True,False
11323,8,50.0,2012,2022,1,0,324.28,True,False
11324,12,50.0,1987,2022,2,0,175.44,True,False
11325,12,50.0,2008,2022,3,0,222.1,True,False
11326,12,50.0,2008,2022,1,0,352.86,True,False
11327,12,50.0,2007,2022,2,0,328.14,True,False
11328,12,50.0,2007,2022,2,0,320.56,True,False
11329,8,50.05,2006,2022,6,0,229.03096903096903,True,False
11330,12,58.0,2006,2022,2,0,103.44827586206897,False,True
11331,12,59.4,2007,2022,1,0,257.3400673400673,True,False
11332,12,59.4,2010,2022,2,0,266.8181818181818,True,False
11333,12,60.0,2010,2022,8,0,254.76666666666668,True,False
11334,12,60.0,2007,2022,1,0,245.23333333333332,True,False
11335,12,63.0,2022,2022,4,0,297.5238095238095,True,False
11336,8,83.56,2005,2022,1,0,131.64193393968407,False,True
11337,12,97.0,2007,2022,1,0,103.09278350515464,False,True
11338,8,99.0,2018,2022,9,0,141.41414141414143,False,True
11339,8,100.0,2011,2022,3,0,150.0,False,True
11340,12,102.0,2006,2022,5,0,195.85294117647058,True,False
11341,12,108.85,2012,2022,7,0,137.80431786862655,False,True
11342,12,110.0,2006,2022,1,0,164.02727272727273,True,False
11343,12,113.22,2006,2022,6,0,174.3861508567391,True,False
11344,12,133.66,2006,2022,9,0,131.36316025736946,True,False
11345,12,152.06,2021,2022,2,0,98.64527160331448,False,True
11346,12,29.7,2003,2022,3,0,101.01010101010101,False,True
11347,12,40.0,2002,2022,6,0,256.675,True,False
11348,8,40.0,2020,2022,6,0,321.45,True,False
11349,12,54.3,2003,2022,5,0,138.12154696132598,False,True
11350,8,67.43,1974,2022,1,0,148.30194275545009,False,True
11351,8,73.5,1982,2022,1,0,27.210884353741495,False,True
11352,12,26.4,2010,2022,2,0,381.3257575757576,True,False
11353,25,30.0,2012,2022,4,0,341.56666666666666,True,False
11354,8,32.3,2012,2022,7,0,448.48297213622294,True,False
11355,8,33.0,2015,2022,1,0,404.75757575757575,True,False
11356,8,33.0,2015,2022,1,0,404.75757575757575,True,False
11357,8,33.0,2012,2022,5,0,353.42424242424244,True,False
11358,8,33.0,2012,2022,5,0,353.42424242424244,True,False
11359,8,33.0,2011,2022,2,0,295.969696969697,True,False
11360,8,33.0,2012,2022,1,0,312.1212121212121,True,False
11361,25,33.0,2012,2022,2,0,254.33333333333334,True,False
11362,8,33.0,2015,2022,4,0,395.6969696969697,True,False
11363,12,36.36,2015,2022,8,0,283.2783278327833,True,False
11364,8,38.0,2015,2022,2,0,360.39473684210526,True,False
11365,8,39.67,2015,2022,1,0,300.70582304008065,True,False
11366,8,40.0,2015,2022,8,0,298.225,True,False
11367,8,40.0,2015,2022,3,0,326.45,True,False
11368,8,40.0,2015,2022,4,0,312.5,True,False
11369,8,40.0,2015,2022,4,0,312.5,True,False
11370,12,55.0,2015,2022,3,0,287.1090909090909,True,False
11371,8,58.0,2012,2022,8,0,214.29310344827587,True,False
11372,8,59.0,2014,2022,5,0,179.33898305084745,True,False
11373,8,59.53,2012,2022,2,0,251.18427683520915,True,False
11374,8,66.0,2012,2022,5,0,157.15151515151516,True,False
11375,8,69.44,1988,2022,7,0,110.06624423963135,True,False
11376,8,33.06,1972,2022,1,0,132.66787658802176,True,False
11377,8,91.83,2004,2022,4,0,239.57312425133398,False,True
11378,12,93.42,2019,2022,6,0,107.04345964461571,False,True
11379,12,32.66,2017,2022,4,0,368.06491120636866,True,False
11380,25,33.0,2022,2022,9,0,260.3939393939394,True,False
11381,8,56.88,1994,2022,3,0,87.90436005625878,False,True
11382,12,66.0,2017,2022,2,0,197.84848484848484,True,False
11383,25,66.0,2019,2022,4,0,197.84848484848484,True,False
11384,8,66.0,1998,2022,3,0,171.6060606060606,True,False
11385,25,66.0,2022,2022,6,0,227.45454545454547,True,False
11386,25,66.0,2022,2022,6,0,218.9848484848485,True,False
11387,25,125.83,2019,2022,4,0,123.64301041087181,True,False
11388,12,26.0,2003,2022,5,0,253.1153846153846,True,False
11389,12,40.0,2018,2022,7,0,226.775,True,False
11390,12,40.0,1997,2022,8,0,367.15,True,False
11391,12,50.0,1997,2022,8,0,200.0,False,True
11392,12,50.0,1997,2022,9,0,180.0,False,True
11393,12,50.0,1997,2022,9,0,180.0,False,True
11394,12,50.62,2003,2022,5,0,230.40300276570525,True,False
11395,12,60.0,2006,2022,8,0,195.23333333333332,True,False
11396,12,60.0,2006,2022,2,0,202.71666666666667,True,False
11397,8,75.6,1980,2022,8,0,132.27513227513228,False,True
11398,12,76.0,2003,2022,1,0,90.40789473684211,True,False
11399,12,80.0,1997,2022,8,0,162.5,False,True
11400,8,129.73,2006,2022,1,0,93.60209666229862,True,False
11401,8,51.3,1988,2022,8,0,97.46588693957115,False,True
11402,12,56.4,2008,2022,9,0,251.11702127659575,True,False
11403,12,59.0,2003,2022,3,0,221.32203389830508,True,False
11404,8,97.52,1935,2022,3,0,67.48359310910583,True,False
11405,8,69.92,2002,2022,9,0,68.52116704805492,True,False
11406,8,33.0,1978,2022,4,0,105.78787878787878,True,False
11407,8,95.7,1998,2022,1,0,145.54858934169278,True,False
11408,12,103.27,1990,2022,1,0,120.35441076789,True,False
11409,8,125.0,1998,2022,6,0,135.624,True,False
11410,8,29.75,1969,2022,5,0,150.78991596638656,True,False
11411,12,30.0,2017,2022,4,0,133.33333333333334,False,True
11412,25,33.0,2018,2022,5,0,262.7878787878788,True,False
11413,25,33.0,2018,2022,5,0,256.8787878787879,True,False
11414,25,33.0,2018,2022,5,0,262.7878787878788,True,False
11415,12,33.0,2017,2022,4,0,262.7878787878788,True,False
11416,12,33.0,2011,2022,7,0,151.5151515151515,False,True
11417,12,33.0,2011,2022,7,0,136.36363636363637,False,True
11418,8,44.16,1984,2022,8,0,140.71557971014494,True,False
11419,8,45.0,2008,2022,4,0,270.2888888888889,True,False
11420,12,50.0,2010,2022,7,0,211.42,True,False
11421,25,50.0,2018,2022,1,0,402.86,True,False
11422,8,50.91,1967,2022,5,0,184.08956982911022,True,False
11423,12,56.1,2018,2022,7,0,178.25311942959001,False,True
11424,12,58.0,2017,2022,4,0,209.70689655172413,True,False
11425,12,60.43,2011,2022,7,0,115.836505047162,False,True
11426,12,62.7,1988,2022,6,0,101.99362041467305,True,False
11427,12,63.0,1986,2022,3,0,222.22222222222223,False,True
11428,12,63.0,1986,2022,3,0,222.22222222222223,False,True
11429,12,63.72,1988,2022,9,0,140.88198367859385,True,False
11430,12,69.21,1991,2022,9,0,112.57043779800608,True,False
11431,12,70.0,2018,2022,5,0,142.85714285714286,False,True
11432,12,72.83,1991,2022,4,0,109.84484415762735,False,True
11433,8,76.31,1988,2022,6,0,111.08635827545538,True,False
11434,12,123.87,2014,2022,9,0,133.85807701622667,True,False
11435,8,129.3,1996,2022,5,0,50.89713843774168,True,False
11436,8,19.8,2013,2022,1,0,426.4141414141414,True,False
11437,8,24.14,2018,2022,1,0,207.12510356255177,False,True
11438,8,30.94,2018,2022,2,0,80.80155138978668,False,True
11439,12,45.0,1993,2022,7,0,165.4,True,False
11440,8,49.52,2019,2022,2,0,302.9079159935379,False,True
11441,8,77.65,1994,2022,7,0,103.026400515132,False,True
11442,12,66.88,1938,2022,5,0,68.57057416267943,True,False
11443,8,92.4,2001,2022,2,0,102.56493506493506,True,False
11444,12,33.06,2010,2022,7,0,283.03085299455535,True,False
11445,8,20.0,2014,2022,2,0,381.75,True,False
11446,8,21.0,2010,2022,9,0,434.76190476190476,True,False
11447,12,21.0,2009,2022,4,0,382.6190476190476,True,False
11448,12,21.0,2009,2022,9,0,373.0952380952381,True,False
11449,12,23.14,2012,2022,5,0,314.47709593777006,True,False
11450,8,25.4,2008,2022,1,0,326.7716535433071,True,False
11451,12,26.5,2008,2022,3,0,358.8301886792453,True,False
11452,12,29.7,2016,2022,5,0,345.6902356902357,True,False
11453,8,29.78,2007,2022,2,0,214.74143720617863,True,False
11454,12,30.0,2007,2022,8,0,336.6666666666667,True,False
11455,12,30.0,2012,2022,6,0,265.9,True,False
11456,12,30.24,2009,2022,4,0,143.41931216931218,True,False
11457,8,33.0,2012,2022,2,0,262.7878787878788,True,False
11458,8,33.0,2007,2022,6,0,259.75757575757575,True,False
11459,8,33.0,2008,2022,4,0,259.75757575757575,True,False
11460,8,33.0,2012,2022,4,0,241.72727272727272,True,False
11461,12,33.0,2016,2022,2,0,268.8484848484849,True,False
11462,8,33.0,2016,2022,4,0,224.0909090909091,True,False
11463,12,33.0,2011,2022,5,0,121.21212121212122,False,True
11464,12,35.0,2016,2022,7,0,257.14285714285717,True,False
11465,8,35.0,2017,2022,2,0,333.22857142857146,True,False
11466,8,35.8,2012,2022,8,0,343.57541899441344,True,False
11467,12,36.0,2016,2022,8,0,293.6388888888889,True,False
11468,8,38.0,2017,2022,8,0,351.5,True,False
11469,12,40.0,2006,2022,7,0,290.725,True,False
11470,12,40.0,2012,2022,3,0,205.35,True,False
11471,12,40.0,2015,2022,1,0,291.075,True,False
11472,12,42.0,2003,2022,8,0,254.76190476190476,True,False
11473,12,45.0,2016,2022,2,0,230.48888888888888,True,False
11474,12,45.0,2015,2022,3,0,259.1777777777778,True,False
11475,8,45.0,2016,2022,3,0,122.22222222222223,False,True
11476,12,49.0,2006,2022,5,0,195.53061224489795,True,False
11477,12,49.5,2014,2022,6,0,185.57575757575756,True,False
11478,12,49.5,2008,2022,3,0,263.7979797979798,True,False
11479,8,50.0,2006,2022,9,0,233.26,True,False
11480,12,50.0,1993,2022,3,0,175.54,True,False
11481,8,50.0,1988,2022,5,0,290.66,True,False
11482,12,50.0,2009,2022,1,0,267.14,True,False
11483,12,50.0,2016,2022,4,0,189.54,True,False
11484,8,53.0,2010,2022,6,0,75.47169811320755,False,True
11485,8,55.0,2007,2022,9,0,232.34545454545454,True,False
11486,25,55.0,2012,2022,1,0,145.45454545454547,False,True
11487,12,56.2,2016,2022,7,0,183.02491103202846,True,False
11488,12,56.25,2015,2022,1,0,271.75111111111113,True,False
11489,8,58.0,2016,2022,2,0,210.10344827586206,True,False
11490,12,59.5,1987,2022,3,0,161.0252100840336,True,False
11491,12,60.0,2005,2022,1,0,186.9,True,False
11492,8,60.0,2011,2022,2,0,240.88333333333333,True,False
11493,12,60.0,2004,2022,9,0,189.53333333333333,True,False
11494,8,60.0,1997,2022,8,0,151.18333333333334,True,False
11495,8,65.7,2011,2022,5,0,185.12937595129375,True,False
11496,8,65.7,2011,2022,5,0,185.12937595129375,True,False
11497,8,66.0,2011,2022,8,0,264.2878787878788,True,False
11498,8,66.14,1998,2022,2,0,78.62110674327185,False,True
11499,12,73.43,2003,2022,4,0,182.10540650960095,True,False
11500,12,80.62,2017,2022,4,0,174.65889357479531,True,False
11501,8,84.15,1996,2022,2,0,147.02317290552583,True,False
11502,12,99.2,2016,2022,9,0,149.10282258064515,True,False
11503,12,108.8,1992,2022,3,0,163.08823529411765,True,False
11504,12,110.0,2012,2022,2,0,148.62727272727273,True,False
11505,12,46.5,2018,2022,7,0,239.63440860215053,True,False
11506,8,59.5,2011,2022,4,0,95.7983193277311,False,True
11507,8,73.05,1992,2022,5,0,90.08898015058179,True,False
11508,8,17.0,2014,2022,5,0,383.47058823529414,True,False
11509,8,20.0,2014,2022,3,0,353.85,True,False
11510,12,20.0,2002,2022,1,0,276.45,True,False
11511,12,21.0,2008,2022,7,0,349.6666666666667,True,False
11512,8,22.0,2011,2022,1,0,438.3181818181818,True,False
11513,12,23.0,2014,2022,8,0,381.3478260869565,True,False
11514,12,23.1,2007,2022,6,0,294.2857142857143,True,False
11515,8,23.1,2008,2022,9,0,345.3246753246753,True,False
11516,8,23.1,2007,2022,3,0,383.16017316017314,True,False
11517,8,23.1,2007,2022,1,0,466.9264069264069,True,False
11518,8,24.0,2011,2022,4,0,357.1666666666667,True,False
11519,8,24.57,2015,2022,4,0,162.8001628001628,False,True
11520,8,25.0,2003,2022,7,0,328.0,True,False
11521,12,25.0,2008,2022,6,0,342.88,True,False
11522,8,25.0,2014,2022,8,0,316.56,True,False
11523,12,25.0,2017,2022,4,0,346.88,True,False
11524,8,25.0,2015,2022,9,0,287.08,True,False
11525,8,25.0,2016,2022,9,0,132.0,False,True
11526,12,25.0,2015,2022,8,0,132.0,False,True
11527,12,26.0,2002,2022,9,0,164.84615384615384,True,False
11528,12,26.0,2016,2022,8,0,337.34615384615387,True,False
11529,8,26.0,2008,2022,4,0,306.8076923076923,True,False
11530,8,26.4,1978,2022,6,0,64.20454545454545,True,False
11531,12,26.4,2010,2022,2,0,328.4848484848485,True,False
11532,12,26.4,2011,2022,3,0,170.45454545454547,False,True
11533,8,26.4,2012,2022,3,0,151.51515151515153,False,True
11534,8,26.4,2012,2022,5,0,189.3939393939394,False,True
11535,12,28.0,2012,2022,6,0,416.5357142857143,True,False
11536,12,28.8,2007,2022,1,0,243.05555555555554,False,True
11537,8,29.7,2008,2022,7,0,392.020202020202,True,False
11538,8,29.7,2004,2022,8,0,127.94612794612794,False,True
11539,8,30.0,2017,2022,7,0,395.23333333333335,True,False
11540,8,30.0,2017,2022,1,0,335.7,True,False
11541,8,30.0,2017,2022,9,0,388.76666666666665,True,False
11542,8,30.0,2012,2022,9,0,298.3666666666667,True,False
11543,8,30.0,2015,2022,9,0,286.43333333333334,True,False
11544,8,30.0,2004,2022,4,0,289.06666666666666,True,False
11545,8,30.0,2017,2022,4,0,428.6,True,False
11546,12,30.0,2010,2022,8,0,295.7,True,False
11547,8,30.0,2010,2022,9,0,257.8333333333333,True,False
11548,12,30.0,2015,2022,1,0,166.66666666666666,False,True
11549,12,30.0,2017,2022,1,0,183.33333333333334,False,True
11550,8,30.3,2009,2022,1,0,282.8712871287129,True,False
11551,8,33.0,2011,2022,1,0,268.8181818181818,True,False
11552,12,33.0,1981,2022,1,0,239.8181818181818,True,False
11553,8,33.0,2012,2022,1,0,300.8787878787879,True,False
11554,8,33.0,2018,2022,2,0,290.6969696969697,True,False
11555,12,33.0,2021,2022,1,0,182.24242424242425,True,False
11556,8,33.0,2017,2022,7,0,320.3333333333333,True,False
11557,8,33.0,2011,2022,8,0,265.7878787878788,True,False
11558,12,33.0,2016,2022,7,0,268.8181818181818,True,False
11559,12,33.0,2012,2022,6,0,241.72727272727272,True,False
11560,12,33.0,2014,2022,3,0,278.3636363636364,True,False
11561,8,33.0,2018,2022,3,0,311.1212121212121,True,False
11562,8,33.0,2015,2022,1,0,333.3333333333333,True,False
11563,8,33.0,2016,2022,6,0,273.6363636363636,True,False
11564,8,33.0,2012,2022,8,0,268.8181818181818,True,False
11565,8,33.0,2017,2022,4,0,395.6969696969697,True,False
11566,8,33.0,2003,2022,8,0,176.1818181818182,True,False
11567,25,33.0,2015,2022,8,0,264.06060606060606,True,False
11568,8,33.0,2019,2022,6,0,268.8484848484849,True,False
11569,8,33.0,2013,2022,4,0,353.42424242424244,True,False
11570,8,33.0,2008,2022,5,0,268.8484848484849,True,False
11571,12,33.0,2021,2022,6,0,395.6969696969697,True,False
11572,8,33.0,2015,2022,1,0,262.75757575757575,True,False
11573,8,33.0,2015,2022,8,0,151.5151515151515,False,True
11574,12,33.0,2019,2022,9,0,145.45454545454547,False,True
11575,25,33.0,2015,2022,6,0,151.5151515151515,False,True
11576,8,33.0,2015,2022,3,0,151.5151515151515,False,True
11577,12,33.0,2012,2022,7,0,151.5151515151515,False,True
11578,8,33.0,2015,2022,8,0,166.66666666666666,False,True
11579,12,33.0,2011,2022,2,0,136.36363636363637,False,True
11580,12,33.0,2018,2022,2,0,181.8181818181818,False,True
11581,25,33.0,2015,2022,8,0,151.5151515151515,False,True
11582,8,33.0,2011,2022,2,0,121.21212121212122,False,True
11583,8,34.63,1989,2022,2,0,57.75339301183944,False,True
11584,8,35.0,2021,2022,1,0,359.6,True,False
11585,8,35.0,2014,2022,5,0,308.7142857142857,True,False
11586,8,35.0,2018,2022,3,0,267.77142857142854,True,False
11587,8,35.0,2010,2022,5,0,247.77142857142857,True,False
11588,8,35.0,2016,2022,4,0,239.8,True,False
11589,8,35.0,2008,2022,3,0,192.68571428571428,True,False
11590,8,35.0,2017,2022,1,0,142.85714285714286,False,True
11591,12,36.0,2017,2022,9,0,401.47222222222223,True,False
11592,12,36.0,2015,2022,1,0,331.3611111111111,True,False
11593,8,36.0,2008,2022,4,0,308.47222222222223,True,False
11594,8,36.3,2017,2022,5,0,258.1818181818182,True,False
11595,12,37.0,2017,2022,4,0,274.05405405405406,True,False
11596,12,38.0,2016,2022,7,0,144.73684210526315,False,True
11597,12,39.0,2003,2022,9,0,227.48717948717947,True,False
11598,8,39.6,2019,2022,8,0,176.76767676767676,False,True
11599,8,39.6,2019,2022,8,0,176.76767676767676,False,True
11600,12,40.0,2017,2022,5,0,256.675,True,False
11601,12,40.0,2021,2022,7,0,226.775,True,False
11602,8,40.0,2015,2022,9,0,284.075,True,False
11603,8,40.0,2012,2022,3,0,200.0,False,True
11604,8,40.0,2019,2022,1,0,162.5,False,True
11605,8,43.0,2016,2022,3,0,282.86046511627904,True,False
11606,8,43.0,1979,2022,5,0,164.58139534883722,True,False
11607,8,44.43,1979,2022,5,0,210.9385550303849,True,False
11608,8,45.0,2017,2022,2,0,285.73333333333335,True,False
11609,8,45.0,2014,2022,7,0,339.68888888888887,True,False
11610,8,45.0,2010,2022,7,0,228.88888888888889,True,False
11611,8,45.0,2011,2022,6,0,314.5111111111111,True,False
11612,12,45.0,2006,2022,5,0,192.7111111111111,True,False
11613,8,45.0,2016,2022,4,0,223.7111111111111,True,False
11614,12,45.23,2019,2022,2,0,110.54609772275039,False,True
11615,12,46.0,2015,2022,9,0,247.2173913043478,True,False
11616,12,46.2,2003,2022,2,0,195.30303030303028,True,False
11617,8,46.42,2013,2022,5,0,219.43127962085308,True,False
11618,12,49.5,2011,2022,1,0,223.65656565656565,True,False
11619,8,49.5,2004,2022,9,0,121.21212121212122,False,True
11620,12,49.5,2003,2022,2,0,111.11111111111111,False,True
11621,12,49.5,2003,2022,4,0,111.11111111111111,False,True
11622,12,49.5,2017,2022,5,0,161.6161616161616,False,True
11623,8,50.0,2014,2022,4,0,247.44,True,False
11624,12,50.0,2012,2022,2,0,247.44,True,False
11625,12,50.0,2021,2022,5,0,328.14,True,False
11626,25,50.0,2015,2022,3,0,319.06,True,False
11627,8,50.0,2007,2022,5,0,147.9,True,False
11628,12,50.0,2019,2022,9,0,187.9,True,False
11629,12,50.0,2019,2022,9,0,187.9,True,False
11630,8,50.0,2021,2022,8,0,341.42,True,False
11631,8,50.0,2002,2022,7,0,221.42,True,False
11632,12,50.0,2017,2022,2,0,208.52,True,False
11633,12,50.0,2007,2022,3,0,271.16,True,False
11634,12,50.0,2006,2022,6,0,211.62,True,False
11635,12,50.0,2007,2022,3,0,216.52,True,False
11636,8,50.0,2013,2022,4,0,187.44,True,False
11637,12,50.0,1994,2022,5,0,235.34,True,False
11638,12,50.0,2010,2022,2,0,227.44,True,False
11639,8,50.0,2019,2022,2,0,191.62,True,False
11640,12,50.0,1996,2022,7,0,278.58,True,False
11641,12,50.0,2021,2022,7,0,345.72,True,False
11642,12,50.0,2002,2022,3,0,182.8,True,False
11643,8,50.0,1972,2022,5,0,80.0,False,True
11644,12,50.0,2019,2022,1,0,100.0,False,True
11645,12,50.0,2012,2022,3,0,170.0,False,True
11646,12,50.0,2019,2022,2,0,180.0,False,True
11647,8,50.0,2005,2022,4,0,100.0,False,True
11648,12,50.0,2019,2022,1,0,180.0,False,True
11649,12,50.0,2007,2022,2,0,120.0,False,True
11650,12,50.0,2019,2022,3,0,240.0,False,True
11651,8,51.0,2022,2022,9,0,234.37254901960785,True,False
11652,8,52.0,2012,2022,3,0,153.84615384615384,False,True
11653,12,52.8,2008,2022,6,0,193.35227272727275,True,False
11654,8,52.8,2007,2022,5,0,168.03030303030303,True,False
11655,8,52.8,2009,2022,6,0,166.49621212121212,True,False
11656,12,52.8,2007,2022,9,0,231.45833333333334,True,False
11657,12,52.8,2012,2022,9,0,234.31818181818184,True,False
11658,8,52.8,2004,2022,6,0,249.29924242424244,True,False
11659,8,52.8,2007,2022,1,0,113.63636363636364,False,True
11660,8,52.8,2007,2022,5,0,113.63636363636364,False,True
11661,8,52.89,1973,2022,8,0,56.72149744753261,False,True
11662,12,53.0,1996,2022,7,0,132.0754716981132,False,True
11663,12,53.74,2002,2022,9,0,165.0911797543729,True,False
11664,8,54.0,2013,2022,4,0,120.37037037037037,False,True
11665,12,54.0,2011,2022,1,0,92.5925925925926,False,True
11666,8,55.0,2021,2022,1,0,314.2909090909091,True,False
11667,8,55.0,2015,2022,8,0,212.98181818181817,True,False
11668,12,55.0,2012,2022,4,0,216.9090909090909,True,False
11669,8,55.0,2007,2022,6,0,172.8909090909091,True,False
11670,8,55.0,2018,2022,1,0,187.01818181818183,True,False
11671,12,55.0,2011,2022,2,0,206.76363636363635,True,False
11672,8,55.0,2012,2022,3,0,259.6181818181818,True,False
11673,12,55.0,2017,2022,8,0,181.8181818181818,False,True
11674,8,55.0,2010,2022,4,0,127.27272727272727,False,True
11675,8,55.0,2007,2022,1,0,109.0909090909091,False,True
11676,8,55.0,2016,2022,2,0,154.54545454545453,False,True
11677,8,56.0,2018,2022,2,0,160.71428571428572,False,True
11678,8,56.0,2018,2022,2,0,160.71428571428572,False,True
11679,8,56.1,2018,2022,8,0,263.5650623885918,True,False
11680,12,56.1,2012,2022,6,0,238.36007130124776,True,False
11681,8,57.23,2017,2022,6,0,127.73021142757295,True,False
11682,8,58.0,2018,2022,1,0,204.43103448275863,True,False
11683,8,58.0,2008,2022,9,0,112.06896551724138,False,True
11684,12,58.0,2018,2022,1,0,155.17241379310346,False,True
11685,12,58.0,2009,2022,3,0,103.44827586206897,False,True
11686,12,59.0,2012,2022,2,0,229.79661016949152,True,False
11687,8,59.4,2003,2022,3,0,149.36026936026937,True,False
11688,8,60.0,2007,2022,5,0,151.55,True,False
11689,8,60.0,2015,2022,2,0,264.15,True,False
11690,12,60.0,1996,2022,8,0,270.23333333333335,True,False
11691,12,60.0,2017,2022,4,0,147.86666666666667,True,False
11692,8,60.0,2006,2022,1,0,138.1,True,False
11693,8,60.0,2010,2022,4,0,216.28333333333333,True,False
11694,8,60.0,2014,2022,2,0,239.53333333333333,True,False
11695,8,60.0,2015,2022,7,0,247.61666666666667,True,False
11696,12,60.0,2014,2022,3,0,141.66666666666666,False,True
11697,12,60.0,2005,2022,7,0,191.66666666666666,False,True
11698,12,60.0,2005,2022,7,0,191.66666666666666,False,True
11699,8,63.48,1991,2022,3,0,191.60365469439193,True,False
11700,12,63.57,1987,2022,7,0,94.38414346389807,False,True
11701,8,65.0,1979,2022,3,0,147.4,True,False
11702,8,65.0,2022,2022,8,0,200.0,False,True
11703,12,65.14,2019,2022,9,0,107.46085354620817,False,True
11704,12,66.0,2011,2022,2,0,178.28787878787878,True,False
11705,8,66.0,2010,2022,2,0,202.6060606060606,True,False
11706,8,66.0,2009,2022,4,0,139.1818181818182,True,False
11707,8,66.0,2022,2022,9,0,350.6060606060606,True,False
11708,8,66.0,2022,2022,9,0,181.8181818181818,False,True
11709,8,66.0,2022,2022,9,0,212.12121212121212,False,True
11710,8,66.02,1992,2022,2,0,118.00969403211148,True,False
11711,12,66.84,2013,2022,9,0,174.4913225613405,True,False
11712,8,67.14,1980,2022,5,0,111.36431337503724,True,False
11713,12,69.73,2019,2022,9,0,100.38720780152015,False,True
11714,12,70.0,2004,2022,8,0,142.85714285714286,False,True
11715,8,70.2,1990,2022,9,0,227.25071225071224,True,False
11716,8,72.0,1981,2022,5,0,163.43055555555554,True,False
11717,8,72.17,1955,2022,8,0,83.13703755022863,False,True
11718,8,74.7,1992,2022,2,0,138.84872824631861,True,False
11719,12,75.0,2005,2022,7,0,166.66666666666666,False,True
11720,12,75.0,2005,2022,6,0,166.66666666666666,False,True
11721,12,75.0,2005,2022,6,0,240.0,False,True
11722,12,76.26,2019,2022,5,0,118.01730920535012,False,True
11723,12,76.7,2019,2022,9,0,104.30247718383312,False,True
11724,12,76.7,2019,2022,9,0,104.30247718383312,False,True
11725,12,77.1,2022,2022,3,0,220.1945525291829,True,False
11726,12,77.1,2022,2022,3,0,168.6121919584955,False,True
11727,12,79.3,2019,2022,9,0,100.88272383354351,False,True
11728,8,80.3,2018,2022,3,0,136.986301369863,False,True
11729,8,80.47,1989,2022,7,0,62.134957126879584,False,True
11730,12,81.06,2006,2022,1,0,223.82186035035775,True,False
11731,8,82.65,1989,2022,4,0,84.97277676950998,True,False
11732,8,84.0,1997,2022,9,0,120.71428571428571,True,False
11733,8,85.56,2016,2022,2,0,140.25245441795232,False,True
11734,8,86.86,2005,2022,5,0,144.84227492516695,True,False
11735,8,87.93,1973,2022,2,0,45.490731263505054,False,True
11736,12,88.0,2005,2022,7,0,113.63636363636364,False,True
11737,12,88.0,2005,2022,7,0,113.63636363636364,False,True
11738,8,90.0,2004,2022,4,0,176.1,True,False
11739,8,95.94,2011,2022,8,0,169.75192828851365,True,False
11740,8,97.85,2015,2022,4,0,144.97700562084825,True,False
11741,8,98.34,2013,2022,6,0,121.79174293268252,True,False
11742,12,100.17,1999,2022,5,0,115.85304981531397,True,False
11743,12,102.4,2003,2022,2,0,165.791015625,True,False
11744,8,105.0,2014,2022,4,0,137.0952380952381,True,False
11745,8,109.95,2008,2022,6,0,183.17417007730785,True,False
11746,8,118.32,2018,2022,1,0,199.21399594320488,True,False
11747,12,132.91,2012,2022,7,0,56.7978331201565,True,False
11748,12,150.0,2005,2022,5,0,66.66666666666667,False,True
11749,8,14.93,1991,2022,4,0,754.6550569323509,True,False
11750,12,16.0,2001,2022,4,0,372.5,True,False
11751,12,17.0,2012,2022,1,0,461.3529411764706,True,False
11752,12,19.83,2012,2022,2,0,404.1351487644983,True,False
11753,8,19.83,2010,2022,9,0,361.9263741805346,True,False
11754,12,20.0,2003,2022,3,0,219.3,True,False
11755,12,23.1,1974,2022,5,0,183.37662337662337,True,False
11756,12,24.0,1996,2022,6,0,208.33333333333334,False,True
11757,8,24.5,2014,2022,3,0,410.8979591836735,True,False
11758,12,25.0,2012,2022,9,0,227.24,True,False
11759,12,25.31,2015,2022,1,0,265.27064401422365,True,False
11760,12,27.0,2017,2022,3,0,299.2962962962963,True,False
11761,12,27.0,2017,2022,5,0,313.962962962963,True,False
11762,12,27.23,2015,2022,2,0,284.0616966580977,True,False
11763,12,27.23,2015,2022,2,0,253.32354021300037,True,False
11764,12,28.25,2011,2022,1,0,259.929203539823,True,False
11765,12,28.25,2011,2022,2,0,254.05309734513276,True,False
11766,8,28.38,2010,2022,8,0,156.06060606060606,True,False
11767,12,28.5,2018,2022,4,0,304.280701754386,True,False
11768,12,29.24,2017,2022,1,0,303.3857729138167,True,False
11769,12,29.7,2012,2022,1,0,279.46127946127945,True,False
11770,12,29.75,2012,2022,2,0,338.38655462184875,True,False
11771,25,30.0,2009,2022,3,0,235.9,True,False
11772,12,30.0,2001,2022,9,0,142.86666666666667,True,False
11773,12,30.0,2009,2022,7,0,295.7,True,False
11774,12,30.0,2002,2022,7,0,219.53333333333333,True,False
11775,12,30.0,2017,2022,2,0,239.23333333333332,True,False
11776,12,30.0,2012,2022,3,0,239.23333333333332,True,False
11777,8,30.0,2008,2022,4,0,328.9,True,False
11778,8,30.0,2001,2022,2,0,139.86666666666667,True,False
11779,25,30.0,2011,2022,2,0,289.06666666666666,True,False
11780,8,30.0,2008,2022,8,0,228.56666666666666,True,False
11781,12,30.0,2008,2022,3,0,270.46666666666664,True,False
11782,12,30.0,2014,2022,5,0,299.23333333333335,True,False
11783,8,30.0,2005,2022,3,0,193.03333333333333,True,False
11784,12,30.0,2016,2022,6,0,335.56666666666666,True,False
11785,8,30.0,2002,2022,1,0,207.13333333333333,True,False
11786,12,30.0,2012,2022,1,0,214.3,True,False
11787,12,30.0,2011,2022,8,0,295.7,True,False
11788,12,30.0,2012,2022,2,0,270.46666666666664,True,False
11789,12,30.0,2017,2022,7,0,292.3666666666667,True,False
11790,8,30.0,2016,2022,5,0,166.66666666666666,False,True
11791,8,30.0,2008,2022,3,0,133.33333333333334,False,True
11792,12,30.0,2012,2022,3,0,150.0,False,True
11793,8,30.0,2016,2022,9,0,166.66666666666666,False,True
11794,12,31.08,2011,2022,2,0,128.70012870012872,False,True
11795,12,33.0,2016,2022,2,0,331.2121212121212,True,False
11796,12,33.0,2008,2022,5,0,172.15151515151516,True,False
11797,8,33.0,2019,2022,2,0,305.06060606060606,True,False
11798,8,33.0,2018,2022,6,0,496.1212121212121,True,False
11799,8,33.0,2018,2022,1,0,238.0909090909091,True,False
11800,12,33.0,2015,2022,2,0,268.8484848484849,True,False
11801,12,33.0,2010,2022,1,0,291.7878787878788,True,False
11802,12,33.0,2012,2022,3,0,285.1212121212121,True,False
11803,12,33.0,2018,2022,8,0,274.8787878787879,True,False
11804,12,33.0,2011,2022,4,0,212.12121212121212,False,True
11805,12,33.0,2011,2022,4,0,121.21212121212122,False,True
11806,12,33.0,2011,2022,4,0,121.21212121212122,False,True
11807,12,33.1,2011,2022,7,0,268.0060422960725,True,False
11808,8,33.38,2006,2022,2,0,134.81126423007788,False,True
11809,12,34.66,2009,2022,1,0,211.8580496249279,True,False
11810,12,34.69,2017,2022,1,0,238.8584606514846,True,False
11811,8,35.0,2017,2022,8,0,300.0,True,False
11812,8,35.0,2017,2022,2,0,293.34285714285716,True,False
11813,12,35.87,2012,2022,3,0,209.08837468636744,False,True
11814,12,36.0,2004,2022,7,0,371.02777777777777,True,False
11815,12,36.0,2010,2022,5,0,260.3333333333333,True,False
11816,12,36.2,2009,2022,1,0,122.34806629834253,True,False
11817,8,36.36,2014,2022,5,0,320.7645764576458,True,False
11818,8,38.0,2014,2022,3,0,299.0263157894737,True,False
11819,8,38.0,2014,2022,3,0,299.0263157894737,True,False
11820,12,38.0,2008,2022,4,0,262.2894736842105,True,False
11821,8,38.0,2014,2022,3,0,299.0263157894737,True,False
11822,12,40.0,2014,2022,4,0,265.65,True,False
11823,12,40.0,2013,2022,1,0,275.0,True,False
11824,8,40.0,2018,2022,6,0,184.875,True,False
11825,8,40.0,2008,2022,7,0,175.0,True,False
11826,12,40.0,2015,2022,9,0,125.0,False,True
11827,8,40.15,2017,2022,1,0,220.94645080946452,True,False
11828,8,40.9,1988,2022,2,0,139.02200488997556,True,False
11829,8,41.0,1992,2022,2,0,121.95121951219512,False,True
11830,12,42.5,2017,2022,5,0,208.75294117647059,True,False
11831,12,42.97,2014,2022,1,0,255.99255294391438,True,False
11832,8,43.37,2011,2022,2,0,182.03827530551072,True,False
11833,12,43.9,2009,2022,6,0,173.75854214123007,True,False
11834,12,45.0,2004,2022,8,0,226.9777777777778,True,False
11835,12,45.0,2008,2022,3,0,254.73333333333332,True,False
11836,12,45.0,2012,2022,5,0,293.8,True,False
11837,12,45.0,2012,2022,1,0,212.6888888888889,True,False
11838,8,46.73,2011,2022,4,0,183.62936015407664,True,False
11839,12,47.56,2012,2022,3,0,184.84020185029436,True,False
11840,12,48.12,2017,2022,1,0,204.84206151288447,True,False
11841,8,48.33,1986,2022,7,0,90.15104489964826,True,False
11842,12,49.0,2013,2022,2,0,191.26530612244898,True,False
11843,12,49.5,2010,2022,6,0,235.6161616161616,True,False
11844,12,50.0,2012,2022,6,0,203.72,True,False
11845,12,50.0,1996,2022,4,0,201.34,True,False
11846,12,50.0,2011,2022,6,0,215.34,True,False
11847,12,50.0,2011,2022,2,0,258.42,True,False
11848,8,50.0,2000,2022,1,0,134.28,True,False
11849,8,50.0,2005,2022,9,0,240.0,False,True
11850,8,50.0,2005,2022,9,0,240.0,False,True
11851,8,50.0,2005,2022,9,0,240.0,False,True
11852,8,52.0,2006,2022,1,0,115.38461538461539,False,True
11853,25,52.8,1985,2022,7,0,146.09848484848484,True,False
11854,25,53.0,2010,2022,3,0,203.1509433962264,True,False
11855,12,53.82,1995,2022,5,0,174.13600891861762,True,False
11856,12,55.0,2004,2022,2,0,221.14545454545456,True,False
11857,8,55.0,1972,2022,6,0,109.0909090909091,False,True
11858,8,55.24,1977,2022,5,0,242.07096307023895,True,False
11859,12,55.49,2016,2022,2,0,256.857091367814,True,False
11860,8,56.15,2008,2022,8,0,183.18788958147817,True,False
11861,8,56.26,2005,2022,3,0,177.74617845716318,False,True
11862,8,56.26,2005,2022,3,0,177.74617845716318,False,True
11863,8,56.26,2005,2022,3,0,177.74617845716318,False,True
11864,8,56.26,2005,2022,3,0,177.74617845716318,False,True
11865,8,57.06,1992,2022,7,0,209.06063792499123,True,False
11866,12,57.96,2003,2022,3,0,101.79434092477571,False,True
11867,12,58.0,2011,2022,2,0,177.01724137931035,True,False
11868,8,58.0,2018,2022,2,0,155.17241379310346,False,True
11869,8,58.0,2018,2022,1,0,146.55172413793105,False,True
11870,25,58.04,1989,2022,9,0,195.93383873190902,True,False
11871,12,58.35,1974,2022,6,0,198.47472150814053,True,False
11872,8,58.92,2008,2022,5,0,128.66598778004072,True,False
11873,12,59.4,2015,2022,1,0,221.26262626262627,True,False
11874,25,60.0,2005,2022,2,0,146.51666666666668,True,False
11875,12,60.0,2013,2022,6,0,186.43333333333334,True,False
11876,12,60.0,2013,2022,2,0,181.75,True,False
11877,12,60.0,2010,2022,4,0,225.96666666666667,True,False
11878,8,60.0,2005,2022,6,0,133.33333333333334,False,True
11879,8,60.0,2005,2022,6,0,133.33333333333334,False,True
11880,12,60.72,2004,2022,9,0,154.34782608695653,True,False
11881,25,63.4,1993,2022,2,0,119.57413249211356,True,False
11882,8,64.62,1996,2022,2,0,114.43825441039925,True,False
11883,8,64.62,1996,2022,6,0,114.43825441039925,True,False
11884,12,66.0,2010,2022,3,0,142.34848484848484,True,False
11885,8,66.0,2018,2022,7,0,225.1060606060606,True,False
11886,8,66.21,2002,2022,5,0,141.54961486180338,True,False
11887,12,66.68,1973,2022,9,0,185.54289142171564,True,False
11888,12,69.33,1993,2022,5,0,79.33073705466609,False,True
11889,8,69.45,1989,2022,6,0,137.95536357091433,True,False
11890,12,69.49,1990,2022,3,0,169.3337170815945,True,False
11891,12,69.84,2003,2022,7,0,179.9971363115693,True,False
11892,12,70.0,1995,2022,1,0,64.28571428571429,False,True
11893,8,70.76,2018,2022,8,0,169.58733747880157,False,True
11894,12,70.98,1995,2022,4,0,73.26007326007326,False,True
11895,8,73.27,1989,2022,5,0,122.51944861471272,True,False
11896,8,79.29,2018,2022,3,0,88.28351620633119,False,True
11897,8,80.94,1992,2022,7,0,131.49246355324934,True,False
11898,12,82.13,2012,2022,8,0,168.72032144161696,True,False
11899,8,82.5,2012,2022,2,0,234.53333333333333,True,False
11900,25,82.5,2003,2022,9,0,96.69090909090909,True,False
11901,12,82.71,1995,2022,3,0,137.49244347720955,True,False
11902,12,82.94,2018,2022,8,0,162.7682662165421,False,True
11903,12,82.94,2018,2022,8,0,162.7682662165421,False,True
11904,12,84.12,2012,2022,1,0,172.37280076081788,False,True
11905,25,86.24,1995,2022,9,0,125.39424860853433,True,False
11906,12,90.95,1995,2022,1,0,67.54260582737768,True,False
11907,12,91.0,2003,2022,8,0,167.97802197802199,True,False
11908,8,92.0,2013,2022,6,0,108.69565217391305,False,True
11909,8,95.43,2006,2022,9,0,142.07272346222362,True,False
11910,12,127.49,1987,2022,5,0,109.81253431641697,False,True
11911,12,127.49,1987,2022,5,0,109.81253431641697,False,True
11912,8,15.74,1979,2022,8,0,127.06480304955527,False,True
11913,12,21.0,2016,2022,6,0,373.0952380952381,True,False
11914,8,23.1,2010,2022,3,0,129.87012987012986,False,True
11915,8,23.14,1986,2022,6,0,129.64563526361277,False,True
11916,8,24.66,2018,2022,2,0,162.20600162206003,False,True
11917,8,24.66,2018,2022,3,0,162.20600162206003,False,True
11918,8,24.66,2018,2022,7,0,182.4817518248175,False,True
11919,8,24.66,2018,2022,5,0,162.20600162206003,False,True
11920,12,25.0,2011,2022,7,0,350.84,True,False
11921,12,25.0,2012,2022,4,0,309.4,True,False
11922,12,25.0,2012,2022,4,0,313.4,True,False
11923,12,25.0,2013,2022,7,0,324.0,True,False
11924,8,25.0,2011,2022,6,0,320.56,True,False
11925,12,26.4,2016,2022,8,0,336.0227272727273,True,False
11926,12,27.0,2013,2022,1,0,328.55555555555554,True,False
11927,12,28.8,2011,2022,2,0,243.05555555555554,False,True
11928,12,30.0,2012,2022,4,0,285.73333333333335,True,False
11929,12,30.0,2012,2022,8,0,319.03333333333336,True,False
11930,12,30.0,2018,2022,1,0,290.46666666666664,True,False
11931,8,30.0,2018,2022,5,0,272.8666666666667,True,False
11932,12,30.0,2022,2022,2,0,486.5,True,False
11933,12,30.0,2012,2022,2,0,295.73333333333335,True,False
11934,8,30.0,2018,2022,1,0,292.8666666666667,True,False
11935,12,30.0,2022,2022,2,0,312.4,True,False
11936,12,30.0,2015,2022,8,0,228.56666666666666,True,False
11937,8,30.0,2019,2022,2,0,388.76666666666665,True,False
11938,12,30.0,2022,2022,7,0,319.03333333333336,True,False
11939,8,30.0,2018,2022,2,0,362.4,True,False
11940,8,30.0,2013,2022,7,0,295.7,True,False
11941,8,30.0,2011,2022,5,0,276.43333333333334,True,False
11942,8,30.0,2019,2022,4,0,166.66666666666666,False,True
11943,12,30.0,2022,2022,6,0,150.0,False,True
11944,8,30.0,2019,2022,7,0,183.33333333333334,False,True
11945,8,30.0,2019,2022,6,0,200.0,False,True
11946,8,33.0,2018,2022,7,0,292.2121212121212,True,False
11947,8,33.0,2019,2022,1,0,359.3030303030303,True,False
11948,12,33.0,2013,2022,6,0,268.8484848484849,True,False
11949,8,33.0,2016,2022,2,0,178.63636363636363,True,False
11950,8,33.0,2012,2022,6,0,284.0,True,False
11951,8,33.0,2010,2022,7,0,123.36363636363636,True,False
11952,12,33.0,2017,2022,5,0,435.5151515151515,True,False
11953,12,33.0,2017,2022,2,0,368.57575757575756,True,False
11954,12,33.0,2018,2022,2,0,395.6969696969697,True,False
11955,12,33.0,2012,2022,9,0,262.7878787878788,True,False
11956,12,33.0,2012,2022,5,0,151.5151515151515,False,True
11957,12,33.0,2018,2022,3,0,181.8181818181818,False,True
11958,8,33.0,2018,2022,1,0,136.36363636363637,False,True
11959,12,33.0,2012,2022,3,0,106.06060606060606,False,True
11960,12,35.0,2011,2022,3,0,327.51428571428573,True,False
11961,8,35.0,1987,2022,6,0,244.9142857142857,True,False
11962,12,35.0,2018,2022,4,0,293.34285714285716,True,False
11963,12,35.0,2018,2022,4,0,324.65714285714284,True,False
11964,12,35.0,2018,2022,1,0,283.6857142857143,True,False
11965,12,35.0,2018,2022,6,0,277.4,True,False
11966,12,35.0,2012,2022,5,0,227.9142857142857,True,False
11967,8,36.0,2019,2022,2,0,166.66666666666666,False,True
11968,8,36.0,2019,2022,9,0,152.77777777777777,False,True
11969,12,39.6,2019,2022,2,0,448.0808080808081,True,False
11970,12,39.6,2019,2022,2,0,448.0808080808081,True,False
11971,12,40.0,2022,2022,2,0,281.675,True,False
11972,8,40.0,2013,2022,6,0,216.8,True,False
11973,12,40.0,2019,2022,2,0,259.3,True,False
11974,12,40.0,2018,2022,4,0,291.575,True,False
11975,12,40.0,2018,2022,1,0,298.225,True,False
11976,12,40.0,2017,2022,3,0,150.0,False,True
11977,8,40.0,2016,2022,5,0,225.0,False,True
11978,12,42.0,2018,2022,9,0,250.83333333333334,True,False
11979,12,42.0,2017,2022,6,0,180.5,True,False
11980,12,42.0,2017,2022,1,0,142.85714285714286,False,True
11981,12,43.0,2012,2022,5,0,139.53488372093022,False,True
11982,8,44.17,1980,2022,5,0,200.86031242925063,True,False
11983,12,45.0,2013,2022,2,0,197.15555555555557,True,False
11984,12,45.0,2015,2022,7,0,177.77777777777777,True,False
11985,8,45.0,2017,2022,2,0,287.9555555555556,True,False
11986,12,48.66,2019,2022,3,0,289.3752568845047,True,False
11987,8,49.5,2005,2022,5,0,181.35353535353536,True,False
11988,8,49.5,2018,2022,8,0,185.85858585858585,False,True
11989,12,49.5,2011,2022,9,0,131.31313131313132,False,True
11990,12,50.0,2004,2022,3,0,230.7,True,False
11991,8,50.0,2017,2022,3,0,344.88,True,False
11992,12,50.0,2006,2022,2,0,244.42,True,False
11993,12,50.0,2012,2022,7,0,258.58,True,False
11994,12,50.0,2005,2022,2,0,207.44,True,False
11995,12,50.0,2014,2022,1,0,231.42,True,False
11996,12,50.0,2022,2022,4,0,110.0,False,True
11997,8,50.0,2018,2022,5,0,170.0,False,True
11998,12,50.1,2017,2022,9,0,199.6007984031936,False,True
11999,12,50.1,2017,2022,9,0,199.6007984031936,False,True
12000,12,51.9,2012,2022,2,0,154.14258188824664,False,True
12001,12,52.0,2017,2022,2,0,222.71153846153845,True,False
12002,8,52.0,2018,2022,2,0,331.61538461538464,True,False
12003,8,52.0,2005,2022,6,0,96.15384615384616,False,True
12004,12,52.56,1980,2022,2,0,85.61643835616438,False,True
12005,12,52.8,2012,2022,9,0,273.7310606060606,True,False
12006,8,53.0,2017,2022,2,0,203.60377358490567,True,False
12007,8,53.0,2017,2022,1,0,204.8490566037736,True,False
12008,12,54.96,2008,2022,3,0,145.14192139737992,True,False
12009,12,55.0,2014,2022,1,0,190.9090909090909,True,False
12010,12,55.0,2013,2022,5,0,219.87272727272727,True,False
12011,8,55.0,2015,2022,8,0,287.0181818181818,True,False
12012,12,55.0,1979,2022,5,0,227.27272727272728,True,False
12013,12,55.0,2012,2022,5,0,246.5090909090909,True,False
12014,8,58.0,2018,2022,2,0,257.8103448275862,True,False
12015,8,59.5,2014,2022,1,0,187.27731092436974,True,False
12016,12,59.55,2020,2022,8,0,151.13350125944586,False,True
12017,8,60.0,2018,2022,2,0,242.63333333333333,True,False
12018,12,60.0,2011,2022,6,0,133.33333333333334,False,True
12019,12,60.42,2018,2022,9,0,78.18603111552466,True,False
12020,8,61.82,1981,2022,9,0,204.8366224522808,True,False
12021,8,66.0,1996,2022,7,0,126.62121212121212,True,False
12022,8,68.69,1979,2022,8,0,94.6280390158684,False,True
12023,8,68.93,1980,2022,5,0,101.5522994342086,False,True
12024,8,70.32,1988,2022,3,0,172.96643913538114,True,False
12025,8,72.0,2015,2022,3,0,118.05555555555556,False,True
12026,8,74.0,2012,2022,1,0,177.6081081081081,True,False
12027,8,76.33,1979,2022,2,0,135.88366304205425,True,False
12028,8,76.35,2018,2022,3,0,196.46365422396858,False,True
12029,8,84.0,1997,2022,1,0,139.45238095238096,True,False
12030,12,92.72,1978,2022,5,0,110.73123382226058,True,False
12031,12,97.5,2011,2022,6,0,169.82564102564103,True,False
12032,12,101.85,2006,2022,3,0,131.2911143838979,True,False
12033,12,104.24,2004,2022,5,0,166.43323100537222,True,False
12034,12,105.6,2016,2022,2,0,151.51515151515153,False,True
12035,8,105.84,2019,2022,7,0,141.7233560090703,False,True
12036,12,109.0,2012,2022,6,0,131.85321100917432,True,False
12037,12,115.0,2013,2022,1,0,134.16521739130434,True,False
12038,8,116.0,2005,2022,4,0,34.48275862068966,False,True
12039,12,117.3,2006,2022,4,0,132.8303495311168,True,False
12040,8,121.26,2019,2022,3,0,123.70113805047006,False,True
12041,12,33.0,2009,2022,1,0,121.21212121212122,False,True
12042,25,74.64,1995,2022,4,0,159.71329046087888,True,False
12043,8,13.22,1997,2022,1,0,392.81391830559755,True,False
12044,8,14.85,2014,2022,2,0,583.973063973064,True,False
12045,12,16.52,2018,2022,2,0,567.3123486682808,True,False
12046,12,16.52,2018,2022,2,0,524.9394673123487,True,False
12047,8,18.31,2014,2022,2,0,484.5439650464227,True,False
12048,12,19.83,2015,2022,9,0,382.2995461422088,True,False
12049,8,22.0,2020,2022,3,0,403.27272727272725,True,False
12050,8,23.1,2014,2022,2,0,399.56709956709955,True,False
12051,12,23.14,2016,2022,1,0,543.9066551426101,True,False
12052,12,24.0,2008,2022,1,0,458.3333333333333,True,False
12053,12,25.0,2015,2022,2,0,359.08,True,False
12054,12,25.52,2016,2022,1,0,411.44200626959247,True,False
12055,12,26.45,2011,2022,2,0,327.8638941398866,True,False
12056,12,27.0,2012,2022,3,0,400.962962962963,True,False
12057,12,27.0,2012,2022,2,0,400.962962962963,True,False
12058,12,27.0,2014,2022,2,0,307.9259259259259,True,False
12059,12,27.0,2011,2022,4,0,359.5925925925926,True,False
12060,12,27.0,2012,2022,1,0,410.037037037037,True,False
12061,8,28.0,2007,2022,1,0,323.9642857142857,True,False
12062,8,28.0,2007,2022,1,0,395.39285714285717,True,False
12063,12,28.0,2008,2022,1,0,375.0,True,False
12064,12,28.0,2011,2022,4,0,309.7142857142857,True,False
12065,8,28.0,2020,2022,2,0,366.67857142857144,True,False
12066,8,29.7,1997,2022,2,0,207.40740740740742,True,False
12067,25,29.75,1994,2022,8,0,417.781512605042,True,False
12068,8,29.75,1999,2022,2,0,190.9579831932773,True,False
12069,12,30.0,2003,2022,5,0,189.36666666666667,True,False
12070,12,30.0,2001,2022,2,0,295.73333333333335,True,False
12071,12,30.0,2015,2022,2,0,299.23333333333335,True,False
12072,8,30.0,2017,2022,1,0,397.6333333333333,True,False
12073,12,30.0,2014,2022,2,0,358.9,True,False
12074,12,30.0,2008,2022,2,0,313.96666666666664,True,False
12075,12,30.0,2016,2022,2,0,370.1666666666667,True,False
12076,8,30.0,2010,2022,2,0,379.06666666666666,True,False
12077,12,30.0,2008,2022,1,0,366.6666666666667,True,False
12078,12,30.0,2001,2022,2,0,295.73333333333335,True,False
12079,12,30.0,2016,2022,2,0,370.1666666666667,True,False
12080,8,30.0,2017,2022,7,0,397.6333333333333,True,False
12081,8,30.0,2005,2022,7,0,235.7,True,False
12082,8,30.0,2010,2022,9,0,116.66666666666667,False,True
12083,8,31.5,1985,2022,3,0,143.96825396825398,True,False
12084,12,33.0,2015,2022,1,0,376.6363636363636,True,False
12085,12,33.0,2014,2022,1,0,335.4848484848485,True,False
12086,12,33.0,2006,2022,4,0,242.84848484848484,True,False
12087,8,33.0,2010,2022,2,0,262.7878787878788,True,False
12088,12,33.0,2006,2022,1,0,391.7878787878788,True,False
12089,12,33.0,2010,2022,1,0,268.8181818181818,True,False
12090,8,33.0,2011,2022,6,0,284.0,True,False
12091,12,33.0,2011,2022,9,0,237.42424242424244,True,False
12092,12,33.0,2016,2022,7,0,364.06060606060606,True,False
12093,12,33.0,2007,2022,3,0,136.36363636363637,False,True
12094,12,33.0,2022,2022,3,0,181.8181818181818,False,True
12095,12,33.0,1992,2022,5,0,90.9090909090909,False,True
12096,8,35.0,2017,2022,1,0,257.14285714285717,True,False
12097,8,35.1,1986,2022,1,0,339.8575498575498,True,False
12098,12,36.0,2008,2022,2,0,238.69444444444446,True,False
12099,12,36.36,2018,2022,3,0,244.004400440044,True,False
12100,8,38.0,2008,2022,9,0,299.0263157894737,True,False
12101,12,38.74,2018,2022,6,0,134.8218895198761,True,False
12102,12,38.74,2018,2022,7,0,112.0289106866288,True,False
12103,12,39.0,2006,2022,4,0,238.51282051282053,True,False
12104,8,40.0,2008,2022,8,0,167.85,True,False
12105,8,40.0,2018,2022,1,0,407.15,True,False
12106,8,40.0,2018,2022,5,0,150.0,False,True
12107,12,41.29,2018,2022,6,0,133.25260353596514,True,False
12108,12,44.0,1995,2022,9,0,160.9318181818182,True,False
12109,8,45.0,1991,2022,6,0,266.6666666666667,False,True
12110,8,45.0,1991,2022,5,0,255.55555555555554,False,True
12111,8,45.0,1991,2022,5,0,266.6666666666667,False,True
12112,12,46.0,1994,2022,3,0,115.02173913043478,True,False
12113,8,48.0,1997,2022,3,0,265.9791666666667,True,False
12114,8,49.0,2011,2022,8,0,201.16326530612244,True,False
12115,8,49.0,2011,2022,8,0,201.16326530612244,True,False
12116,12,49.58,2011,2022,1,0,240.60104881000404,True,False
12117,12,49.58,1992,2022,2,0,100.8471157724889,False,True
12118,8,50.0,2011,2022,4,0,261.16,True,False
12119,8,50.0,2011,2022,7,0,215.72,True,False
12120,12,50.0,2007,2022,6,0,227.44,True,False
12121,12,52.44,2022,2022,2,0,181.1594202898551,False,True
12122,12,55.0,2006,2022,4,0,156.23636363636365,True,False
12123,8,55.0,2017,2022,1,0,192.2,True,False
12124,8,55.0,2017,2022,2,0,288.1636363636364,True,False
12125,8,55.0,1981,2022,3,0,90.9090909090909,False,True
12126,12,55.0,2006,2022,5,0,72.72727272727273,False,True
12127,8,55.08,1995,2022,8,0,132.2803195352215,True,False
12128,12,56.0,2019,2022,3,0,210.55357142857142,True,False
12129,12,56.0,2011,2022,4,0,128.10714285714286,True,False
12130,12,56.1,1995,2022,6,0,142.19251336898395,True,False
12131,12,56.2,1996,2022,9,0,71.17437722419929,False,True
12132,8,56.94,2021,2022,5,0,58.81629785739375,True,False
12133,12,57.41,2022,2022,2,0,165.47639784009755,False,True
12134,12,58.0,1997,2022,1,0,263.55172413793105,True,False
12135,8,58.0,1997,2022,3,0,161.58620689655172,True,False
12136,8,58.68,1998,2022,8,0,236.14519427402863,True,False
12137,8,59.0,1996,2022,8,0,127.11864406779661,False,True
12138,12,59.5,2015,2022,2,0,112.60504201680672,False,True
12139,12,60.0,2005,2022,7,0,176.18333333333334,True,False
12140,12,60.0,1994,2022,2,0,149.61666666666667,True,False
12141,12,60.0,2006,2022,5,0,194.38333333333333,True,False
12142,8,60.0,1988,2022,9,0,73.8,True,False
12143,12,60.0,2011,2022,1,0,125.0,False,True
12144,8,60.47,1995,2022,2,0,187.29948734909874,True,False
12145,8,62.0,1998,2022,7,0,96.7741935483871,False,True
12146,12,65.16,1988,2022,9,0,186.66359729895643,True,False
12147,8,66.11,1991,2022,3,0,170.42807442141884,True,False
12148,12,69.0,2004,2022,8,0,143.8985507246377,True,False
12149,8,69.12,1989,2022,8,0,115.74074074074073,False,True
12150,8,75.21,1991,2022,6,0,172.8493551389443,False,True
12151,8,75.21,1991,2022,6,0,172.8493551389443,False,True
12152,8,75.26,1992,2022,2,0,198.6845601913367,True,False
12153,12,80.0,2015,2022,9,0,211.9125,True,False
12154,12,80.0,1995,2022,4,0,43.75,False,True
12155,8,80.05,1986,2022,8,0,130.28107432854466,True,False
12156,8,81.54,1994,2022,5,0,146.8849644346333,True,False
12157,12,81.7,1989,2022,1,0,73.43941248470011,False,True
12158,12,81.88,1991,2022,6,0,194.83390327308257,True,False
12159,12,82.64,1996,2022,4,0,96.80542110358179,False,True
12160,12,85.29,1996,2022,1,0,643.1820846523625,True,False
12161,12,85.29,1996,2022,8,0,140.69644741470276,False,True
12162,12,87.75,1995,2022,5,0,100.18233618233619,True,False
12163,12,87.75,1995,2022,2,0,100.18233618233619,True,False
12164,12,90.09,1996,2022,3,0,116.93861693861693,True,False
12165,8,93.0,2017,2022,7,0,205.83870967741936,True,False
12166,12,94.89,1994,2022,1,0,84.30814627463378,False,True
12167,8,97.1,1994,2022,6,0,82.389289392379,False,True
12168,12,99.9,1996,2022,9,0,85.43543543543544,True,False
12169,8,104.69,1997,2022,8,0,109.1699302703219,True,False
12170,12,110.53,1996,2022,6,0,182.21297385325252,True,False
12171,12,122.4,2005,2022,3,0,148.390522875817,True,False
12172,8,19.8,1988,2022,3,0,422.8282828282828,True,False
12173,8,28.5,2019,2022,6,0,175.43859649122808,False,True
12174,8,30.0,2017,2022,7,0,209.53333333333333,True,False
12175,8,30.0,2017,2022,9,0,234.1,True,False
12176,8,33.0,2017,2022,2,0,262.7878787878788,True,False
12177,8,33.0,2019,2022,1,0,121.21212121212122,False,True
12178,8,40.0,2018,2022,2,0,259.3,True,False
12179,8,42.9,2003,2022,5,0,304.3822843822844,True,False
12180,8,47.75,1998,2022,4,0,73.29842931937172,False,True
12181,25,49.5,2003,2022,6,0,132.94949494949495,True,False
12182,8,49.59,1955,2022,8,0,60.49606775559588,False,True
12183,8,109.08,2018,2022,5,0,100.84341767510084,False,True
12184,8,109.08,2018,2022,6,0,100.84341767510084,False,True
12185,8,30.0,2006,2022,1,0,263.8,True,False
12186,8,46.0,1985,2022,1,0,177.02173913043478,True,False
12187,8,70.0,1994,2022,3,0,121.42857142857143,False,True
12188,8,70.0,1994,2022,2,0,142.85714285714286,False,True
12189,8,70.0,1994,2022,3,0,142.85714285714286,False,True
12190,8,26.04,2019,2022,3,0,303.18740399385564,True,False
12191,12,28.14,2009,2022,9,0,126.43923240938166,True,False
12192,12,30.0,2017,2022,1,0,433.3333333333333,True,False
12193,12,30.0,2004,2022,2,0,285.73333333333335,True,False
12194,12,38.0,2017,2022,4,0,309.6578947368421,True,False
12195,8,40.0,2017,2022,6,0,221.8,True,False
12196,8,45.0,2017,2022,9,0,249.0888888888889,True,False
12197,8,50.0,2017,2022,2,0,199.54,True,False
12198,8,50.0,2011,2022,3,0,140.0,False,True
12199,8,68.92,1987,2022,2,0,94.31224608241439,False,True
12200,8,70.44,1987,2022,9,0,153.19420783645657,True,False
12201,8,70.44,1987,2022,9,0,153.19420783645657,True,False
12202,8,75.27,1986,2022,1,0,172.71157167530225,True,False
12203,8,75.27,1986,2022,1,0,172.71157167530225,True,False
12204,8,80.0,2010,2022,6,0,204.3625,True,False
12205,8,80.0,1997,2022,3,0,123.6875,True,False
12206,12,85.36,1987,2022,6,0,186.8908153701968,True,False
12207,12,92.87,1991,2022,5,0,111.68299773877463,True,False
12208,8,93.9,1987,2022,2,0,94.48349307774227,True,False
12209,12,98.73,1988,2022,4,0,81.02906917856781,False,True
12210,12,12.0,1975,2022,3,0,631.75,True,False
12211,12,19.0,1991,2022,6,0,383.0,True,False
12212,8,21.0,2012,2022,8,0,422.42857142857144,True,False
12213,12,21.0,2012,2022,7,0,354.42857142857144,True,False
12214,12,23.1,2008,2022,1,0,454.5454545454545,True,False
12215,8,23.14,2017,2022,2,0,491.0544511668107,True,False
12216,12,26.4,2012,2022,3,0,336.06060606060606,True,False
12217,8,29.0,2016,2022,5,0,299.0344827586207,True,False
12218,12,29.0,2014,2022,1,0,320.2068965517241,True,False
12219,12,29.0,2014,2022,6,0,448.2758620689655,True,False
12220,8,29.7,2010,2022,4,0,392.6936026936027,True,False
12221,8,30.0,2001,2022,5,0,186.73333333333332,True,False
12222,12,30.0,2012,2022,3,0,285.73333333333335,True,False
12223,8,30.0,2005,2022,4,0,166.66666666666666,False,True
12224,12,33.0,2015,2022,8,0,329.42424242424244,True,False
12225,8,33.0,2013,2022,2,0,344.3333333333333,True,False
12226,8,33.0,2012,2022,2,0,311.1212121212121,True,False
12227,8,33.0,2012,2022,7,0,290.030303030303,True,False
12228,8,33.0,2015,2022,1,0,274.8787878787879,True,False
12229,12,33.0,2003,2022,5,0,151.5151515151515,False,True
12230,12,33.0,2017,2022,3,0,90.9090909090909,False,True
12231,12,33.0,2017,2022,3,0,121.21212121212122,False,True
12232,12,33.0,2017,2022,3,0,151.5151515151515,False,True
12233,12,33.25,2012,2022,1,0,258.22556390977445,True,False
12234,8,35.0,2014,2022,1,0,114.28571428571429,False,True
12235,12,35.03,2020,2022,6,0,133.1715672280902,True,False
12236,12,36.0,2003,2022,9,0,217.63888888888889,True,False
12237,8,36.0,2017,2022,8,0,286.1111111111111,True,False
12238,12,38.0,2014,2022,8,0,313.92105263157896,True,False
12239,8,38.0,2018,2022,6,0,272.94736842105266,True,False
12240,8,38.0,2017,2022,4,0,343.63157894736844,True,False
12241,8,38.0,2018,2022,6,0,353.05263157894734,True,False
12242,12,38.0,2014,2022,8,0,278.1842105263158,True,False
12243,12,39.0,2014,2022,5,0,299.05128205128204,True,False
12244,12,40.0,2013,2022,4,0,242.725,True,False
12245,8,40.0,2017,2022,1,0,319.65,True,False
12246,8,40.0,2003,2022,8,0,275.0,True,False
12247,8,42.0,2008,2022,4,0,119.04761904761905,False,True
12248,12,42.23,2020,2022,6,0,123.67984844896993,True,False
12249,8,45.0,2009,2022,9,0,190.48888888888888,True,False
12250,8,45.2,2016,2022,8,0,211.74778761061947,True,False
12251,12,49.5,1991,2022,5,0,235.6161616161616,True,False
12252,8,50.0,2017,2022,5,0,245.34,True,False
12253,8,50.0,2008,2022,1,0,211.42,True,False
12254,12,50.0,2001,2022,5,0,173.44,True,False
12255,8,52.0,2013,2022,7,0,222.51923076923077,True,False
12256,8,53.35,2005,2022,1,0,192.80224929709465,True,False
12257,12,55.0,2015,2022,3,0,233.78181818181818,True,False
12258,12,55.0,2018,2022,6,0,271.8727272727273,True,False
12259,8,55.0,2016,2022,1,0,259.74545454545455,True,False
12260,8,55.0,2015,2022,3,0,300.2181818181818,True,False
12261,8,55.0,2015,2022,3,0,300.2181818181818,True,False
12262,8,56.0,2016,2022,4,0,188.94642857142858,True,False
12263,8,57.75,2008,2022,6,0,140.25974025974025,False,True
12264,12,58.0,2018,2022,8,0,137.93103448275863,False,True
12265,8,59.5,2007,2022,3,0,157.51260504201682,True,False
12266,8,60.0,2017,2022,7,0,211.9,True,False
12267,8,63.0,2012,2022,2,0,164.63492063492063,True,False
12268,8,64.3,2018,2022,1,0,139.96889580093313,False,True
12269,8,66.0,2017,2022,4,0,202.6060606060606,True,False
12270,12,67.26,2003,2022,4,0,74.3383883437407,False,True
12271,8,70.0,1993,2022,5,0,148.17142857142858,True,False
12272,8,76.74,2005,2022,2,0,183.48970549908785,True,False
12273,8,83.14,1990,2022,4,0,213.42314168871783,True,False
12274,8,83.4,1981,2022,3,0,170.09592326139088,True,False
12275,8,83.4,1981,2022,3,0,170.09592326139088,True,False
12276,12,84.35,2011,2022,4,0,206.50859513930055,True,False
12277,8,94.85,2017,2022,8,0,174.7074327886136,True,False
12278,12,97.75,2015,2022,6,0,122.7621483375959,False,True
12279,8,32.07,1955,2022,2,0,159.74430932335517,True,False
12280,12,30.0,2012,2022,9,0,295.73333333333335,True,False
12281,8,47.17,1978,2022,1,0,142.33623065507737,True,False
12282,8,48.0,1983,2022,2,0,130.85416666666666,True,False
12283,8,48.0,2011,2022,8,0,208.33333333333334,False,True
12284,25,50.0,2014,2022,1,0,137.14,True,False
12285,8,56.15,2011,2022,6,0,227.8005342831701,True,False
12286,8,60.0,2019,2022,1,0,290.48333333333335,True,False
12287,8,61.65,1989,2022,5,0,98.63746958637469,True,False
12288,8,66.0,2010,2022,8,0,190.46969696969697,True,False
12289,8,75.12,2019,2022,6,0,93.18423855165068,False,True
12290,8,84.26,1980,2022,2,0,142.41633040588653,False,True
12291,8,84.55,2013,2022,3,0,162.8267297457126,True,False
12292,8,129.7,2001,2022,2,0,42.40555127216654,False,True
12293,12,72.84,2002,2022,6,0,219.01427786930256,True,False
12294,12,21.0,2016,2022,4,0,296.8095238095238,True,False
12295,12,23.1,2016,2022,2,0,359.9134199134199,True,False
12296,12,23.1,2016,2022,2,0,359.9134199134199,True,False
12297,12,25.0,2017,2022,1,0,350.84,True,False
12298,12,27.0,2015,2022,5,0,296.81481481481484,True,False
12299,12,32.0,2014,2022,2,0,355.09375,True,False
12300,12,33.0,2014,2022,7,0,352.3939393939394,True,False
12301,12,33.0,2014,2022,8,0,268.8181818181818,True,False
12302,12,33.0,2014,2022,2,0,256.72727272727275,True,False
12303,12,33.0,2015,2022,2,0,339.7878787878788,True,False
12304,12,36.0,2016,2022,4,0,246.44444444444446,True,False
12305,12,36.0,2017,2022,4,0,279.6388888888889,True,False
12306,12,38.2,2017,2022,4,0,263.5340314136125,True,False
12307,25,40.0,2018,2022,5,0,305.525,True,False
12308,12,50.0,2013,2022,2,0,268.32,True,False
12309,12,50.0,2014,2022,4,0,120.0,False,True
12310,12,58.0,2019,2022,9,0,249.18965517241378,True,False
12311,12,60.0,2013,2022,4,0,210.08333333333334,True,False
12312,25,60.0,2018,2022,1,0,275.0,True,False
12313,12,79.2,2019,2022,2,0,221.6919191919192,True,False
12314,8,15.0,1968,2022,6,0,385.4,True,False
12315,12,20.0,2004,2022,3,0,461.5,True,False
12316,8,20.38,2014,2022,1,0,196.27085377821393,False,True
12317,8,25.0,2016,2022,3,0,319.08,True,False
12318,8,25.0,2012,2022,2,0,346.88,True,False
12319,8,25.0,2012,2022,1,0,420.0,True,False
12320,8,25.0,2002,2022,7,0,232.56,True,False
12321,8,28.0,2001,2022,6,0,220.0,True,False
12322,8,30.0,2015,2022,5,0,284.5,True,False
12323,8,30.0,2015,2022,1,0,302.3666666666667,True,False
12324,8,33.0,2012,2022,2,0,285.75757575757575,True,False
12325,8,33.0,1992,2022,4,0,184.27272727272728,True,False
12326,8,40.0,2003,2022,2,0,100.0,False,True
12327,8,82.5,1987,2022,5,0,130.5090909090909,True,False
12328,25,145.62,2005,2022,9,0,127.12539486334295,True,False
12329,12,26.4,2011,2022,1,0,397.72727272727275,True,False
12330,12,30.0,2011,2022,7,0,302.3666666666667,True,False
12331,12,33.0,2012,2022,1,0,136.36363636363637,False,True
12332,12,36.0,2016,2022,8,0,138.88888888888889,False,True
12333,12,36.0,2016,2022,2,0,138.88888888888889,False,True
12334,8,40.0,2017,2022,9,0,246.225,True,False
12335,8,44.49,1977,2022,4,0,101.14632501685772,False,True
12336,12,52.0,2012,2022,1,0,134.6153846153846,False,True
12337,8,65.65,1995,2022,7,0,94.65346534653465,True,False
12338,8,66.0,1992,2022,6,0,114.86363636363636,True,False
12339,12,85.0,2016,2022,2,0,117.6470588235294,False,True
12340,12,85.0,2016,2022,2,0,117.6470588235294,False,True
12341,8,30.0,2016,2022,1,0,319.03333333333336,True,False
12342,12,16.5,2016,2022,4,0,622.2424242424242,True,False
12343,8,19.8,2014,2022,6,0,480.25252525252523,True,False
12344,8,19.8,2014,2022,2,0,437.979797979798,True,False
12345,25,25.0,2017,2022,8,0,477.16,True,False
12346,25,26.0,2018,2022,4,0,555.8846153846154,True,False
12347,8,27.0,2013,2022,7,0,381.48148148148147,True,False
12348,25,30.0,2016,2022,1,0,292.8666666666667,True,False
12349,12,30.0,2016,2022,2,0,342.23333333333335,True,False
12350,12,30.0,2016,2022,2,0,342.23333333333335,True,False
12351,12,30.0,2015,2022,8,0,330.96666666666664,True,False
12352,12,30.0,2016,2022,1,0,397.6333333333333,True,False
12353,12,30.0,2016,2022,2,0,405.43333333333334,True,False
12354,25,30.0,2016,2022,8,0,428.56666666666666,True,False
12355,12,30.0,2018,2022,3,0,360.8666666666667,True,False
12356,25,30.0,2013,2022,1,0,292.3666666666667,True,False
12357,12,30.0,2018,2022,7,0,369.03333333333336,True,False
12358,25,30.0,2018,2022,9,0,289.06666666666666,True,False
12359,12,32.0,2018,2022,7,0,417.40625,True,False
12360,12,32.0,2018,2022,3,0,408.0625,True,False
12361,25,33.0,2016,2022,1,0,333.3333333333333,True,False
12362,12,33.0,2017,2022,5,0,368.57575757575756,True,False
12363,25,33.0,2011,2022,1,0,268.8181818181818,True,False
12364,12,33.0,2016,2022,1,0,361.4848484848485,True,False
12365,12,33.0,2017,2022,5,0,437.969696969697,True,False
12366,12,33.0,2017,2022,5,0,437.969696969697,True,False
12367,12,33.0,2016,2022,2,0,410.8484848484849,True,False
12368,12,33.0,2015,2022,3,0,319.6060606060606,True,False
12369,25,33.0,2016,2022,4,0,353.42424242424244,True,False
12370,12,33.0,2017,2022,6,0,370.3333333333333,True,False
12371,12,33.0,2019,2022,1,0,406.93939393939394,True,False
12372,12,33.0,2016,2022,4,0,353.42424242424244,True,False
12373,12,33.0,2016,2022,2,0,326.27272727272725,True,False
12374,12,33.0,2016,2022,2,0,410.8484848484849,True,False
12375,12,33.0,2013,2022,3,0,302.6666666666667,True,False
12376,12,33.0,2015,2022,2,0,353.42424242424244,True,False
12377,12,33.0,2016,2022,3,0,395.6969696969697,True,False
12378,12,33.0,2017,2022,7,0,326.8484848484849,True,False
12379,12,33.0,2016,2022,1,0,361.4848484848485,True,False
12380,12,33.0,2016,2022,4,0,284.0,True,False
12381,12,33.0,2018,2022,6,0,136.36363636363637,False,True
12382,8,33.0,2014,2022,2,0,121.21212121212122,False,True
12383,12,33.0,2019,2022,6,0,212.12121212121212,False,True
12384,12,33.06,2016,2022,4,0,378.1004234724743,True,False
12385,25,33.12,2016,2022,7,0,375.2717391304348,True,False
12386,12,33.5,2015,2022,1,0,270.7761194029851,True,False
12387,25,34.59,2019,2022,5,0,377.5079502746458,True,False
12388,25,35.0,2016,2022,7,0,340.8285714285714,True,False
12389,12,35.0,2016,2022,2,0,242.2,True,False
12390,25,36.0,2015,2022,7,0,371.02777777777777,True,False
12391,12,36.0,2017,2022,2,0,376.6111111111111,True,False
12392,25,36.3,2011,2022,2,0,359.72451790633613,True,False
12393,25,36.3,2013,2022,1,0,255.81267217630855,True,False
12394,12,39.0,2016,2022,8,0,264.1025641025641,True,False
12395,8,39.0,2018,2022,2,0,277.05128205128204,True,False
12396,12,39.0,2016,2022,6,0,313.35897435897436,True,False
12397,12,39.0,2017,2022,2,0,320.5128205128205,True,False
12398,12,39.88,2016,2022,4,0,362.41223671013034,True,False
12399,25,40.0,2017,2022,8,0,346.425,True,False
12400,12,40.0,2018,2022,1,0,348.225,True,False
12401,12,40.0,2017,2022,9,0,216.8,True,False
12402,12,40.0,2016,2022,3,0,361.325,True,False
12403,25,40.0,2017,2022,8,0,369.65,True,False
12404,12,40.0,2016,2022,3,0,245.35,True,False
12405,12,40.0,2018,2022,6,0,326.45,True,False
12406,12,40.2,2016,2022,8,0,277.1890547263681,True,False
12407,25,42.0,2018,2022,2,0,310.9047619047619,True,False
12408,25,42.9,2016,2022,5,0,280.20979020979024,True,False
12409,12,43.0,2016,2022,5,0,315.30232558139534,True,False
12410,12,49.58,2016,2022,3,0,344.2920532472771,True,False
12411,12,50.0,2017,2022,3,0,344.88,True,False
12412,12,50.0,2017,2022,3,0,326.98,True,False
12413,12,50.0,2017,2022,9,0,326.98,True,False
12414,12,50.0,2013,2022,4,0,180.0,False,True
12415,12,50.0,2013,2022,4,0,180.0,False,True
12416,25,52.8,2013,2022,5,0,230.3598484848485,True,False
12417,12,52.8,2003,2022,1,0,238.08712121212122,True,False
12418,25,52.8,2012,2022,8,0,151.51515151515153,False,True
12419,12,54.0,2012,2022,2,0,138.88888888888889,False,True
12420,12,55.0,2013,2022,2,0,181.4,True,False
12421,25,55.21,2013,2022,6,0,270.8386161927187,True,False
12422,12,55.7,2012,2022,2,0,134.64991023339317,False,True
12423,12,55.82,2018,2022,3,0,273.3070584020065,True,False
12424,12,55.99,2012,2022,1,0,285.76531523486335,True,False
12425,25,56.0,2016,2022,1,0,252.55357142857142,True,False
12426,12,56.0,2017,2022,3,0,249.58928571428572,True,False
12427,12,56.4,2014,2022,8,0,159.5744680851064,False,True
12428,12,58.0,2016,2022,2,0,305.9310344827586,True,False
12429,25,58.0,2016,2022,6,0,281.87931034482756,True,False
12430,12,58.32,2018,2022,3,0,222.51371742112482,True,False
12431,12,58.64,2019,2022,4,0,273.243519781719,True,False
12432,12,59.0,2017,2022,4,0,233.74576271186442,True,False
12433,25,59.0,2016,2022,6,0,189.59322033898306,True,False
12434,12,59.0,2018,2022,1,0,203.38983050847457,True,False
12435,12,59.0,2018,2022,1,0,203.38983050847457,True,False
12436,25,59.0,2014,2022,3,0,300.7457627118644,True,False
12437,12,59.0,2017,2022,5,0,294.0508474576271,True,False
12438,12,59.0,2012,2022,7,0,227.61016949152543,True,False
12439,12,59.0,2017,2022,7,0,331.7118644067797,True,False
12440,25,59.0,2015,2022,4,0,246.74576271186442,True,False
12441,25,59.0,2014,2022,8,0,291.76271186440675,True,False
12442,25,59.0,2014,2022,7,0,240.91525423728814,True,False
12443,12,59.0,2012,2022,7,0,135.59322033898306,False,True
12444,12,59.0,2012,2022,7,0,135.59322033898306,False,True
12445,12,59.32,2017,2022,9,0,245.4146999325691,True,False
12446,12,59.4,2016,2022,7,0,143.0976430976431,False,True
12447,25,59.5,2013,2022,1,0,220.890756302521,True,False
12448,12,60.0,2018,2022,8,0,245.23333333333332,True,False
12449,12,60.0,2016,2022,1,0,214.28333333333333,True,False
12450,25,60.0,2016,2022,9,0,264.15,True,False
12451,25,60.0,2016,2022,7,0,302.3833333333333,True,False
12452,25,60.0,2016,2022,7,0,302.3833333333333,True,False
12453,25,60.0,2018,2022,6,0,298.45,True,False
12454,12,60.0,2016,2022,8,0,266.6666666666667,True,False
12455,12,60.0,2011,2022,9,0,240.88333333333333,True,False
12456,25,60.0,2016,2022,1,0,245.23333333333332,True,False
12457,12,60.0,2014,2022,2,0,226.35,True,False
12458,12,60.0,2014,2022,8,0,228.56666666666666,True,False
12459,25,60.0,2013,2022,3,0,236.05,True,False
12460,12,60.0,2016,2022,5,0,225.96666666666667,True,False
12461,25,60.0,2016,2022,8,0,280.95,True,False
12462,25,60.0,2012,2022,3,0,116.66666666666667,False,True
12463,12,60.0,2018,2022,4,0,216.66666666666666,False,True
12464,25,62.0,2016,2022,6,0,260.69354838709677,True,False
12465,25,63.0,2017,2022,4,0,281.6507936507937,True,False
12466,25,63.0,2015,2022,3,0,234.3968253968254,True,False
12467,25,63.0,2011,2022,6,0,142.85714285714286,False,True
12468,25,63.49,2022,2022,1,0,382.5169318002835,True,False
12469,25,63.49,2022,2022,1,0,382.5169318002835,True,False
12470,12,65.0,2013,2022,2,0,159.92307692307693,True,False
12471,12,66.0,2016,2022,4,0,256.8636363636364,True,False
12472,25,66.0,2018,2022,4,0,308.6666666666667,True,False
12473,25,66.0,2018,2022,4,0,308.6666666666667,True,False
12474,12,66.0,2013,2022,7,0,183.9848484848485,True,False
12475,12,66.0,2011,2022,3,0,121.21212121212122,False,True
12476,25,69.0,2013,2022,2,0,234.2463768115942,True,False
12477,12,70.0,2016,2022,1,0,216.32857142857142,True,False
12478,12,70.0,2014,2022,2,0,135.0,False,True
12479,25,70.0,2016,2022,3,0,185.71428571428572,False,True
12480,12,72.7,2011,2022,1,0,196.50618982118294,True,False
12481,12,76.03,2022,2022,5,0,240.72076811784822,True,False
12482,12,77.0,2012,2022,5,0,260.038961038961,True,False
12483,25,78.43,2022,2022,3,0,328.5349993624888,True,False
12484,8,80.0,2014,2022,2,0,112.5,False,True
12485,25,80.59,2016,2022,8,0,186.12731108077924,False,True
12486,12,80.88,2011,2022,3,0,105.09396636993077,False,True
12487,25,83.0,2015,2022,9,0,245.16867469879517,True,False
12488,25,84.0,2012,2022,2,0,204.5952380952381,True,False
12489,25,84.0,2011,2022,9,0,318.3809523809524,True,False
12490,25,84.0,2012,2022,2,0,154.76190476190476,False,True
12491,25,90.0,2016,2022,1,0,247.62222222222223,True,False
12492,12,99.0,2017,2022,3,0,250.17171717171718,True,False
12493,25,99.0,2016,2022,8,0,184.7070707070707,True,False
12494,25,99.0,2016,2022,2,0,202.02020202020202,False,True
12495,12,110.0,2018,2022,8,0,241.55454545454546,True,False
12496,12,113.0,2016,2022,5,0,199.42477876106196,True,False
12497,12,120.0,2013,2022,9,0,169.76666666666668,True,False
12498,12,125.0,2017,2022,1,0,219.432,True,False
12499,25,130.0,2016,2022,3,0,192.30769230769232,False,True
12500,12,135.62,2016,2022,6,0,92.90665093644004,False,True
12501,12,135.62,2016,2022,6,0,92.90665093644004,False,True
12502,25,140.0,2016,2022,5,0,128.57142857142858,False,True
12503,12,23.0,2017,2022,1,0,478.2608695652174,True,False
12504,12,49.29,2021,2022,1,0,357.94278758368836,True,False
12505,12,57.9,2016,2022,4,0,242.7979274611399,True,False
12506,12,62.93,2019,2022,5,0,370.66581916415066,True,False
12507,12,68.86,2017,2022,8,0,290.4443799012489,False,True
12508,30,76.0,2016,2022,5,0,209.9078947368421,True,False
12509,30,76.0,2016,2022,5,0,198.89473684210526,True,False
12510,12,79.24,2017,2022,9,0,198.76325088339223,False,True
12511,12,80.0,2021,2022,6,0,324.125,True,False
12512,30,82.37,2016,2022,3,0,201.01978875804298,True,False
12513,12,85.95,2020,2022,2,0,273.8219895287958,True,False
12514,25,94.34,2015,2022,2,0,167.12953148187407,True,False
12515,30,99.0,2016,2022,5,0,245.7171717171717,True,False
12516,12,99.28,2018,2022,2,0,332.3932312651088,False,True
12517,12,105.84,2022,2022,4,0,282.56802721088434,True,False
12518,12,113.69,2017,2022,5,0,166.24153399595392,False,True
12519,8,119.92,2019,2022,8,0,166.7778519012675,False,True
12520,12,123.23,2019,2022,3,0,162.2981416862777,False,True
12521,12,131.93,2018,2022,1,0,140.7640415371788,True,False
12522,12,131.93,2018,2022,1,0,140.7640415371788,True,False
12523,12,133.05,2021,2022,7,0,237.2867343104096,True,False
12524,12,141.0,2018,2022,2,0,185.81560283687944,False,True
12525,12,198.57,2021,2022,4,0,227.20451226267815,True,False
12526,12,15.0,2014,2022,2,0,422.6666666666667,True,False
12527,8,15.0,2016,2022,2,0,615.3333333333334,True,False
12528,12,15.0,2014,2022,2,0,422.6666666666667,True,False
12529,12,16.09,2015,2022,4,0,356.9919204474829,True,False
12530,12,16.09,2015,2022,2,0,186.45121193287756,False,True
12531,25,18.0,2016,2022,1,0,714.2777777777778,True,False
12532,12,18.0,2018,2022,1,0,370.6111111111111,True,False
12533,8,18.0,2016,2022,2,0,194.44444444444446,False,True
12534,12,18.09,2014,2022,2,0,319.5688225538972,True,False
12535,12,18.5,2016,2022,8,0,339.7837837837838,True,False
12536,12,18.5,2016,2022,2,0,189.1891891891892,False,True
12537,12,19.95,2018,2022,7,0,150.37593984962407,False,True
12538,12,19.95,2018,2022,1,0,175.43859649122808,False,True
12539,12,20.0,2014,2022,9,0,428.6,True,False
12540,12,20.0,2018,2022,1,0,386.45,True,False
12541,12,20.0,2016,2022,9,0,325.95,True,False
12542,12,20.0,2013,2022,1,0,525.0,True,False
12543,12,20.0,2016,2022,5,0,284.05,True,False
12544,12,20.09,2014,2022,4,0,223.99203583872574,False,True
12545,12,20.25,2015,2022,2,0,305.48148148148147,True,False
12546,12,20.25,2015,2022,2,0,381.9753086419753,True,False
12547,12,21.0,2016,2022,8,0,299.3333333333333,True,False
12548,8,21.0,2015,2022,7,0,422.42857142857144,True,False
12549,12,21.0,2013,2022,2,0,479.3809523809524,True,False
12550,12,21.0,2015,2022,1,0,190.47619047619048,False,True
12551,12,22.0,2017,2022,8,0,442.22727272727275,True,False
12552,12,22.0,2017,2022,2,0,394.1818181818182,True,False
12553,12,22.0,2016,2022,2,0,194.8181818181818,True,False
12554,12,23.0,1997,2022,3,0,321.1304347826087,True,False
12555,12,23.0,2015,2022,2,0,331.95652173913044,True,False
12556,12,23.0,2013,2022,9,0,108.69565217391305,False,True
12557,12,23.1,2017,2022,2,0,339.1774891774892,True,False
12558,8,23.1,2013,2022,1,0,151.5151515151515,False,True
12559,12,24.09,2014,2022,1,0,317.26857617268575,True,False
12560,12,24.84,2019,2022,6,0,221.4975845410628,True,False
12561,12,25.0,1989,2022,3,0,275.92,True,False
12562,8,25.0,2007,2022,3,0,227.24,True,False
12563,12,25.0,2010,2022,2,0,444.2,True,False
12564,12,25.0,2014,2022,2,0,342.88,True,False
12565,12,25.0,2012,2022,8,0,354.84,True,False
12566,12,25.0,2016,2022,2,0,331.72,True,False
12567,12,25.0,2016,2022,7,0,346.84,True,False
12568,8,25.0,2007,2022,7,0,266.84,True,False
12569,12,25.0,2014,2022,1,0,232.56,True,False
12570,12,25.0,2011,2022,8,0,377.16,True,False
12571,12,25.0,2014,2022,2,0,346.88,True,False
12572,12,25.0,2007,2022,3,0,346.88,True,False
12573,12,25.0,2017,2022,2,0,331.72,True,False
12574,12,25.0,1980,2022,3,0,343.72,True,False
12575,8,25.0,2013,2022,2,0,341.4,True,False
12576,8,25.0,2014,2022,8,0,305.16,True,False
12577,12,25.0,2014,2022,1,0,343.44,True,False
12578,12,25.0,2011,2022,2,0,140.0,False,True
12579,12,25.0,2011,2022,4,0,180.0,False,True
12580,12,25.0,2016,2022,9,0,160.0,False,True
12581,12,25.0,2016,2022,2,0,120.0,False,True
12582,12,25.25,2016,2022,1,0,377.38613861386136,True,False
12583,8,25.41,2013,2022,2,0,177.0956316410862,False,True
12584,12,27.0,2014,2022,7,0,318.0,True,False
12585,12,27.0,2011,2022,8,0,129.62962962962962,False,True
12586,12,27.0,2016,2022,2,0,148.14814814814815,False,True
12587,8,27.84,2011,2022,2,0,307.9022988505747,True,False
12588,12,28.0,2017,2022,2,0,309.7142857142857,True,False
12589,8,28.0,2009,2022,3,0,217.17857142857142,True,False
12590,12,28.0,2003,2022,2,0,286.5357142857143,True,False
12591,12,28.0,2007,2022,2,0,272.67857142857144,True,False
12592,12,28.0,2004,2022,1,0,306.64285714285717,True,False
12593,12,28.0,2015,2022,1,0,292.85714285714283,True,False
12594,12,28.0,2012,2022,2,0,336.0357142857143,True,False
12595,12,28.0,2004,2022,1,0,306.64285714285717,True,False
12596,25,28.0,2016,2022,9,0,316.85714285714283,True,False
12597,12,28.0,2011,2022,7,0,360.7142857142857,True,False
12598,8,28.0,2011,2022,1,0,142.85714285714286,False,True
12599,12,28.8,2022,2022,6,0,142.60416666666666,True,False
12600,12,28.8,2004,2022,1,0,301.59722222222223,True,False
12601,8,29.0,2008,2022,5,0,315.55172413793105,True,False
12602,8,29.7,2006,2022,7,0,291.95286195286195,True,False
12603,8,30.0,2011,2022,1,0,304.76666666666665,True,False
12604,8,30.0,2011,2022,8,0,366.6666666666667,True,False
12605,12,30.0,2010,2022,2,0,285.73333333333335,True,False
12606,8,30.0,2002,2022,3,0,234.1,True,False
12607,12,30.0,2019,2022,2,0,286.43333333333334,True,False
12608,12,30.0,2007,2022,8,0,295.7,True,False
12609,25,30.0,2001,2022,3,0,307.6666666666667,True,False
12610,25,30.0,2012,2022,2,0,358.9,True,False
12611,8,30.0,2013,2022,2,0,312.4,True,False
12612,12,30.0,2010,2022,6,0,267.1333333333333,True,False
12613,12,30.0,2012,2022,1,0,385.7,True,False
12614,12,30.0,2018,2022,7,0,362.3666666666667,True,False
12615,12,30.0,2012,2022,2,0,342.23333333333335,True,False
12616,12,30.0,2011,2022,4,0,312.4,True,False
12617,8,30.0,2013,2022,2,0,394.73333333333335,True,False
12618,8,30.0,2006,2022,7,0,231.9,True,False
12619,8,30.0,2002,2022,4,0,222.86666666666667,True,False
12620,12,30.0,2012,2022,9,0,360.8666666666667,True,False
12621,12,30.0,2010,2022,7,0,317.6333333333333,True,False
12622,12,30.0,2011,2022,8,0,350.0,True,False
12623,12,30.0,2012,2022,2,0,289.06666666666666,True,False
12624,12,30.0,2014,2022,4,0,267.1333333333333,True,False
12625,12,30.0,2012,2022,1,0,343.3333333333333,True,False
12626,12,30.0,2018,2022,1,0,166.66666666666666,False,True
12627,12,30.0,2011,2022,1,0,150.0,False,True
12628,12,30.25,2014,2022,7,0,372.1322314049587,True,False
12629,8,33.0,1987,2022,9,0,260.3939393939394,True,False
12630,8,33.0,1987,2022,9,0,260.3939393939394,True,False
12631,25,33.0,2001,2022,1,0,338.09090909090907,True,False
12632,8,33.0,2010,2022,5,0,262.7878787878788,True,False
12633,8,33.0,2010,2022,6,0,259.75757575757575,True,False
12634,12,33.0,2012,2022,1,0,329.42424242424244,True,False
12635,12,33.0,2011,2022,1,0,281.3939393939394,True,False
12636,12,33.0,2019,2022,5,0,302.3333333333333,True,False
12637,12,33.0,2013,2022,6,0,259.75757575757575,True,False
12638,12,33.0,2012,2022,5,0,378.7878787878788,True,False
12639,12,33.0,2013,2022,2,0,272.030303030303,True,False
12640,12,33.0,2012,2022,6,0,276.6666666666667,True,False
12641,12,33.0,2011,2022,1,0,251.0909090909091,True,False
12642,12,33.0,2019,2022,7,0,350.6363636363636,True,False
12643,12,33.0,2007,2022,2,0,242.84848484848484,True,False
12644,12,33.0,2003,2022,1,0,225.12121212121212,True,False
12645,12,33.0,2016,2022,1,0,151.5151515151515,False,True
12646,12,33.05,2013,2022,4,0,136.15733736762482,False,True
12647,12,33.48,2019,2022,9,0,141.36798088410993,True,False
12648,12,33.78,2019,2022,3,0,140.1124925991711,True,False
12649,12,33.8,2022,2022,9,0,121.50887573964498,True,False
12650,12,35.0,2010,2022,4,0,325.25714285714287,True,False
12651,8,35.0,2007,2022,8,0,251.02857142857144,True,False
12652,12,35.34,2022,2022,9,0,116.213921901528,True,False
12653,12,36.0,2012,2022,1,0,309.9166666666667,True,False
12654,8,36.0,2007,2022,2,0,260.3333333333333,True,False
12655,12,36.0,2012,2022,3,0,432.5,True,False
12656,8,37.0,1987,2022,7,0,201.16216216216216,True,False
12657,12,37.03,2022,2022,8,0,121.14501755333514,True,False
12658,12,37.3,2022,2022,8,0,120.26809651474532,True,False
12659,12,37.57,2022,2022,9,0,97.79079052435453,True,False
12660,12,38.0,2009,2022,8,0,276.3157894736842,True,False
12661,12,39.08,2001,2022,1,0,102.3541453428864,False,True
12662,8,40.0,2012,2022,9,0,221.8,True,False
12663,12,40.0,2012,2022,2,0,256.675,True,False
12664,12,40.2,2022,2022,8,0,94.87562189054725,True,False
12665,12,40.62,2022,2022,8,0,117.45445593303792,True,False
12666,12,44.25,1983,2022,2,0,180.27118644067798,True,False
12667,12,45.0,2010,2022,5,0,321.1777777777778,True,False
12668,12,45.0,2012,2022,2,0,301.2888888888889,True,False
12669,12,45.0,2012,2022,2,0,301.2888888888889,True,False
12670,12,45.39,1982,2022,3,0,171.64573694646398,True,False
12671,12,45.39,1982,2022,4,0,211.0817360652126,True,False
12672,12,46.15,1980,2022,5,0,233.3044420368364,True,False
12673,12,49.5,2012,2022,7,0,222.22222222222223,False,True
12674,12,49.5,2012,2022,7,0,222.22222222222223,False,True
12675,12,49.58,1997,2022,2,0,229.36668011294879,True,False
12676,12,49.83,2018,2022,3,0,292.15332129239414,True,False
12677,8,49.9,1997,2022,9,0,233.72745490981964,True,False
12678,25,50.0,2011,2022,1,0,214.28,True,False
12679,12,50.0,2006,2022,8,0,312.86,True,False
12680,12,50.0,2016,2022,3,0,261.16,True,False
12681,12,50.0,2012,2022,6,0,289.06,True,False
12682,12,54.48,2022,2022,6,0,63.30763582966227,True,False
12683,12,54.48,2022,2022,6,0,75.38546255506608,True,False
12684,12,54.48,2022,2022,7,0,51.9273127753304,True,False
12685,12,54.52,2022,2022,6,0,75.33015407190021,True,False
12686,25,55.0,2013,2022,6,0,271.8727272727273,True,False
12687,12,55.0,2011,2022,2,0,208.6727272727273,True,False
12688,12,55.0,2006,2022,2,0,262.7818181818182,True,False
12689,12,55.0,2011,2022,4,0,208.6727272727273,True,False
12690,12,55.0,2018,2022,7,0,233.76363636363635,True,False
12691,8,56.0,2009,2022,1,0,206.625,True,False
12692,8,56.2,2007,2022,9,0,232.34875444839855,True,False
12693,12,58.0,2016,2022,1,0,251.22413793103448,True,False
12694,12,58.0,2016,2022,1,0,251.22413793103448,True,False
12695,25,58.0,2012,2022,8,0,184.72413793103448,True,False
12696,8,58.13,2022,2022,9,0,75.45157405814554,True,False
12697,8,58.19,2022,2022,8,0,77.0922838975769,True,False
12698,12,59.0,2016,2022,9,0,236.89830508474577,True,False
12699,8,59.0,2010,2022,3,0,182.4915254237288,True,False
12700,25,60.0,2012,2022,4,0,212.4,True,False
12701,12,60.0,2016,2022,3,0,154.65,True,False
12702,12,62.0,2014,2022,6,0,139.8709677419355,True,False
12703,8,62.58,2006,2022,3,0,111.85682326621924,False,True
12704,12,66.0,2016,2022,7,0,188.3181818181818,True,False
12705,12,70.0,2016,2022,6,0,171.42857142857142,False,True
12706,8,73.01,2002,2022,4,0,109.57403095466374,False,True
12707,8,75.5,1966,2022,3,0,92.71523178807946,False,True
12708,12,82.64,1985,2022,5,0,147.18054211035818,True,False
12709,12,85.0,2014,2022,8,0,220.16470588235293,True,False
12710,12,85.0,2014,2022,9,0,218.6,True,False
12711,12,85.95,1988,2022,6,0,143.94415357766144,True,False
12712,12,95.2,1992,2022,2,0,73.52941176470588,False,True
12713,12,95.26,1992,2022,2,0,111.07495276086499,True,False
12714,12,99.09,2016,2022,3,0,146.33161772126348,False,True
12715,12,123.98,2012,2022,1,0,77.19793515083077,True,False
12716,12,129.94,2011,2022,1,0,91.80390949669078,True,False
12717,12,140.0,2018,2022,7,0,92.85714285714286,False,True
12718,12,178.09,2003,2022,5,0,136.593857038576,True,False
12719,12,190.26,2011,2022,1,0,53.61084831283507,True,False
12720,8,202.24,2013,2022,6,0,56.00276898734177,True,False
12721,12,33.0,2006,2022,6,0,268.8484848484849,True,False
12722,12,16.53,2003,2022,4,0,30.24803387779794,False,True
12723,8,19.0,2011,2022,5,0,441.7368421052632,True,False
12724,12,22.0,2012,2022,7,0,477.27272727272725,True,False
12725,12,26.44,2004,2022,3,0,303.10136157337365,True,False
12726,12,26.97,2020,2022,3,0,193.65962180200222,True,False
12727,12,26.97,2020,2022,3,0,161.4015572858732,True,False
12728,12,30.0,2005,2022,2,0,289.06666666666666,True,False
12729,12,30.0,2008,2022,1,0,366.6666666666667,True,False
12730,12,30.0,2013,2022,3,0,295.73333333333335,True,False
12731,12,33.0,2005,2022,2,0,260.3939393939394,True,False
12732,12,33.0,2017,2022,1,0,387.45454545454544,True,False
12733,12,33.0,2017,2022,2,0,339.6666666666667,True,False
12734,8,33.0,2011,2022,4,0,245.87878787878788,True,False
12735,12,33.0,2017,2022,3,0,278.3636363636364,True,False
12736,12,33.0,2004,2022,7,0,239.8181818181818,True,False
12737,12,33.0,2012,2022,8,0,268.8181818181818,True,False
12738,12,33.0,2008,2022,6,0,268.8484848484849,True,False
12739,12,33.0,2011,2022,5,0,327.42424242424244,True,False
12740,12,33.0,2007,2022,6,0,121.21212121212122,False,True
12741,12,38.0,2013,2022,5,0,343.63157894736844,True,False
12742,12,38.0,2012,2022,5,0,226.1315789473684,True,False
12743,8,40.0,2003,2022,5,0,221.8,True,False
12744,8,43.0,2003,2022,9,0,206.32558139534885,True,False
12745,12,43.65,2012,2022,6,0,137.4570446735395,False,True
12746,12,44.56,2007,2022,9,0,307.3384201077199,True,False
12747,12,45.0,2019,2022,5,0,186.55555555555554,True,False
12748,12,48.0,2005,2022,7,0,220.22916666666666,True,False
12749,12,49.5,1996,2022,7,0,193.35353535353536,True,False
12750,12,49.5,1995,2022,7,0,164.5050505050505,True,False
12751,12,49.5,2019,2022,2,0,101.01010101010101,False,True
12752,12,49.5,2019,2022,2,0,101.01010101010101,False,True
12753,8,49.58,1997,2022,4,0,118.61637757160146,True,False
12754,8,49.58,1996,2022,3,0,80.67769261799113,False,True
12755,12,50.0,2000,2022,5,0,169.54,True,False
12756,12,50.0,2004,2022,3,0,159.54,True,False
12757,12,50.0,2017,2022,1,0,208.58,True,False
12758,12,50.0,1996,2022,8,0,177.42,True,False
12759,12,50.0,2012,2022,2,0,227.44,True,False
12760,12,50.0,2018,2022,6,0,170.0,False,True
12761,12,50.0,2008,2022,2,0,140.0,False,True
12762,12,50.0,2006,2022,4,0,160.0,False,True
12763,12,50.0,2006,2022,4,0,170.0,False,True
12764,12,52.0,2010,2022,4,0,261.84615384615387,True,False
12765,12,52.0,2010,2022,2,0,277.9423076923077,True,False
12766,8,54.0,2003,2022,6,0,92.5925925925926,False,True
12767,12,55.0,2017,2022,2,0,208.4181818181818,True,False
12768,12,55.0,2001,2022,7,0,174.01818181818183,True,False
12769,12,56.0,2018,2022,5,0,283.01785714285717,True,False
12770,12,56.0,2002,2022,3,0,153.23214285714286,True,False
12771,25,58.0,2014,2022,4,0,196.06896551724137,True,False
12772,25,59.4,2017,2022,8,0,349.93265993265993,True,False
12773,12,59.5,2005,2022,2,0,109.24369747899159,False,True
12774,12,59.77,2019,2022,4,0,287.53555295298645,True,False
12775,12,60.0,2007,2022,3,0,147.86666666666667,True,False
12776,12,60.0,2014,2022,3,0,320.15,True,False
12777,12,60.68,2005,2022,2,0,292.4192485168095,True,False
12778,12,61.0,2005,2022,2,0,106.55737704918033,False,True
12779,12,65.2,2013,2022,1,0,184.04907975460122,False,True
12780,12,65.65,1988,2022,6,0,118.67479055597866,True,False
12781,12,66.0,2015,2022,8,0,246.75757575757575,True,False
12782,25,75.2,2014,2022,3,0,252.03457446808508,True,False
12783,12,76.8,1995,2022,6,0,105.22135416666667,True,False
12784,12,78.0,2004,2022,1,0,137.35897435897436,True,False
12785,12,78.93,2003,2022,7,0,133.92879766882047,True,False
12786,12,80.0,2017,2022,6,0,250.0,False,True
12787,8,80.79,1995,2022,4,0,128.38222552296077,True,False
12788,12,85.0,2021,2022,9,0,117.6470588235294,False,True
12789,12,90.0,2003,2022,7,0,176.1888888888889,True,False
12790,12,91.2,2004,2022,9,0,202.33552631578948,True,False
12791,12,92.04,2000,2022,7,0,209.53933072577138,True,False
12792,12,95.92,2001,2022,3,0,130.31693077564637,False,True
12793,12,100.13,2000,2022,6,0,89.88315190252672,False,True
12794,12,101.3,2016,2022,3,0,177.69002961500493,False,True
12795,12,102.8,1991,2022,7,0,107.00389105058366,False,True
12796,8,104.01,2012,2022,4,0,116.94067878088644,True,False
12797,12,106.11,1999,2022,9,0,204.91942324003392,True,False
12798,12,115.0,2017,2022,2,0,222.44347826086957,True,False
12799,12,120.46,2011,2022,2,0,64.51104100946372,True,False
12800,12,131.05,2017,2022,7,0,202.75467378863027,True,False
12801,12,142.46,2017,2022,1,0,186.51551312649164,True,False
12802,25,145.04,2017,2022,4,0,240.67153888582462,True,False
12803,8,21.93,2016,2022,6,0,227.99817601459188,False,True
12804,8,30.03,2016,2022,9,0,399.6003996003996,False,True
12805,25,33.0,2011,2022,5,0,347.3636363636364,True,False
12806,12,101.74,1968,2022,7,0,131.99331629644192,True,False
12807,8,192.03,2016,2022,7,0,62.49023590064053,False,True
12808,12,19.0,2003,2022,1,0,381.2105263157895,True,False
12809,12,19.8,2010,2022,4,0,385.60606060606057,True,False
12810,12,19.8,2017,2022,8,0,399.6969696969697,True,False
12811,12,20.0,2001,2022,6,0,345.95,True,False
12812,8,20.0,1989,2022,7,0,147.85,True,False
12813,12,20.0,2003,2022,2,0,214.3,True,False
12814,12,23.0,2018,2022,1,0,373.30434782608694,True,False
12815,12,23.1,2006,2022,6,0,129.87012987012986,False,True
12816,12,24.68,2022,2022,3,0,529.0923824959482,True,False
12817,12,24.68,2022,2022,2,0,575.486223662885,True,False
12818,12,26.0,2012,2022,2,0,373.4230769230769,True,False
12819,8,26.0,1986,2022,5,0,169.03846153846155,True,False
12820,12,26.4,2005,2022,1,0,330.0757575757576,True,False
12821,12,27.0,2015,2022,2,0,317.48148148148147,True,False
12822,12,28.0,2001,2022,9,0,267.0357142857143,True,False
12823,12,28.13,2001,2022,1,0,264.5929612513331,True,False
12824,12,28.13,2001,2022,9,0,258.6917881265553,True,False
12825,12,29.0,2018,2022,5,0,305.9310344827586,True,False
12826,12,29.14,2017,2022,6,0,489.12148249828414,True,False
12827,8,29.6,1988,2022,2,0,148.17567567567568,True,False
12828,12,30.0,2018,2022,4,0,295.73333333333335,True,False
12829,12,30.0,2017,2022,7,0,257.1333333333333,True,False
12830,12,30.0,2015,2022,3,0,285.73333333333335,True,False
12831,12,30.0,2015,2022,3,0,279.76666666666665,True,False
12832,8,30.0,2007,2022,5,0,230.63333333333333,True,False
12833,8,30.0,2020,2022,9,0,378.76666666666665,True,False
12834,12,30.0,2018,2022,2,0,163.16666666666666,True,False
12835,12,30.0,2013,2022,4,0,234.1,True,False
12836,12,30.0,2010,2022,8,0,302.3666666666667,True,False
12837,12,30.0,2014,2022,2,0,249.23333333333332,True,False
12838,12,30.0,2002,2022,4,0,217.3,True,False
12839,12,30.0,2015,2022,7,0,292.3666666666667,True,False
12840,12,30.0,2015,2022,6,0,289.06666666666666,True,False
12841,8,30.0,2014,2022,6,0,342.23333333333335,True,False
12842,12,30.0,2018,2022,6,0,295.73333333333335,True,False
12843,12,30.0,2005,2022,1,0,302.3666666666667,True,False
12844,12,30.0,2012,2022,8,0,302.3666666666667,True,False
12845,12,30.0,2011,2022,3,0,285.73333333333335,True,False
12846,8,30.0,2002,2022,8,0,295.7,True,False
12847,12,30.0,2018,2022,8,0,100.0,False,True
12848,12,30.0,2018,2022,1,0,133.33333333333334,False,True
12849,8,30.0,2008,2022,3,0,150.0,False,True
12850,8,30.0,2008,2022,4,0,150.0,False,True
12851,12,30.0,2013,2022,1,0,133.33333333333334,False,True
12852,12,33.0,2005,2022,3,0,262.7878787878788,True,False
12853,12,33.0,2015,2022,7,0,274.8787878787879,True,False
12854,12,33.0,2017,2022,4,0,349.90909090909093,True,False
12855,12,33.0,2016,2022,1,0,398.6969696969697,True,False
12856,12,33.0,2018,2022,5,0,389.6363636363636,True,False
12857,12,33.0,2011,2022,2,0,259.75757575757575,True,False
12858,12,33.0,2006,2022,2,0,285.1212121212121,True,False
12859,12,33.0,2017,2022,1,0,274.8787878787879,True,False
12860,12,33.0,2009,2022,6,0,245.87878787878788,True,False
12861,12,33.0,2013,2022,4,0,302.030303030303,True,False
12862,8,33.0,2011,2022,5,0,268.8484848484849,True,False
12863,12,33.0,2018,2022,3,0,395.6969696969697,True,False
12864,12,33.0,2016,2022,2,0,285.42424242424244,True,False
12865,12,33.0,2018,2022,6,0,181.8181818181818,False,True
12866,8,33.0,2015,2022,2,0,151.5151515151515,False,True
12867,12,33.0,2014,2022,4,0,136.36363636363637,False,True
12868,12,33.0,2018,2022,1,0,181.8181818181818,False,True
12869,12,33.5,2018,2022,2,0,300.5074626865672,True,False
12870,12,33.5,2018,2022,2,0,164.17910447761193,False,True
12871,8,35.0,2016,2022,3,0,324.65714285714284,True,False
12872,12,35.0,2017,2022,2,0,247.77142857142857,True,False
12873,8,35.0,2018,2022,1,0,261.22857142857146,True,False
12874,8,35.0,2020,2022,1,0,397.9714285714286,True,False
12875,12,35.0,2018,2022,1,0,289.8,True,False
12876,12,35.0,2013,2022,2,0,280.4,True,False
12877,12,35.01,2018,2022,1,0,171.3796058269066,False,True
12878,12,35.9,2018,2022,8,0,167.13091922005572,False,True
12879,12,35.9,2018,2022,8,0,167.13091922005572,False,True
12880,12,36.0,2014,2022,9,0,323.97222222222223,True,False
12881,12,36.0,2017,2022,4,0,240.88888888888889,True,False
12882,12,36.0,2017,2022,2,0,238.36111111111111,True,False
12883,12,36.0,2016,2022,8,0,281.75,True,False
12884,12,36.0,2017,2022,6,0,347.22222222222223,True,False
12885,12,36.12,2019,2022,2,0,166.11295681063123,False,True
12886,8,37.41,1988,2022,8,0,156.56241646618554,True,False
12887,12,38.0,2016,2022,1,0,238.71052631578948,True,False
12888,8,38.0,2020,2022,9,0,380.3421052631579,True,False
12889,12,38.0,2017,2022,8,0,233.44736842105263,True,False
12890,12,38.0,2017,2022,2,0,225.57894736842104,True,False
12891,12,38.0,2017,2022,4,0,246.6315789473684,True,False
12892,12,39.0,2015,2022,2,0,277.05128205128204,True,False
12893,12,40.0,2016,2022,8,0,293.225,True,False
12894,25,40.0,2018,2022,5,0,272.625,True,False
12895,12,40.0,2016,2022,8,0,221.775,True,False
12896,12,40.0,2016,2022,3,0,333.425,True,False
12897,12,40.0,2018,2022,5,0,234.3,True,False
12898,12,40.0,2018,2022,3,0,184.875,True,False
12899,12,40.0,2018,2022,3,0,184.875,True,False
12900,8,40.0,2013,2022,7,0,275.0,True,False
12901,12,40.0,2021,2022,6,0,259.3,True,False
12902,12,40.0,2018,2022,5,0,259.3,True,False
12903,8,40.0,2018,2022,1,0,242.85,True,False
12904,8,40.0,2018,2022,1,0,226.775,True,False
12905,12,40.0,2016,2022,5,0,304.075,True,False
12906,8,40.0,2016,2022,1,0,271.775,True,False
12907,8,40.0,2013,2022,9,0,234.3,True,False
12908,12,40.0,2011,2022,9,0,112.5,False,True
12909,12,40.0,2015,2022,8,0,137.5,False,True
12910,8,41.44,2013,2022,7,0,243.0260617760618,True,False
12911,8,41.44,2013,2022,1,0,208.56660231660234,True,False
12912,8,42.32,1996,2022,1,0,139.74480151228732,True,False
12913,12,45.0,2012,2022,5,0,197.15555555555557,True,False
12914,12,45.0,2018,2022,1,0,257.1333333333333,True,False
12915,8,45.0,2007,2022,1,0,122.22222222222223,False,True
12916,8,45.0,2007,2022,1,0,122.22222222222223,False,True
12917,12,45.0,2017,2022,7,0,133.33333333333334,False,True
12918,12,46.2,2011,2022,8,0,320.04329004329,True,False
12919,8,47.0,1988,2022,7,0,94.23404255319149,True,False
12920,8,47.0,1988,2022,4,0,108.85106382978724,True,False
12921,8,47.41,1997,2022,9,0,159.90297405610633,True,False
12922,12,47.7,2006,2022,1,0,136.26834381551362,False,True
12923,12,48.5,1997,2022,3,0,188.68041237113403,True,False
12924,12,49.0,2011,2022,9,0,248.22448979591837,True,False
12925,8,49.0,1994,2022,2,0,154.71428571428572,True,False
12926,12,49.5,2015,2022,2,0,245.7171717171717,True,False
12927,8,49.5,2012,2022,8,0,229.43434343434345,True,False
12928,12,49.92,2021,2022,2,0,291.5264423076923,True,False
12929,12,50.0,2002,2022,3,0,168.38,True,False
12930,12,50.0,2015,2022,3,0,271.16,True,False
12931,12,50.0,2014,2022,2,0,192.32,True,False
12932,12,50.0,1995,2022,2,0,128.8,True,False
12933,12,50.0,2003,2022,8,0,200.0,True,False
12934,12,50.0,2015,2022,1,0,182.86,True,False
12935,8,50.0,2008,2022,3,0,160.0,False,True
12936,12,50.0,1989,2022,2,0,100.0,False,True
12937,12,50.0,2010,2022,3,0,140.0,False,True
12938,12,50.0,1997,2022,5,0,120.0,False,True
12939,8,50.69,2013,2022,4,0,209.62714539356875,True,False
12940,8,51.0,2011,2022,3,0,107.84313725490196,False,True
12941,8,51.0,2011,2022,3,0,107.84313725490196,False,True
12942,12,51.34,2017,2022,7,0,155.82391897156214,False,True
12943,12,51.73,2013,2022,1,0,154.64913976416008,False,True
12944,8,52.0,2011,2022,1,0,134.6153846153846,False,True
12945,8,52.0,2011,2022,1,0,134.6153846153846,False,True
12946,12,52.3,1994,2022,5,0,186.74952198852773,True,False
12947,8,52.53,2015,2022,9,0,218.2181610508281,True,False
12948,8,52.8,2011,2022,6,0,234.31818181818184,True,False
12949,8,53.0,2007,2022,2,0,147.0,True,False
12950,12,53.0,2001,2022,5,0,141.0754716981132,True,False
12951,12,53.54,2002,2022,6,0,134.21740754576018,True,False
12952,8,53.97,2003,2022,8,0,248.82342041875117,True,False
12953,8,54.0,1995,2022,5,0,147.72222222222223,True,False
12954,12,55.0,2009,2022,2,0,200.85454545454544,True,False
12955,12,55.0,2011,2022,1,0,258.43636363636364,True,False
12956,8,55.0,2012,2022,3,0,206.76363636363635,True,False
12957,8,56.0,2007,2022,2,0,185.21428571428572,True,False
12958,12,56.0,1991,2022,6,0,117.51785714285714,True,False
12959,8,56.0,2007,2022,8,0,165.82142857142858,True,False
12960,12,56.0,2017,2022,8,0,228.32142857142858,True,False
12961,12,56.0,2017,2022,2,0,151.78571428571428,False,True
12962,12,56.1,2004,2022,2,0,170.7843137254902,True,False
12963,12,58.0,2011,2022,4,0,185.63793103448276,True,False
12964,12,58.0,2018,2022,8,0,332.51724137931035,True,False
12965,12,58.0,2018,2022,8,0,332.51724137931035,True,False
12966,12,58.14,2009,2022,7,0,90.50567595459236,True,False
12967,12,59.2,2017,2022,1,0,143.58108108108107,False,True
12968,12,59.25,2022,2022,3,0,281.2320675105485,True,False
12969,8,59.51,1995,2022,7,0,75.61754327003865,False,True
12970,12,60.0,1991,2022,8,0,183.33333333333334,True,False
12971,8,60.0,1991,2022,6,0,94.76666666666667,True,False
12972,12,60.0,2016,2022,6,0,223.65,True,False
12973,12,60.0,2017,2022,5,0,259.3,True,False
12974,12,60.0,2014,2022,9,0,182.95,True,False
12975,12,60.0,1988,2022,1,0,135.71666666666667,True,False
12976,12,60.0,2022,2022,9,0,305.81666666666666,True,False
12977,8,60.0,1987,2022,3,0,151.35,True,False
12978,8,60.0,1995,2022,9,0,83.33333333333333,False,True
12979,12,60.0,2016,2022,7,0,141.66666666666666,False,True
12980,8,60.0,1986,2022,6,0,50.0,False,True
12981,12,60.0,2018,2022,4,0,116.66666666666667,False,True
12982,8,60.43,1990,2022,2,0,153.16895581664735,True,False
12983,12,61.11,1988,2022,1,0,98.18360333824252,False,True
12984,12,62.0,2011,2022,3,0,146.66129032258064,True,False
12985,12,62.8,1996,2022,6,0,163.48726114649682,True,False
12986,12,62.88,1986,2022,1,0,174.93638676844782,True,False
12987,12,62.88,1986,2022,1,0,174.93638676844782,True,False
12988,8,63.06,1985,2022,1,0,122.3279416428798,True,False
12989,8,64.06,1985,2022,3,0,161.91070871058383,True,False
12990,12,64.1,1989,2022,6,0,240.1716068642746,True,False
12991,12,64.47,2016,2022,6,0,135.4118194509074,False,True
12992,8,64.6,1987,2022,3,0,109.61300309597524,True,False
12993,8,65.81,1985,2022,8,0,167.1478498708403,True,False
12994,12,65.95,2020,2022,4,0,128.8855193328279,False,True
12995,8,66.0,1986,2022,4,0,120.86363636363636,True,False
12996,12,66.0,1989,2022,5,0,110.25757575757575,True,False
12997,8,66.0,1988,2022,2,0,152.53030303030303,True,False
12998,12,66.12,2019,2022,5,0,113.43012704174228,False,True
12999,12,66.6,2004,2022,5,0,175.12012012012013,True,False
13000,12,67.17,1993,2022,3,0,175.18237308322168,True,False
13001,12,67.32,1991,2022,5,0,112.89364230540703,False,True
13002,12,67.5,1989,2022,9,0,181.73333333333332,True,False
13003,12,67.95,1981,2022,6,0,133.64238410596025,True,False
13004,8,68.43,1988,2022,2,0,177.74367967265817,True,False
13005,8,68.8,1988,2022,6,0,101.74418604651163,False,True
13006,12,68.94,1985,2022,4,0,135.9442993907746,True,False
13007,12,69.96,1988,2022,3,0,92.91023441966838,False,True
13008,8,70.0,1997,2022,2,0,159.14285714285714,True,False
13009,12,70.14,1988,2022,4,0,146.37867122897063,True,False
13010,12,70.14,1988,2022,4,0,133.6184773310522,True,False
13011,8,70.27,1996,2022,5,0,85.38494378824534,False,True
13012,12,70.58,1982,2022,9,0,146.95381127798242,True,False
13013,12,71.1,1995,2022,2,0,95.51336146272855,True,False
13014,8,71.56,1991,2022,6,0,111.47288988261599,True,False
13015,8,72.44,1988,2022,9,0,150.08282716731088,True,False
13016,8,72.57,1997,2022,6,0,129.1442744935924,True,False
13017,12,73.77,1989,2022,2,0,67.778229632642,False,True
13018,8,73.85,1982,2022,7,0,129.60054163845635,True,False
13019,12,74.21,2010,2022,1,0,219.45829403045414,True,False
13020,12,75.0,2010,2022,1,0,154.28,True,False
13021,12,75.0,2017,2022,3,0,226.36,True,False
13022,12,75.0,2017,2022,3,0,226.36,True,False
13023,12,75.49,1984,2022,8,0,141.92608292489072,True,False
13024,12,75.9,2018,2022,2,0,144.92753623188403,False,True
13025,12,76.0,2017,2022,1,0,184.21052631578948,False,True
13026,8,76.88,1987,2022,4,0,151.70395421436004,True,False
13027,8,77.49,1979,2022,6,0,180.6684733514002,False,True
13028,12,82.63,2005,2022,5,0,145.22570494977612,False,True
13029,12,82.68,2016,2022,2,0,157.93420416061923,True,False
13030,12,82.68,2016,2022,2,0,157.93420416061923,True,False
13031,8,82.8,2008,2022,1,0,143.20048309178745,True,False
13032,12,83.0,2018,2022,6,0,209.3012048192771,True,False
13033,12,83.16,2009,2022,9,0,157.02260702260702,True,False
13034,12,83.22,1997,2022,3,0,96.13073780341264,False,True
13035,8,84.0,2016,2022,3,0,166.66666666666666,False,True
13036,12,85.0,2015,2022,5,0,166.35294117647058,True,False
13037,8,85.24,1992,2022,7,0,187.70530267480058,True,False
13038,12,90.0,1995,2022,9,0,166.14444444444445,True,False
13039,8,90.42,1996,2022,3,0,117.0205706702057,True,False
13040,12,96.09,1990,2022,5,0,62.44146113019045,False,True
13041,12,96.72,1992,2022,6,0,130.07650951199338,True,False
13042,8,99.52,1990,2022,8,0,117.70498392282958,True,False
13043,8,99.93,1985,2022,9,0,120.08405884118882,False,True
13044,12,101.48,2002,2022,5,0,139.7910918407568,True,False
13045,12,101.78,2002,2022,2,0,155.71821575948124,True,False
13046,12,102.96,2006,2022,1,0,110.3049728049728,True,False
13047,12,102.96,2006,2022,1,0,82.55633255633256,False,True
13048,12,105.0,2018,2022,2,0,209.07619047619048,True,False
13049,12,105.15,2017,2022,9,0,142.6533523537803,False,True
13050,12,107.64,2004,2022,2,0,147.2408026755853,True,False
13051,12,109.0,2011,2022,1,0,155.96330275229357,False,True
13052,8,116.64,2009,2022,9,0,169.2729766803841,True,False
13053,12,134.8,1992,2022,8,0,87.75222551928783,True,False
13054,12,152.33,1986,2022,5,0,85.34103590888202,False,True
13055,8,18.0,2017,2022,8,0,487.27777777777777,True,False
13056,8,18.0,2018,2022,1,0,484.1111111111111,True,False
13057,8,19.07,2021,2022,6,0,127.58259045621395,True,False
13058,8,19.07,2021,2022,6,0,127.58259045621395,True,False
13059,8,19.07,2021,2022,6,0,109.38647089669638,True,False
13060,8,19.08,2021,2022,6,0,112.84067085953879,True,False
13061,8,19.22,2021,2022,9,0,100.72840790842872,True,False
13062,8,19.22,2021,2022,8,0,114.46409989594173,True,False
13063,8,20.0,2017,2022,7,0,415.0,True,False
13064,8,21.0,2017,2022,1,0,404.0952380952381,True,False
13065,8,21.0,2017,2022,1,0,412.9047619047619,True,False
13066,8,21.0,1999,2022,1,0,317.6666666666667,True,False
13067,12,21.0,2014,2022,1,0,190.47619047619048,False,True
13068,8,22.0,2017,2022,6,0,394.1818181818182,True,False
13069,8,22.0,2017,2022,1,0,398.6818181818182,True,False
13070,25,22.0,2001,2022,2,0,321.6818181818182,True,False
13071,25,23.25,2017,2022,1,0,451.61290322580646,True,False
13072,12,23.4,2016,2022,1,0,390.7264957264957,True,False
13073,12,23.4,2016,2022,7,0,387.6495726495727,True,False
13074,25,24.0,2017,2022,2,0,369.6666666666667,True,False
13075,8,24.0,2008,2022,2,0,187.5,False,True
13076,8,24.0,2005,2022,2,0,145.83333333333334,False,True
13077,8,24.0,2005,2022,4,0,145.83333333333334,False,True
13078,8,24.0,2000,2022,1,0,187.5,False,True
13079,25,24.0,2011,2022,8,0,208.33333333333334,False,True
13080,12,24.3,2016,2022,1,0,185.1851851851852,False,True
13081,8,24.5,2008,2022,3,0,353.9591836734694,True,False
13082,8,25.0,2002,2022,6,0,402.68,True,False
13083,8,25.0,2018,2022,4,0,342.88,True,False
13084,8,25.0,2012,2022,4,0,346.88,True,False
13085,25,25.0,2011,2022,4,0,466.52,True,False
13086,8,25.0,2017,2022,6,0,327.72,True,False
13087,12,25.0,2013,2022,2,0,343.72,True,False
13088,25,25.0,2011,2022,1,0,234.28,True,False
13089,25,25.0,2011,2022,1,0,297.72,True,False
13090,8,26.44,2001,2022,6,0,246.55824508320725,True,False
13091,8,27.43,2006,2022,3,0,243.31024425811157,True,False
13092,8,27.64,2006,2022,2,0,320.9840810419682,True,False
13093,12,28.0,2001,2022,6,0,339.60714285714283,True,False
13094,8,28.0,2012,2022,6,0,296.17857142857144,True,False
13095,8,28.0,2018,2022,4,0,306.14285714285717,True,False
13096,25,28.0,2016,2022,1,0,316.82142857142856,True,False
13097,25,28.0,2017,2022,2,0,316.85714285714283,True,False
13098,8,28.0,2012,2022,6,0,316.85714285714283,True,False
13099,8,28.0,2007,2022,2,0,142.85714285714286,False,True
13100,8,28.52,2005,2022,7,0,122.72089761570828,False,True
13101,8,29.5,2001,2022,1,0,300.7118644067797,True,False
13102,8,29.7,2016,2022,2,0,411.48148148148147,True,False
13103,8,29.9,2000,2022,6,0,296.7224080267559,True,False
13104,8,29.9,2004,2022,7,0,234.11371237458195,False,True
13105,8,29.9,2004,2022,6,0,234.11371237458195,False,True
13106,8,30.0,2011,2022,5,0,279.76666666666665,True,False
13107,12,30.0,2018,2022,7,0,343.3333333333333,True,False
13108,8,30.0,2000,2022,1,0,302.3666666666667,True,False
13109,8,30.0,2000,2022,2,0,189.36666666666667,True,False
13110,8,30.0,2011,2022,3,0,279.76666666666665,True,False
13111,8,30.0,2012,2022,2,0,289.06666666666666,True,False
13112,12,30.0,2016,2022,2,0,329.06666666666666,True,False
13113,12,30.0,2002,2022,8,0,244.76666666666668,True,False
13114,25,30.0,2011,2022,3,0,270.46666666666664,True,False
13115,8,30.0,2012,2022,2,0,279.76666666666665,True,False
13116,12,30.0,2016,2022,2,0,289.06666666666666,True,False
13117,8,30.0,2019,2022,2,0,358.9,True,False
13118,8,30.0,2011,2022,7,0,295.7,True,False
13119,8,30.0,2012,2022,2,0,285.73333333333335,True,False
13120,8,30.0,2006,2022,2,0,289.06666666666666,True,False
13121,8,30.0,2018,2022,2,0,347.6666666666667,True,False
13122,8,30.0,2012,2022,2,0,289.06666666666666,True,False
13123,8,30.0,2001,2022,1,0,381.43333333333334,True,False
13124,12,30.0,2001,2022,2,0,133.33333333333334,False,True
13125,8,33.0,2013,2022,3,0,268.8484848484849,True,False
13126,8,33.0,2016,2022,1,0,268.8181818181818,True,False
13127,8,33.0,2004,2022,6,0,259.75757575757575,True,False
13128,8,33.0,2012,2022,1,0,268.8181818181818,True,False
13129,12,33.0,2003,2022,2,0,262.7878787878788,True,False
13130,8,33.0,2003,2022,4,0,262.7878787878788,True,False
13131,8,33.0,2001,2022,2,0,353.42424242424244,True,False
13132,8,33.0,2001,2022,2,0,262.7878787878788,True,False
13133,8,33.0,2001,2022,1,0,318.1818181818182,True,False
13134,8,33.0,2007,2022,7,0,290.030303030303,True,False
13135,8,33.0,2001,2022,1,0,355.42424242424244,True,False
13136,8,33.0,2001,2022,1,0,361.4848484848485,True,False
13137,8,33.0,2012,2022,2,0,284.0,True,False
13138,25,33.0,2001,2022,5,0,265.8181818181818,True,False
13139,8,33.0,2012,2022,1,0,265.7878787878788,True,False
13140,25,33.0,2001,2022,4,0,260.3939393939394,True,False
13141,8,33.0,2001,2022,2,0,353.42424242424244,True,False
13142,8,33.0,2013,2022,2,0,311.1212121212121,True,False
13143,8,33.0,2016,2022,2,0,373.5151515151515,True,False
13144,8,33.0,2004,2022,3,0,205.78787878787878,True,False
13145,8,33.0,2008,2022,2,0,262.7878787878788,True,False
13146,8,33.0,2016,2022,2,0,326.27272727272725,True,False
13147,8,33.0,2004,2022,2,0,242.84848484848484,True,False
13148,8,33.0,2001,2022,1,0,352.8181818181818,True,False
13149,8,33.0,2016,2022,7,0,404.75757575757575,True,False
13150,8,33.0,2013,2022,3,0,302.6666666666667,True,False
13151,12,33.0,2016,2022,1,0,312.1212121212121,True,False
13152,8,33.0,2012,2022,6,0,268.8484848484849,True,False
13153,8,33.0,2013,2022,6,0,271.8787878787879,True,False
13154,8,33.0,2008,2022,8,0,225.54545454545453,True,False
13155,8,33.0,2001,2022,2,0,209.66666666666666,True,False
13156,8,33.0,1999,2022,3,0,245.87878787878788,True,False
13157,25,33.0,2001,2022,2,0,268.8484848484849,True,False
13158,8,33.0,2007,2022,2,0,284.0,True,False
13159,8,34.0,2006,2022,5,0,312.52941176470586,True,False
13160,25,34.0,2016,2022,8,0,344.52941176470586,True,False
13161,12,35.0,2016,2022,3,0,253.4857142857143,True,False
13162,8,38.0,2000,2022,1,0,105.26315789473684,False,True
13163,8,39.6,2008,2022,8,0,176.76767676767676,False,True
13164,8,40.0,2002,2022,7,0,264.275,True,False
13165,25,40.0,2002,2022,8,0,352.85,True,False
13166,8,40.0,2016,2022,5,0,284.3,True,False
13167,8,40.0,2000,2022,4,0,211.8,True,False
13168,8,40.0,2001,2022,1,0,171.425,True,False
13169,8,40.0,2001,2022,8,0,100.0,False,True
13170,8,42.0,2016,2022,7,0,209.1904761904762,True,False
13171,8,42.9,2008,2022,5,0,139.86013986013987,False,True
13172,8,45.0,2008,2022,2,0,276.4888888888889,True,False
13173,8,45.0,2008,2022,6,0,332.2888888888889,True,False
13174,8,49.0,2006,2022,1,0,173.46938775510205,False,True
13175,25,50.0,2016,2022,4,0,287.44,True,False
13176,8,50.0,2003,2022,7,0,188.86,True,False
13177,8,50.0,2002,2022,5,0,263.26,True,False
13178,25,50.0,2005,2022,3,0,233.26,True,False
13179,8,50.0,2002,2022,2,0,263.26,True,False
13180,8,50.0,2002,2022,1,0,194.28,True,False
13181,8,50.0,2002,2022,2,0,120.0,False,True
13182,8,50.0,2002,2022,1,0,180.0,False,True
13183,8,50.0,2002,2022,1,0,180.0,False,True
13184,25,52.0,2004,2022,2,0,197.44230769230768,True,False
13185,8,53.0,2004,2022,1,0,113.20754716981132,False,True
13186,8,53.13,2002,2022,1,0,244.68285337850554,False,True
13187,8,54.55,2003,2022,2,0,128.32263978001833,False,True
13188,8,55.0,2003,2022,5,0,161.3090909090909,True,False
13189,8,55.0,2012,2022,8,0,164.92727272727274,True,False
13190,8,55.0,2012,2022,1,0,174.01818181818183,True,False
13191,8,55.0,2009,2022,5,0,246.5090909090909,True,False
13192,12,60.0,2017,2022,3,0,226.93333333333334,True,False
13193,8,66.0,2016,2022,1,0,152.5909090909091,True,False
13194,8,66.0,2016,2022,3,0,172.3030303030303,True,False
13195,8,68.0,2016,2022,2,0,176.47058823529412,False,True
13196,8,70.0,2005,2022,9,0,213.95714285714286,True,False
13197,8,73.7,2008,2022,3,0,135.68521031207598,False,True
13198,12,82.0,2011,2022,9,0,204.8780487804878,False,True
13199,8,84.45,2001,2022,9,0,193.59384251036116,True,False
13200,8,84.95,2002,2022,6,0,110.32371983519717,True,False
13201,8,95.14,2002,2022,9,0,199.21168803867985,True,False
13202,8,95.91,2010,2022,5,0,203.92034198727976,True,False
13203,8,99.0,2003,2022,3,0,143.96969696969697,True,False
13204,8,100.0,2003,2022,2,0,144.53,True,False
13205,8,106.76,2018,2022,5,0,131.13525665043088,False,True
13206,8,122.45,2000,2022,3,0,130.2817476521029,True,False
